Copyright 1986-2020 Xilinx, Inc. All Rights Reserved.
--------------------------------------------------------------------------------------------------------------------------------------------------------------------------
| Tool Version : Vivado v.2020.1 (win64) Build 2902540 Wed May 27 19:54:49 MDT 2020
| Date         : Thu Dec  4 22:46:40 2025
| Host         : TROND-ENVYX360 running 64-bit major release  (build 9200)
| Command      : report_methodology -file DEMO_wrapper_methodology_drc_routed.rpt -pb DEMO_wrapper_methodology_drc_routed.pb -rpx DEMO_wrapper_methodology_drc_routed.rpx
| Design       : DEMO_wrapper
| Device       : xc7z010clg400-1
| Speed File   : -1
| Design State : Fully Routed
--------------------------------------------------------------------------------------------------------------------------------------------------------------------------

Report Methodology

Table of Contents
-----------------
1. REPORT SUMMARY
2. REPORT DETAILS

1. REPORT SUMMARY
-----------------
            Netlist: netlist
          Floorplan: design_1
      Design limits: <entire design considered>
             Max violations: <unlimited>
             Violations found: 790
+-----------+----------+-------------------------------------------------+------------+
| Rule      | Severity | Description                                     | Violations |
+-----------+----------+-------------------------------------------------+------------+
| LUTAR-1   | Warning  | LUT drives async reset alert                    | 4          |
| PDRC-190  | Warning  | Suboptimally placed synchronized register chain | 13         |
| TIMING-9  | Warning  | Unknown CDC Logic                               | 1          |
| TIMING-16 | Warning  | Large setup violation                           | 523        |
| TIMING-18 | Warning  | Missing input or output delay                   | 18         |
| TIMING-46 | Warning  | Multicycle path with tied CE pins               | 230        |
| ULMTCS-2  | Warning  | Control Sets use limits require reduction       | 1          |
+-----------+----------+-------------------------------------------------+------------+

2. REPORT DETAILS
-----------------
LUTAR-1#1 Warning
LUT drives async reset alert  
LUT cell dbg_hub/inst/BSCANID.u_xsdbm_id/CORE_XSDB.UUT_MASTER/U_ICON_INTERFACE/U_CMD6_RD/U_RD_FIFO/SUBCORE_FIFO.xsdbm_v3_0_0_rdfifo_inst/inst_fifo_gen/gconvfifo.rf/grf.rf/rstblk/ngwrdrst.grst.g7serrst.gwrrd_rst_sync_stage[2].rrst_inst/ngwrdrst.grst.g7serrst.rd_rst_reg[2]_i_1, with 2 or more inputs, drives asynchronous preset/clear pin(s) dbg_hub/inst/BSCANID.u_xsdbm_id/CORE_XSDB.UUT_MASTER/U_ICON_INTERFACE/U_CMD6_RD/U_RD_FIFO/SUBCORE_FIFO.xsdbm_v3_0_0_rdfifo_inst/inst_fifo_gen/gconvfifo.rf/grf.rf/rstblk/ngwrdrst.grst.g7serrst.rd_rst_reg_reg[0]/PRE,
dbg_hub/inst/BSCANID.u_xsdbm_id/CORE_XSDB.UUT_MASTER/U_ICON_INTERFACE/U_CMD6_RD/U_RD_FIFO/SUBCORE_FIFO.xsdbm_v3_0_0_rdfifo_inst/inst_fifo_gen/gconvfifo.rf/grf.rf/rstblk/ngwrdrst.grst.g7serrst.rd_rst_reg_reg[1]/PRE,
dbg_hub/inst/BSCANID.u_xsdbm_id/CORE_XSDB.UUT_MASTER/U_ICON_INTERFACE/U_CMD6_RD/U_RD_FIFO/SUBCORE_FIFO.xsdbm_v3_0_0_rdfifo_inst/inst_fifo_gen/gconvfifo.rf/grf.rf/rstblk/ngwrdrst.grst.g7serrst.rd_rst_reg_reg[2]/PRE. The LUT may glitch and trigger an unexpected reset, even if it is a properly timed path.
Related violations: <none>

LUTAR-1#2 Warning
LUT drives async reset alert  
LUT cell dbg_hub/inst/BSCANID.u_xsdbm_id/CORE_XSDB.UUT_MASTER/U_ICON_INTERFACE/U_CMD6_RD/U_RD_FIFO/SUBCORE_FIFO.xsdbm_v3_0_0_rdfifo_inst/inst_fifo_gen/gconvfifo.rf/grf.rf/rstblk/ngwrdrst.grst.g7serrst.gwrrd_rst_sync_stage[2].wrst_inst/ngwrdrst.grst.g7serrst.wr_rst_reg[2]_i_1, with 2 or more inputs, drives asynchronous preset/clear pin(s) dbg_hub/inst/BSCANID.u_xsdbm_id/CORE_XSDB.UUT_MASTER/U_ICON_INTERFACE/U_CMD6_RD/U_RD_FIFO/SUBCORE_FIFO.xsdbm_v3_0_0_rdfifo_inst/inst_fifo_gen/gconvfifo.rf/grf.rf/rstblk/ngwrdrst.grst.g7serrst.wr_rst_reg_reg[0]/PRE,
dbg_hub/inst/BSCANID.u_xsdbm_id/CORE_XSDB.UUT_MASTER/U_ICON_INTERFACE/U_CMD6_RD/U_RD_FIFO/SUBCORE_FIFO.xsdbm_v3_0_0_rdfifo_inst/inst_fifo_gen/gconvfifo.rf/grf.rf/rstblk/ngwrdrst.grst.g7serrst.wr_rst_reg_reg[1]/PRE,
dbg_hub/inst/BSCANID.u_xsdbm_id/CORE_XSDB.UUT_MASTER/U_ICON_INTERFACE/U_CMD6_RD/U_RD_FIFO/SUBCORE_FIFO.xsdbm_v3_0_0_rdfifo_inst/inst_fifo_gen/gconvfifo.rf/grf.rf/rstblk/ngwrdrst.grst.g7serrst.wr_rst_reg_reg[2]/PRE. The LUT may glitch and trigger an unexpected reset, even if it is a properly timed path.
Related violations: <none>

LUTAR-1#3 Warning
LUT drives async reset alert  
LUT cell dbg_hub/inst/BSCANID.u_xsdbm_id/CORE_XSDB.UUT_MASTER/U_ICON_INTERFACE/U_CMD6_WR/U_WR_FIFO/SUBCORE_FIFO.xsdbm_v3_0_0_wrfifo_inst/inst_fifo_gen/gconvfifo.rf/grf.rf/rstblk/ngwrdrst.grst.g7serrst.gwrrd_rst_sync_stage[2].rrst_inst/ngwrdrst.grst.g7serrst.rd_rst_reg[2]_i_1, with 2 or more inputs, drives asynchronous preset/clear pin(s) dbg_hub/inst/BSCANID.u_xsdbm_id/CORE_XSDB.UUT_MASTER/U_ICON_INTERFACE/U_CMD6_WR/U_WR_FIFO/SUBCORE_FIFO.xsdbm_v3_0_0_wrfifo_inst/inst_fifo_gen/gconvfifo.rf/grf.rf/rstblk/ngwrdrst.grst.g7serrst.rd_rst_reg_reg[0]/PRE,
dbg_hub/inst/BSCANID.u_xsdbm_id/CORE_XSDB.UUT_MASTER/U_ICON_INTERFACE/U_CMD6_WR/U_WR_FIFO/SUBCORE_FIFO.xsdbm_v3_0_0_wrfifo_inst/inst_fifo_gen/gconvfifo.rf/grf.rf/rstblk/ngwrdrst.grst.g7serrst.rd_rst_reg_reg[1]/PRE,
dbg_hub/inst/BSCANID.u_xsdbm_id/CORE_XSDB.UUT_MASTER/U_ICON_INTERFACE/U_CMD6_WR/U_WR_FIFO/SUBCORE_FIFO.xsdbm_v3_0_0_wrfifo_inst/inst_fifo_gen/gconvfifo.rf/grf.rf/rstblk/ngwrdrst.grst.g7serrst.rd_rst_reg_reg[2]/PRE. The LUT may glitch and trigger an unexpected reset, even if it is a properly timed path.
Related violations: <none>

LUTAR-1#4 Warning
LUT drives async reset alert  
LUT cell dbg_hub/inst/BSCANID.u_xsdbm_id/CORE_XSDB.UUT_MASTER/U_ICON_INTERFACE/U_CMD6_WR/U_WR_FIFO/SUBCORE_FIFO.xsdbm_v3_0_0_wrfifo_inst/inst_fifo_gen/gconvfifo.rf/grf.rf/rstblk/ngwrdrst.grst.g7serrst.gwrrd_rst_sync_stage[2].wrst_inst/ngwrdrst.grst.g7serrst.wr_rst_reg[2]_i_1, with 2 or more inputs, drives asynchronous preset/clear pin(s) dbg_hub/inst/BSCANID.u_xsdbm_id/CORE_XSDB.UUT_MASTER/U_ICON_INTERFACE/U_CMD6_WR/U_WR_FIFO/SUBCORE_FIFO.xsdbm_v3_0_0_wrfifo_inst/inst_fifo_gen/gconvfifo.rf/grf.rf/rstblk/ngwrdrst.grst.g7serrst.wr_rst_reg_reg[0]/PRE,
dbg_hub/inst/BSCANID.u_xsdbm_id/CORE_XSDB.UUT_MASTER/U_ICON_INTERFACE/U_CMD6_WR/U_WR_FIFO/SUBCORE_FIFO.xsdbm_v3_0_0_wrfifo_inst/inst_fifo_gen/gconvfifo.rf/grf.rf/rstblk/ngwrdrst.grst.g7serrst.wr_rst_reg_reg[1]/PRE,
dbg_hub/inst/BSCANID.u_xsdbm_id/CORE_XSDB.UUT_MASTER/U_ICON_INTERFACE/U_CMD6_WR/U_WR_FIFO/SUBCORE_FIFO.xsdbm_v3_0_0_wrfifo_inst/inst_fifo_gen/gconvfifo.rf/grf.rf/rstblk/ngwrdrst.grst.g7serrst.wr_rst_reg_reg[2]/PRE. The LUT may glitch and trigger an unexpected reset, even if it is a properly timed path.
Related violations: <none>

PDRC-190#1 Warning
Suboptimally placed synchronized register chain  
The FDPE cell DEMO_i/axi_traffic_gen_1/inst/ext_st_sync_flop_1/q_reg in site SLICE_X20Y16 is part of a synchronized register chain that is suboptimally placed as the load FDRE cell DEMO_i/axi_traffic_gen_1/inst/cdc_stop_sync/GENERATE_LEVEL_P_S_CDC.SINGLE_BIT.CROSS_PLEVEL_IN2SCNDRY_IN_cdc_to is not placed in the same (SLICE) site.
Related violations: <none>

PDRC-190#2 Warning
Suboptimally placed synchronized register chain  
The FDPE cell DEMO_i/axi_traffic_gen_1/inst/ext_sync_flop_1/q_reg in site SLICE_X19Y15 is part of a synchronized register chain that is suboptimally placed as the load FDRE cell DEMO_i/axi_traffic_gen_1/inst/cdc_start_sync/GENERATE_LEVEL_P_S_CDC.SINGLE_BIT.CROSS_PLEVEL_IN2SCNDRY_IN_cdc_to is not placed in the same (SLICE) site.
Related violations: <none>

PDRC-190#3 Warning
Suboptimally placed synchronized register chain  
The FDRE cell dbg_hub/inst/BSCANID.u_xsdbm_id/CORE_XSDB.UUT_MASTER/U_ICON_INTERFACE/U_CMD2/stat_reg_reg[0] in site SLICE_X42Y96 is part of a synchronized register chain that is suboptimally placed as the load FDRE cell dbg_hub/inst/BSCANID.u_xsdbm_id/CORE_XSDB.UUT_MASTER/U_ICON_INTERFACE/U_CMD2/stat_reg_1_reg[0] is not placed in the same (SLICE) site.
Related violations: <none>

PDRC-190#4 Warning
Suboptimally placed synchronized register chain  
The FDRE cell dbg_hub/inst/BSCANID.u_xsdbm_id/CORE_XSDB.UUT_MASTER/U_ICON_INTERFACE/U_CMD2/stat_reg_reg[1] in site SLICE_X39Y97 is part of a synchronized register chain that is suboptimally placed as the load FDRE cell dbg_hub/inst/BSCANID.u_xsdbm_id/CORE_XSDB.UUT_MASTER/U_ICON_INTERFACE/U_CMD2/stat_reg_1_reg[1] is not placed in the same (SLICE) site.
Related violations: <none>

PDRC-190#5 Warning
Suboptimally placed synchronized register chain  
The FDRE cell dbg_hub/inst/BSCANID.u_xsdbm_id/CORE_XSDB.UUT_MASTER/U_ICON_INTERFACE/U_CMD2/stat_reg_reg[2] in site SLICE_X37Y97 is part of a synchronized register chain that is suboptimally placed as the load FDRE cell dbg_hub/inst/BSCANID.u_xsdbm_id/CORE_XSDB.UUT_MASTER/U_ICON_INTERFACE/U_CMD2/stat_reg_1_reg[2] is not placed in the same (SLICE) site.
Related violations: <none>

PDRC-190#6 Warning
Suboptimally placed synchronized register chain  
The FDRE cell dbg_hub/inst/BSCANID.u_xsdbm_id/CORE_XSDB.UUT_MASTER/U_ICON_INTERFACE/U_CMD2/stat_reg_reg[3] in site SLICE_X41Y96 is part of a synchronized register chain that is suboptimally placed as the load FDRE cell dbg_hub/inst/BSCANID.u_xsdbm_id/CORE_XSDB.UUT_MASTER/U_ICON_INTERFACE/U_CMD2/stat_reg_1_reg[3] is not placed in the same (SLICE) site.
Related violations: <none>

PDRC-190#7 Warning
Suboptimally placed synchronized register chain  
The FDRE cell dbg_hub/inst/BSCANID.u_xsdbm_id/CORE_XSDB.UUT_MASTER/U_ICON_INTERFACE/U_CMD3/stat_reg_reg[0] in site SLICE_X40Y94 is part of a synchronized register chain that is suboptimally placed as the load FDRE cell dbg_hub/inst/BSCANID.u_xsdbm_id/CORE_XSDB.UUT_MASTER/U_ICON_INTERFACE/U_CMD3/stat_reg_1_reg[0] is not placed in the same (SLICE) site.
Related violations: <none>

PDRC-190#8 Warning
Suboptimally placed synchronized register chain  
The FDRE cell dbg_hub/inst/BSCANID.u_xsdbm_id/CORE_XSDB.UUT_MASTER/U_ICON_INTERFACE/U_CMD3/stat_reg_reg[1] in site SLICE_X43Y96 is part of a synchronized register chain that is suboptimally placed as the load FDRE cell dbg_hub/inst/BSCANID.u_xsdbm_id/CORE_XSDB.UUT_MASTER/U_ICON_INTERFACE/U_CMD3/stat_reg_1_reg[1] is not placed in the same (SLICE) site.
Related violations: <none>

PDRC-190#9 Warning
Suboptimally placed synchronized register chain  
The FDRE cell dbg_hub/inst/BSCANID.u_xsdbm_id/CORE_XSDB.UUT_MASTER/U_ICON_INTERFACE/U_CMD3/stat_reg_reg[2] in site SLICE_X40Y96 is part of a synchronized register chain that is suboptimally placed as the load FDRE cell dbg_hub/inst/BSCANID.u_xsdbm_id/CORE_XSDB.UUT_MASTER/U_ICON_INTERFACE/U_CMD3/stat_reg_1_reg[2] is not placed in the same (SLICE) site.
Related violations: <none>

PDRC-190#10 Warning
Suboptimally placed synchronized register chain  
The FDRE cell dbg_hub/inst/BSCANID.u_xsdbm_id/CORE_XSDB.UUT_MASTER/U_ICON_INTERFACE/U_CMD3/stat_reg_reg[3] in site SLICE_X39Y95 is part of a synchronized register chain that is suboptimally placed as the load FDRE cell dbg_hub/inst/BSCANID.u_xsdbm_id/CORE_XSDB.UUT_MASTER/U_ICON_INTERFACE/U_CMD3/stat_reg_1_reg[3] is not placed in the same (SLICE) site.
Related violations: <none>

PDRC-190#11 Warning
Suboptimally placed synchronized register chain  
The FDRE cell dbg_hub/inst/BSCANID.u_xsdbm_id/CORE_XSDB.UUT_MASTER/U_ICON_INTERFACE/U_CMD7_STAT/stat_reg_reg[0] in site SLICE_X43Y94 is part of a synchronized register chain that is suboptimally placed as the load FDRE cell dbg_hub/inst/BSCANID.u_xsdbm_id/CORE_XSDB.UUT_MASTER/U_ICON_INTERFACE/U_CMD7_STAT/stat_reg_1_reg[0] is not placed in the same (SLICE) site.
Related violations: <none>

PDRC-190#12 Warning
Suboptimally placed synchronized register chain  
The FDRE cell dbg_hub/inst/BSCANID.u_xsdbm_id/CORE_XSDB.UUT_MASTER/U_ICON_INTERFACE/U_CMD7_STAT/stat_reg_reg[1] in site SLICE_X42Y94 is part of a synchronized register chain that is suboptimally placed as the load FDRE cell dbg_hub/inst/BSCANID.u_xsdbm_id/CORE_XSDB.UUT_MASTER/U_ICON_INTERFACE/U_CMD7_STAT/stat_reg_1_reg[1] is not placed in the same (SLICE) site.
Related violations: <none>

PDRC-190#13 Warning
Suboptimally placed synchronized register chain  
The FDRE cell dbg_hub/inst/BSCANID.u_xsdbm_id/CORE_XSDB.UUT_MASTER/U_ICON_INTERFACE/U_CMD7_STAT/stat_reg_reg[2] in site SLICE_X41Y94 is part of a synchronized register chain that is suboptimally placed as the load FDRE cell dbg_hub/inst/BSCANID.u_xsdbm_id/CORE_XSDB.UUT_MASTER/U_ICON_INTERFACE/U_CMD7_STAT/stat_reg_1_reg[2] is not placed in the same (SLICE) site.
Related violations: <none>

TIMING-9#1 Warning
Unknown CDC Logic  
One or more asynchronous Clock Domain Crossing has been detected between 2 clock domains through a set_false_path or a set_clock_groups or set_max_delay -datapath_only constraint but no double-registers logic synchronizer has been found on the side of the capture clock. It is recommended to run report_cdc for a complete and detailed CDC coverage. Please consider using XPM_CDC to avoid Critical severities
Related violations: <none>

TIMING-16#1 Warning
Large setup violation  
There is a large setup violation of -1.005 ns between DEMO_i/rst_ps7_0_50M/U0/ACTIVE_LOW_PR_OUT_DFF[0].FDRE_PER_N/C (clocked by clk_fpga_0) and DEMO_i/axi_timer_2/U0/TC_CORE_I/TIMER_CONTROL_I/captureTrig1_d2_reg/R (clocked by clk_fpga_0). Large setup violations at the end of those stages might be difficult to fix during the post-placement implementation flow and could be the result of non-optimal XDC constraints or non-optimal design architecture
Related violations: <none>

TIMING-16#2 Warning
Large setup violation  
There is a large setup violation of -1.009 ns between DEMO_i/rst_ps7_0_50M/U0/ACTIVE_LOW_PR_OUT_DFF[0].FDRE_PER_N/C (clocked by clk_fpga_0) and DEMO_i/axi_timer_2/U0/TC_CORE_I/COUNTER_0_I/COUNTER_I/INFERRED_GEN.icount_out_reg[14]/R (clocked by clk_fpga_0). Large setup violations at the end of those stages might be difficult to fix during the post-placement implementation flow and could be the result of non-optimal XDC constraints or non-optimal design architecture
Related violations: <none>

TIMING-16#3 Warning
Large setup violation  
There is a large setup violation of -1.009 ns between DEMO_i/rst_ps7_0_50M/U0/ACTIVE_LOW_PR_OUT_DFF[0].FDRE_PER_N/C (clocked by clk_fpga_0) and DEMO_i/axi_timer_2/U0/TC_CORE_I/COUNTER_0_I/COUNTER_I/INFERRED_GEN.icount_out_reg[15]/R (clocked by clk_fpga_0). Large setup violations at the end of those stages might be difficult to fix during the post-placement implementation flow and could be the result of non-optimal XDC constraints or non-optimal design architecture
Related violations: <none>

TIMING-16#4 Warning
Large setup violation  
There is a large setup violation of -1.009 ns between DEMO_i/rst_ps7_0_50M/U0/ACTIVE_LOW_PR_OUT_DFF[0].FDRE_PER_N/C (clocked by clk_fpga_0) and DEMO_i/axi_timer_2/U0/TC_CORE_I/COUNTER_0_I/COUNTER_I/INFERRED_GEN.icount_out_reg[16]/R (clocked by clk_fpga_0). Large setup violations at the end of those stages might be difficult to fix during the post-placement implementation flow and could be the result of non-optimal XDC constraints or non-optimal design architecture
Related violations: <none>

TIMING-16#5 Warning
Large setup violation  
There is a large setup violation of -1.009 ns between DEMO_i/rst_ps7_0_50M/U0/ACTIVE_LOW_PR_OUT_DFF[0].FDRE_PER_N/C (clocked by clk_fpga_0) and DEMO_i/axi_timer_2/U0/TC_CORE_I/COUNTER_0_I/COUNTER_I/INFERRED_GEN.icount_out_reg[17]/R (clocked by clk_fpga_0). Large setup violations at the end of those stages might be difficult to fix during the post-placement implementation flow and could be the result of non-optimal XDC constraints or non-optimal design architecture
Related violations: <none>

TIMING-16#6 Warning
Large setup violation  
There is a large setup violation of -1.009 ns between DEMO_i/rst_ps7_0_50M/U0/ACTIVE_LOW_PR_OUT_DFF[0].FDRE_PER_N/C (clocked by clk_fpga_0) and DEMO_i/axi_timer_2/U0/TC_CORE_I/COUNTER_0_I/COUNTER_I/INFERRED_GEN.icount_out_reg[18]/R (clocked by clk_fpga_0). Large setup violations at the end of those stages might be difficult to fix during the post-placement implementation flow and could be the result of non-optimal XDC constraints or non-optimal design architecture
Related violations: <none>

TIMING-16#7 Warning
Large setup violation  
There is a large setup violation of -1.009 ns between DEMO_i/rst_ps7_0_50M/U0/ACTIVE_LOW_PR_OUT_DFF[0].FDRE_PER_N/C (clocked by clk_fpga_0) and DEMO_i/axi_timer_2/U0/TC_CORE_I/COUNTER_0_I/COUNTER_I/INFERRED_GEN.icount_out_reg[19]/R (clocked by clk_fpga_0). Large setup violations at the end of those stages might be difficult to fix during the post-placement implementation flow and could be the result of non-optimal XDC constraints or non-optimal design architecture
Related violations: <none>

TIMING-16#8 Warning
Large setup violation  
There is a large setup violation of -1.009 ns between DEMO_i/rst_ps7_0_50M/U0/ACTIVE_LOW_PR_OUT_DFF[0].FDRE_PER_N/C (clocked by clk_fpga_0) and DEMO_i/axi_timer_2/U0/TC_CORE_I/COUNTER_0_I/COUNTER_I/INFERRED_GEN.icount_out_reg[20]/R (clocked by clk_fpga_0). Large setup violations at the end of those stages might be difficult to fix during the post-placement implementation flow and could be the result of non-optimal XDC constraints or non-optimal design architecture
Related violations: <none>

TIMING-16#9 Warning
Large setup violation  
There is a large setup violation of -1.009 ns between DEMO_i/rst_ps7_0_50M/U0/ACTIVE_LOW_PR_OUT_DFF[0].FDRE_PER_N/C (clocked by clk_fpga_0) and DEMO_i/axi_timer_2/U0/TC_CORE_I/COUNTER_0_I/COUNTER_I/INFERRED_GEN.icount_out_reg[21]/R (clocked by clk_fpga_0). Large setup violations at the end of those stages might be difficult to fix during the post-placement implementation flow and could be the result of non-optimal XDC constraints or non-optimal design architecture
Related violations: <none>

TIMING-16#10 Warning
Large setup violation  
There is a large setup violation of -1.010 ns between DEMO_i/rst_ps7_0_50M/U0/ACTIVE_LOW_PR_OUT_DFF[0].FDRE_PER_N/C (clocked by clk_fpga_0) and DEMO_i/axi_timer_1/U0/TC_CORE_I/COUNTER_0_I/COUNTER_I/INFERRED_GEN.icount_out_reg[0]/R (clocked by clk_fpga_0). Large setup violations at the end of those stages might be difficult to fix during the post-placement implementation flow and could be the result of non-optimal XDC constraints or non-optimal design architecture
Related violations: <none>

TIMING-16#11 Warning
Large setup violation  
There is a large setup violation of -1.010 ns between DEMO_i/rst_ps7_0_50M/U0/ACTIVE_LOW_PR_OUT_DFF[0].FDRE_PER_N/C (clocked by clk_fpga_0) and DEMO_i/axi_timer_1/U0/TC_CORE_I/COUNTER_0_I/COUNTER_I/INFERRED_GEN.icount_out_reg[18]/R (clocked by clk_fpga_0). Large setup violations at the end of those stages might be difficult to fix during the post-placement implementation flow and could be the result of non-optimal XDC constraints or non-optimal design architecture
Related violations: <none>

TIMING-16#12 Warning
Large setup violation  
There is a large setup violation of -1.010 ns between DEMO_i/rst_ps7_0_50M/U0/ACTIVE_LOW_PR_OUT_DFF[0].FDRE_PER_N/C (clocked by clk_fpga_0) and DEMO_i/axi_timer_1/U0/TC_CORE_I/COUNTER_0_I/COUNTER_I/INFERRED_GEN.icount_out_reg[1]/R (clocked by clk_fpga_0). Large setup violations at the end of those stages might be difficult to fix during the post-placement implementation flow and could be the result of non-optimal XDC constraints or non-optimal design architecture
Related violations: <none>

TIMING-16#13 Warning
Large setup violation  
There is a large setup violation of -1.010 ns between DEMO_i/rst_ps7_0_50M/U0/ACTIVE_LOW_PR_OUT_DFF[0].FDRE_PER_N/C (clocked by clk_fpga_0) and DEMO_i/axi_timer_1/U0/TC_CORE_I/COUNTER_0_I/COUNTER_I/INFERRED_GEN.icount_out_reg[21]/R (clocked by clk_fpga_0). Large setup violations at the end of those stages might be difficult to fix during the post-placement implementation flow and could be the result of non-optimal XDC constraints or non-optimal design architecture
Related violations: <none>

TIMING-16#14 Warning
Large setup violation  
There is a large setup violation of -1.010 ns between DEMO_i/rst_ps7_0_50M/U0/ACTIVE_LOW_PR_OUT_DFF[0].FDRE_PER_N/C (clocked by clk_fpga_0) and DEMO_i/axi_timer_1/U0/TC_CORE_I/COUNTER_0_I/COUNTER_I/INFERRED_GEN.icount_out_reg[26]/R (clocked by clk_fpga_0). Large setup violations at the end of those stages might be difficult to fix during the post-placement implementation flow and could be the result of non-optimal XDC constraints or non-optimal design architecture
Related violations: <none>

TIMING-16#15 Warning
Large setup violation  
There is a large setup violation of -1.010 ns between DEMO_i/rst_ps7_0_50M/U0/ACTIVE_LOW_PR_OUT_DFF[0].FDRE_PER_N/C (clocked by clk_fpga_0) and DEMO_i/axi_timer_1/U0/TC_CORE_I/COUNTER_0_I/COUNTER_I/INFERRED_GEN.icount_out_reg[29]/R (clocked by clk_fpga_0). Large setup violations at the end of those stages might be difficult to fix during the post-placement implementation flow and could be the result of non-optimal XDC constraints or non-optimal design architecture
Related violations: <none>

TIMING-16#16 Warning
Large setup violation  
There is a large setup violation of -1.010 ns between DEMO_i/rst_ps7_0_50M/U0/ACTIVE_LOW_PR_OUT_DFF[0].FDRE_PER_N/C (clocked by clk_fpga_0) and DEMO_i/axi_timer_1/U0/TC_CORE_I/COUNTER_0_I/COUNTER_I/INFERRED_GEN.icount_out_reg[30]/R (clocked by clk_fpga_0). Large setup violations at the end of those stages might be difficult to fix during the post-placement implementation flow and could be the result of non-optimal XDC constraints or non-optimal design architecture
Related violations: <none>

TIMING-16#17 Warning
Large setup violation  
There is a large setup violation of -1.010 ns between DEMO_i/rst_ps7_0_50M/U0/ACTIVE_LOW_PR_OUT_DFF[0].FDRE_PER_N/C (clocked by clk_fpga_0) and DEMO_i/axi_timer_1/U0/TC_CORE_I/COUNTER_0_I/COUNTER_I/INFERRED_GEN.icount_out_reg[31]/R (clocked by clk_fpga_0). Large setup violations at the end of those stages might be difficult to fix during the post-placement implementation flow and could be the result of non-optimal XDC constraints or non-optimal design architecture
Related violations: <none>

TIMING-16#18 Warning
Large setup violation  
There is a large setup violation of -1.015 ns between DEMO_i/rst_ps7_0_50M/U0/ACTIVE_LOW_PR_OUT_DFF[0].FDRE_PER_N/C (clocked by clk_fpga_0) and DEMO_i/axi_timer_1/U0/TC_CORE_I/TIMER_CONTROL_I/TCSR1_GENERATE[22].TCSR1_FF_I/R (clocked by clk_fpga_0). Large setup violations at the end of those stages might be difficult to fix during the post-placement implementation flow and could be the result of non-optimal XDC constraints or non-optimal design architecture
Related violations: <none>

TIMING-16#19 Warning
Large setup violation  
There is a large setup violation of -1.015 ns between DEMO_i/rst_ps7_0_50M/U0/ACTIVE_LOW_PR_OUT_DFF[0].FDRE_PER_N/C (clocked by clk_fpga_0) and DEMO_i/axi_timer_1/U0/TC_CORE_I/TIMER_CONTROL_I/TCSR1_GENERATE[25].TCSR1_FF_I/R (clocked by clk_fpga_0). Large setup violations at the end of those stages might be difficult to fix during the post-placement implementation flow and could be the result of non-optimal XDC constraints or non-optimal design architecture
Related violations: <none>

TIMING-16#20 Warning
Large setup violation  
There is a large setup violation of -1.015 ns between DEMO_i/rst_ps7_0_50M/U0/ACTIVE_LOW_PR_OUT_DFF[0].FDRE_PER_N/C (clocked by clk_fpga_0) and DEMO_i/axi_timer_1/U0/TC_CORE_I/TIMER_CONTROL_I/TCSR1_GENERATE[27].TCSR1_FF_I/R (clocked by clk_fpga_0). Large setup violations at the end of those stages might be difficult to fix during the post-placement implementation flow and could be the result of non-optimal XDC constraints or non-optimal design architecture
Related violations: <none>

TIMING-16#21 Warning
Large setup violation  
There is a large setup violation of -1.015 ns between DEMO_i/rst_ps7_0_50M/U0/ACTIVE_LOW_PR_OUT_DFF[0].FDRE_PER_N/C (clocked by clk_fpga_0) and DEMO_i/axi_timer_1/U0/TC_CORE_I/TIMER_CONTROL_I/TCSR1_GENERATE[31].TCSR1_FF_I/R (clocked by clk_fpga_0). Large setup violations at the end of those stages might be difficult to fix during the post-placement implementation flow and could be the result of non-optimal XDC constraints or non-optimal design architecture
Related violations: <none>

TIMING-16#22 Warning
Large setup violation  
There is a large setup violation of -1.025 ns between DEMO_i/rst_ps7_0_50M/U0/ACTIVE_LOW_PR_OUT_DFF[0].FDRE_PER_N/C (clocked by clk_fpga_0) and DEMO_i/BuzzerBooster_Driver_0/U0/BuzzerBooster_Driver_v1_0_S00_AXI_inst/pwm_counter_reg[0]/R (clocked by clk_fpga_0). Large setup violations at the end of those stages might be difficult to fix during the post-placement implementation flow and could be the result of non-optimal XDC constraints or non-optimal design architecture
Related violations: <none>

TIMING-16#23 Warning
Large setup violation  
There is a large setup violation of -1.025 ns between DEMO_i/rst_ps7_0_50M/U0/ACTIVE_LOW_PR_OUT_DFF[0].FDRE_PER_N/C (clocked by clk_fpga_0) and DEMO_i/BuzzerBooster_Driver_0/U0/BuzzerBooster_Driver_v1_0_S00_AXI_inst/pwm_counter_reg[1]/R (clocked by clk_fpga_0). Large setup violations at the end of those stages might be difficult to fix during the post-placement implementation flow and could be the result of non-optimal XDC constraints or non-optimal design architecture
Related violations: <none>

TIMING-16#24 Warning
Large setup violation  
There is a large setup violation of -1.025 ns between DEMO_i/rst_ps7_0_50M/U0/ACTIVE_LOW_PR_OUT_DFF[0].FDRE_PER_N/C (clocked by clk_fpga_0) and DEMO_i/BuzzerBooster_Driver_0/U0/BuzzerBooster_Driver_v1_0_S00_AXI_inst/pwm_counter_reg[2]/R (clocked by clk_fpga_0). Large setup violations at the end of those stages might be difficult to fix during the post-placement implementation flow and could be the result of non-optimal XDC constraints or non-optimal design architecture
Related violations: <none>

TIMING-16#25 Warning
Large setup violation  
There is a large setup violation of -1.025 ns between DEMO_i/rst_ps7_0_50M/U0/ACTIVE_LOW_PR_OUT_DFF[0].FDRE_PER_N/C (clocked by clk_fpga_0) and DEMO_i/BuzzerBooster_Driver_0/U0/BuzzerBooster_Driver_v1_0_S00_AXI_inst/pwm_counter_reg[3]/R (clocked by clk_fpga_0). Large setup violations at the end of those stages might be difficult to fix during the post-placement implementation flow and could be the result of non-optimal XDC constraints or non-optimal design architecture
Related violations: <none>

TIMING-16#26 Warning
Large setup violation  
There is a large setup violation of -1.034 ns between DEMO_i/rst_ps7_0_50M/U0/ACTIVE_LOW_PR_OUT_DFF[0].FDRE_PER_N/C (clocked by clk_fpga_0) and DEMO_i/axi_timer_1/U0/TC_CORE_I/COUNTER_0_I/LOAD_REG_GEN[23].LOAD_REG_I/R (clocked by clk_fpga_0). Large setup violations at the end of those stages might be difficult to fix during the post-placement implementation flow and could be the result of non-optimal XDC constraints or non-optimal design architecture
Related violations: <none>

TIMING-16#27 Warning
Large setup violation  
There is a large setup violation of -1.034 ns between DEMO_i/rst_ps7_0_50M/U0/ACTIVE_LOW_PR_OUT_DFF[0].FDRE_PER_N/C (clocked by clk_fpga_0) and DEMO_i/axi_timer_1/U0/TC_CORE_I/COUNTER_0_I/LOAD_REG_GEN[27].LOAD_REG_I/R (clocked by clk_fpga_0). Large setup violations at the end of those stages might be difficult to fix during the post-placement implementation flow and could be the result of non-optimal XDC constraints or non-optimal design architecture
Related violations: <none>

TIMING-16#28 Warning
Large setup violation  
There is a large setup violation of -1.034 ns between DEMO_i/rst_ps7_0_50M/U0/ACTIVE_LOW_PR_OUT_DFF[0].FDRE_PER_N/C (clocked by clk_fpga_0) and DEMO_i/axi_timer_1/U0/TC_CORE_I/COUNTER_0_I/LOAD_REG_GEN[30].LOAD_REG_I/R (clocked by clk_fpga_0). Large setup violations at the end of those stages might be difficult to fix during the post-placement implementation flow and could be the result of non-optimal XDC constraints or non-optimal design architecture
Related violations: <none>

TIMING-16#29 Warning
Large setup violation  
There is a large setup violation of -1.034 ns between DEMO_i/rst_ps7_0_50M/U0/ACTIVE_LOW_PR_OUT_DFF[0].FDRE_PER_N/C (clocked by clk_fpga_0) and DEMO_i/axi_timer_1/U0/TC_CORE_I/COUNTER_0_I/LOAD_REG_GEN[31].LOAD_REG_I/R (clocked by clk_fpga_0). Large setup violations at the end of those stages might be difficult to fix during the post-placement implementation flow and could be the result of non-optimal XDC constraints or non-optimal design architecture
Related violations: <none>

TIMING-16#30 Warning
Large setup violation  
There is a large setup violation of -1.036 ns between DEMO_i/rst_ps7_0_50M/U0/ACTIVE_LOW_PR_OUT_DFF[0].FDRE_PER_N/C (clocked by clk_fpga_0) and DEMO_i/axi_iic_0/U0/X_IIC/WRITE_FIFO_CTRL_I/FIFO_RAM[1].SRL16E_I/D (clocked by clk_fpga_0). Large setup violations at the end of those stages might be difficult to fix during the post-placement implementation flow and could be the result of non-optimal XDC constraints or non-optimal design architecture
Related violations: <none>

TIMING-16#31 Warning
Large setup violation  
There is a large setup violation of -1.048 ns between DEMO_i/ps7_0_axi_periph/xbar/inst/gen_sasd.crossbar_sasd_0/m_atarget_enc_reg[3]/C (clocked by clk_fpga_0) and DEMO_i/ps7_0_axi_periph/xbar/inst/gen_sasd.crossbar_sasd_0/reg_slice_r/skid_buffer_reg[13]/D (clocked by clk_fpga_0). Large setup violations at the end of those stages might be difficult to fix during the post-placement implementation flow and could be the result of non-optimal XDC constraints or non-optimal design architecture
Related violations: <none>

TIMING-16#32 Warning
Large setup violation  
There is a large setup violation of -1.055 ns between DEMO_i/rst_ps7_0_50M/U0/ACTIVE_LOW_PR_OUT_DFF[0].FDRE_PER_N/C (clocked by clk_fpga_0) and DEMO_i/axi_timer_1/U0/TC_CORE_I/GEN_SECOND_TIMER.COUNTER_1_I/COUNTER_I/INFERRED_GEN.icount_out_reg[0]/R (clocked by clk_fpga_0). Large setup violations at the end of those stages might be difficult to fix during the post-placement implementation flow and could be the result of non-optimal XDC constraints or non-optimal design architecture
Related violations: <none>

TIMING-16#33 Warning
Large setup violation  
There is a large setup violation of -1.055 ns between DEMO_i/rst_ps7_0_50M/U0/ACTIVE_LOW_PR_OUT_DFF[0].FDRE_PER_N/C (clocked by clk_fpga_0) and DEMO_i/axi_timer_1/U0/TC_CORE_I/GEN_SECOND_TIMER.COUNTER_1_I/COUNTER_I/INFERRED_GEN.icount_out_reg[11]/R (clocked by clk_fpga_0). Large setup violations at the end of those stages might be difficult to fix during the post-placement implementation flow and could be the result of non-optimal XDC constraints or non-optimal design architecture
Related violations: <none>

TIMING-16#34 Warning
Large setup violation  
There is a large setup violation of -1.055 ns between DEMO_i/rst_ps7_0_50M/U0/ACTIVE_LOW_PR_OUT_DFF[0].FDRE_PER_N/C (clocked by clk_fpga_0) and DEMO_i/axi_timer_1/U0/TC_CORE_I/GEN_SECOND_TIMER.COUNTER_1_I/COUNTER_I/INFERRED_GEN.icount_out_reg[12]/R (clocked by clk_fpga_0). Large setup violations at the end of those stages might be difficult to fix during the post-placement implementation flow and could be the result of non-optimal XDC constraints or non-optimal design architecture
Related violations: <none>

TIMING-16#35 Warning
Large setup violation  
There is a large setup violation of -1.055 ns between DEMO_i/rst_ps7_0_50M/U0/ACTIVE_LOW_PR_OUT_DFF[0].FDRE_PER_N/C (clocked by clk_fpga_0) and DEMO_i/axi_timer_1/U0/TC_CORE_I/GEN_SECOND_TIMER.COUNTER_1_I/COUNTER_I/INFERRED_GEN.icount_out_reg[14]/R (clocked by clk_fpga_0). Large setup violations at the end of those stages might be difficult to fix during the post-placement implementation flow and could be the result of non-optimal XDC constraints or non-optimal design architecture
Related violations: <none>

TIMING-16#36 Warning
Large setup violation  
There is a large setup violation of -1.055 ns between DEMO_i/rst_ps7_0_50M/U0/ACTIVE_LOW_PR_OUT_DFF[0].FDRE_PER_N/C (clocked by clk_fpga_0) and DEMO_i/axi_timer_1/U0/TC_CORE_I/GEN_SECOND_TIMER.COUNTER_1_I/COUNTER_I/INFERRED_GEN.icount_out_reg[17]/R (clocked by clk_fpga_0). Large setup violations at the end of those stages might be difficult to fix during the post-placement implementation flow and could be the result of non-optimal XDC constraints or non-optimal design architecture
Related violations: <none>

TIMING-16#37 Warning
Large setup violation  
There is a large setup violation of -1.055 ns between DEMO_i/rst_ps7_0_50M/U0/ACTIVE_LOW_PR_OUT_DFF[0].FDRE_PER_N/C (clocked by clk_fpga_0) and DEMO_i/axi_timer_1/U0/TC_CORE_I/GEN_SECOND_TIMER.COUNTER_1_I/COUNTER_I/INFERRED_GEN.icount_out_reg[1]/R (clocked by clk_fpga_0). Large setup violations at the end of those stages might be difficult to fix during the post-placement implementation flow and could be the result of non-optimal XDC constraints or non-optimal design architecture
Related violations: <none>

TIMING-16#38 Warning
Large setup violation  
There is a large setup violation of -1.055 ns between DEMO_i/rst_ps7_0_50M/U0/ACTIVE_LOW_PR_OUT_DFF[0].FDRE_PER_N/C (clocked by clk_fpga_0) and DEMO_i/axi_timer_1/U0/TC_CORE_I/GEN_SECOND_TIMER.COUNTER_1_I/COUNTER_I/INFERRED_GEN.icount_out_reg[26]/R (clocked by clk_fpga_0). Large setup violations at the end of those stages might be difficult to fix during the post-placement implementation flow and could be the result of non-optimal XDC constraints or non-optimal design architecture
Related violations: <none>

TIMING-16#39 Warning
Large setup violation  
There is a large setup violation of -1.055 ns between DEMO_i/rst_ps7_0_50M/U0/ACTIVE_LOW_PR_OUT_DFF[0].FDRE_PER_N/C (clocked by clk_fpga_0) and DEMO_i/axi_timer_1/U0/TC_CORE_I/GEN_SECOND_TIMER.COUNTER_1_I/COUNTER_I/INFERRED_GEN.icount_out_reg[29]/R (clocked by clk_fpga_0). Large setup violations at the end of those stages might be difficult to fix during the post-placement implementation flow and could be the result of non-optimal XDC constraints or non-optimal design architecture
Related violations: <none>

TIMING-16#40 Warning
Large setup violation  
There is a large setup violation of -1.062 ns between DEMO_i/ps7_0_axi_periph/xbar/inst/gen_sasd.crossbar_sasd_0/m_atarget_enc_reg[3]/C (clocked by clk_fpga_0) and DEMO_i/ps7_0_axi_periph/xbar/inst/gen_sasd.crossbar_sasd_0/reg_slice_r/skid_buffer_reg[24]/D (clocked by clk_fpga_0). Large setup violations at the end of those stages might be difficult to fix during the post-placement implementation flow and could be the result of non-optimal XDC constraints or non-optimal design architecture
Related violations: <none>

TIMING-16#41 Warning
Large setup violation  
There is a large setup violation of -1.065 ns between DEMO_i/rst_ps7_0_50M/U0/ACTIVE_LOW_PR_OUT_DFF[0].FDRE_PER_N/C (clocked by clk_fpga_0) and DEMO_i/BuzzerBooster_Driver_0/U0/BuzzerBooster_Driver_v1_0_S00_AXI_inst/duration_counter_reg[12]/R (clocked by clk_fpga_0). Large setup violations at the end of those stages might be difficult to fix during the post-placement implementation flow and could be the result of non-optimal XDC constraints or non-optimal design architecture
Related violations: <none>

TIMING-16#42 Warning
Large setup violation  
There is a large setup violation of -1.065 ns between DEMO_i/rst_ps7_0_50M/U0/ACTIVE_LOW_PR_OUT_DFF[0].FDRE_PER_N/C (clocked by clk_fpga_0) and DEMO_i/BuzzerBooster_Driver_0/U0/BuzzerBooster_Driver_v1_0_S00_AXI_inst/duration_counter_reg[13]/R (clocked by clk_fpga_0). Large setup violations at the end of those stages might be difficult to fix during the post-placement implementation flow and could be the result of non-optimal XDC constraints or non-optimal design architecture
Related violations: <none>

TIMING-16#43 Warning
Large setup violation  
There is a large setup violation of -1.065 ns between DEMO_i/rst_ps7_0_50M/U0/ACTIVE_LOW_PR_OUT_DFF[0].FDRE_PER_N/C (clocked by clk_fpga_0) and DEMO_i/BuzzerBooster_Driver_0/U0/BuzzerBooster_Driver_v1_0_S00_AXI_inst/duration_counter_reg[14]/R (clocked by clk_fpga_0). Large setup violations at the end of those stages might be difficult to fix during the post-placement implementation flow and could be the result of non-optimal XDC constraints or non-optimal design architecture
Related violations: <none>

TIMING-16#44 Warning
Large setup violation  
There is a large setup violation of -1.065 ns between DEMO_i/rst_ps7_0_50M/U0/ACTIVE_LOW_PR_OUT_DFF[0].FDRE_PER_N/C (clocked by clk_fpga_0) and DEMO_i/BuzzerBooster_Driver_0/U0/BuzzerBooster_Driver_v1_0_S00_AXI_inst/duration_counter_reg[15]/R (clocked by clk_fpga_0). Large setup violations at the end of those stages might be difficult to fix during the post-placement implementation flow and could be the result of non-optimal XDC constraints or non-optimal design architecture
Related violations: <none>

TIMING-16#45 Warning
Large setup violation  
There is a large setup violation of -1.084 ns between DEMO_i/ps7_0_axi_periph/xbar/inst/gen_sasd.crossbar_sasd_0/m_atarget_enc_reg[3]/C (clocked by clk_fpga_0) and DEMO_i/ps7_0_axi_periph/xbar/inst/gen_sasd.crossbar_sasd_0/reg_slice_r/skid_buffer_reg[25]/D (clocked by clk_fpga_0). Large setup violations at the end of those stages might be difficult to fix during the post-placement implementation flow and could be the result of non-optimal XDC constraints or non-optimal design architecture
Related violations: <none>

TIMING-16#46 Warning
Large setup violation  
There is a large setup violation of -1.099 ns between DEMO_i/rst_ps7_0_50M/U0/ACTIVE_LOW_PR_OUT_DFF[0].FDRE_PER_N/C (clocked by clk_fpga_0) and DEMO_i/axi_iic_0/U0/X_IIC/REG_INTERFACE_I/cr_i_reg[2]/R (clocked by clk_fpga_0). Large setup violations at the end of those stages might be difficult to fix during the post-placement implementation flow and could be the result of non-optimal XDC constraints or non-optimal design architecture
Related violations: <none>

TIMING-16#47 Warning
Large setup violation  
There is a large setup violation of -1.099 ns between DEMO_i/rst_ps7_0_50M/U0/ACTIVE_LOW_PR_OUT_DFF[0].FDRE_PER_N/C (clocked by clk_fpga_0) and DEMO_i/axi_iic_0/U0/X_IIC/REG_INTERFACE_I/sr_i_reg[1]/R (clocked by clk_fpga_0). Large setup violations at the end of those stages might be difficult to fix during the post-placement implementation flow and could be the result of non-optimal XDC constraints or non-optimal design architecture
Related violations: <none>

TIMING-16#48 Warning
Large setup violation  
There is a large setup violation of -1.099 ns between DEMO_i/rst_ps7_0_50M/U0/ACTIVE_LOW_PR_OUT_DFF[0].FDRE_PER_N/C (clocked by clk_fpga_0) and DEMO_i/axi_iic_0/U0/X_IIC/REG_INTERFACE_I/sr_i_reg[3]/R (clocked by clk_fpga_0). Large setup violations at the end of those stages might be difficult to fix during the post-placement implementation flow and could be the result of non-optimal XDC constraints or non-optimal design architecture
Related violations: <none>

TIMING-16#49 Warning
Large setup violation  
There is a large setup violation of -1.099 ns between DEMO_i/rst_ps7_0_50M/U0/ACTIVE_LOW_PR_OUT_DFF[0].FDRE_PER_N/C (clocked by clk_fpga_0) and DEMO_i/axi_iic_0/U0/X_IIC/REG_INTERFACE_I/sr_i_reg[4]/R (clocked by clk_fpga_0). Large setup violations at the end of those stages might be difficult to fix during the post-placement implementation flow and could be the result of non-optimal XDC constraints or non-optimal design architecture
Related violations: <none>

TIMING-16#50 Warning
Large setup violation  
There is a large setup violation of -1.099 ns between DEMO_i/rst_ps7_0_50M/U0/ACTIVE_LOW_PR_OUT_DFF[0].FDRE_PER_N/C (clocked by clk_fpga_0) and DEMO_i/axi_iic_0/U0/X_IIC/REG_INTERFACE_I/sr_i_reg[7]/R (clocked by clk_fpga_0). Large setup violations at the end of those stages might be difficult to fix during the post-placement implementation flow and could be the result of non-optimal XDC constraints or non-optimal design architecture
Related violations: <none>

TIMING-16#51 Warning
Large setup violation  
There is a large setup violation of -1.099 ns between DEMO_i/rst_ps7_0_50M/U0/ACTIVE_LOW_PR_OUT_DFF[0].FDRE_PER_N/C (clocked by clk_fpga_0) and DEMO_i/axi_iic_0/U0/X_IIC/X_AXI_IPIF_SSP1/X_INTERRUPT_CONTROL/GEN_IP_IRPT_STATUS_REG[0].GEN_REG_STATUS.ip_irpt_status_reg_reg[0]/R (clocked by clk_fpga_0). Large setup violations at the end of those stages might be difficult to fix during the post-placement implementation flow and could be the result of non-optimal XDC constraints or non-optimal design architecture
Related violations: <none>

TIMING-16#52 Warning
Large setup violation  
There is a large setup violation of -1.103 ns between DEMO_i/rst_ps7_0_50M/U0/ACTIVE_LOW_PR_OUT_DFF[0].FDRE_PER_N/C (clocked by clk_fpga_0) and DEMO_i/BuzzerBooster_Driver_0/U0/BuzzerBooster_Driver_v1_0_S00_AXI_inst/duty_cycle_reg[6]/R (clocked by clk_fpga_0). Large setup violations at the end of those stages might be difficult to fix during the post-placement implementation flow and could be the result of non-optimal XDC constraints or non-optimal design architecture
Related violations: <none>

TIMING-16#53 Warning
Large setup violation  
There is a large setup violation of -1.103 ns between DEMO_i/rst_ps7_0_50M/U0/ACTIVE_LOW_PR_OUT_DFF[0].FDRE_PER_N/C (clocked by clk_fpga_0) and DEMO_i/BuzzerBooster_Driver_0/U0/BuzzerBooster_Driver_v1_0_S00_AXI_inst/duty_cycle_reg[7]/R (clocked by clk_fpga_0). Large setup violations at the end of those stages might be difficult to fix during the post-placement implementation flow and could be the result of non-optimal XDC constraints or non-optimal design architecture
Related violations: <none>

TIMING-16#54 Warning
Large setup violation  
There is a large setup violation of -1.103 ns between DEMO_i/rst_ps7_0_50M/U0/ACTIVE_LOW_PR_OUT_DFF[0].FDRE_PER_N/C (clocked by clk_fpga_0) and DEMO_i/BuzzerBooster_Driver_0/U0/BuzzerBooster_Driver_v1_0_S00_AXI_inst/duty_cycle_reg[8]/R (clocked by clk_fpga_0). Large setup violations at the end of those stages might be difficult to fix during the post-placement implementation flow and could be the result of non-optimal XDC constraints or non-optimal design architecture
Related violations: <none>

TIMING-16#55 Warning
Large setup violation  
There is a large setup violation of -1.111 ns between DEMO_i/rst_ps7_0_50M/U0/ACTIVE_LOW_PR_OUT_DFF[0].FDRE_PER_N/C (clocked by clk_fpga_0) and DEMO_i/axi_timer_1/U0/TC_CORE_I/GEN_SECOND_TIMER.COUNTER_1_I/LOAD_REG_GEN[0].LOAD_REG_I/R (clocked by clk_fpga_0). Large setup violations at the end of those stages might be difficult to fix during the post-placement implementation flow and could be the result of non-optimal XDC constraints or non-optimal design architecture
Related violations: <none>

TIMING-16#56 Warning
Large setup violation  
There is a large setup violation of -1.111 ns between DEMO_i/rst_ps7_0_50M/U0/ACTIVE_LOW_PR_OUT_DFF[0].FDRE_PER_N/C (clocked by clk_fpga_0) and DEMO_i/axi_timer_1/U0/TC_CORE_I/GEN_SECOND_TIMER.COUNTER_1_I/LOAD_REG_GEN[1].LOAD_REG_I/R (clocked by clk_fpga_0). Large setup violations at the end of those stages might be difficult to fix during the post-placement implementation flow and could be the result of non-optimal XDC constraints or non-optimal design architecture
Related violations: <none>

TIMING-16#57 Warning
Large setup violation  
There is a large setup violation of -1.111 ns between DEMO_i/rst_ps7_0_50M/U0/ACTIVE_LOW_PR_OUT_DFF[0].FDRE_PER_N/C (clocked by clk_fpga_0) and DEMO_i/axi_timer_1/U0/TC_CORE_I/GEN_SECOND_TIMER.COUNTER_1_I/LOAD_REG_GEN[31].LOAD_REG_I/R (clocked by clk_fpga_0). Large setup violations at the end of those stages might be difficult to fix during the post-placement implementation flow and could be the result of non-optimal XDC constraints or non-optimal design architecture
Related violations: <none>

TIMING-16#58 Warning
Large setup violation  
There is a large setup violation of -1.111 ns between DEMO_i/rst_ps7_0_50M/U0/ACTIVE_LOW_PR_OUT_DFF[0].FDRE_PER_N/C (clocked by clk_fpga_0) and DEMO_i/axi_timer_1/U0/TC_CORE_I/GEN_SECOND_TIMER.COUNTER_1_I/LOAD_REG_GEN[5].LOAD_REG_I/R (clocked by clk_fpga_0). Large setup violations at the end of those stages might be difficult to fix during the post-placement implementation flow and could be the result of non-optimal XDC constraints or non-optimal design architecture
Related violations: <none>

TIMING-16#59 Warning
Large setup violation  
There is a large setup violation of -1.115 ns between DEMO_i/ps7_0_axi_periph/xbar/inst/gen_sasd.crossbar_sasd_0/m_atarget_enc_reg[3]/C (clocked by clk_fpga_0) and DEMO_i/ps7_0_axi_periph/xbar/inst/gen_sasd.crossbar_sasd_0/reg_slice_r/skid_buffer_reg[6]/D (clocked by clk_fpga_0). Large setup violations at the end of those stages might be difficult to fix during the post-placement implementation flow and could be the result of non-optimal XDC constraints or non-optimal design architecture
Related violations: <none>

TIMING-16#60 Warning
Large setup violation  
There is a large setup violation of -1.118 ns between DEMO_i/ps7_0_axi_periph/xbar/inst/gen_sasd.crossbar_sasd_0/m_atarget_enc_reg[3]/C (clocked by clk_fpga_0) and DEMO_i/ps7_0_axi_periph/xbar/inst/gen_sasd.crossbar_sasd_0/reg_slice_r/m_payload_i_reg[24]/D (clocked by clk_fpga_0). Large setup violations at the end of those stages might be difficult to fix during the post-placement implementation flow and could be the result of non-optimal XDC constraints or non-optimal design architecture
Related violations: <none>

TIMING-16#61 Warning
Large setup violation  
There is a large setup violation of -1.125 ns between DEMO_i/ps7_0_axi_periph/xbar/inst/gen_sasd.crossbar_sasd_0/m_atarget_enc_reg[0]/C (clocked by clk_fpga_0) and DEMO_i/ps7_0_axi_periph/xbar/inst/gen_sasd.crossbar_sasd_0/addr_arbiter_inst/gen_no_arbiter.m_valid_i_reg/D (clocked by clk_fpga_0). Large setup violations at the end of those stages might be difficult to fix during the post-placement implementation flow and could be the result of non-optimal XDC constraints or non-optimal design architecture
Related violations: <none>

TIMING-16#62 Warning
Large setup violation  
There is a large setup violation of -1.132 ns between DEMO_i/rst_ps7_0_50M/U0/ACTIVE_LOW_PR_OUT_DFF[0].FDRE_PER_N/C (clocked by clk_fpga_0) and DEMO_i/BuzzerBooster_Driver_0/U0/BuzzerBooster_Driver_v1_0_S00_AXI_inst/duty_cycle_reg[18]/R (clocked by clk_fpga_0). Large setup violations at the end of those stages might be difficult to fix during the post-placement implementation flow and could be the result of non-optimal XDC constraints or non-optimal design architecture
Related violations: <none>

TIMING-16#63 Warning
Large setup violation  
There is a large setup violation of -1.132 ns between DEMO_i/rst_ps7_0_50M/U0/ACTIVE_LOW_PR_OUT_DFF[0].FDRE_PER_N/C (clocked by clk_fpga_0) and DEMO_i/BuzzerBooster_Driver_0/U0/BuzzerBooster_Driver_v1_0_S00_AXI_inst/duty_cycle_reg[19]/R (clocked by clk_fpga_0). Large setup violations at the end of those stages might be difficult to fix during the post-placement implementation flow and could be the result of non-optimal XDC constraints or non-optimal design architecture
Related violations: <none>

TIMING-16#64 Warning
Large setup violation  
There is a large setup violation of -1.132 ns between DEMO_i/rst_ps7_0_50M/U0/ACTIVE_LOW_PR_OUT_DFF[0].FDRE_PER_N/C (clocked by clk_fpga_0) and DEMO_i/BuzzerBooster_Driver_0/U0/BuzzerBooster_Driver_v1_0_S00_AXI_inst/duty_cycle_reg[21]/R (clocked by clk_fpga_0). Large setup violations at the end of those stages might be difficult to fix during the post-placement implementation flow and could be the result of non-optimal XDC constraints or non-optimal design architecture
Related violations: <none>

TIMING-16#65 Warning
Large setup violation  
There is a large setup violation of -1.132 ns between DEMO_i/rst_ps7_0_50M/U0/ACTIVE_LOW_PR_OUT_DFF[0].FDRE_PER_N/C (clocked by clk_fpga_0) and DEMO_i/BuzzerBooster_Driver_0/U0/BuzzerBooster_Driver_v1_0_S00_AXI_inst/note_end_reg/R (clocked by clk_fpga_0). Large setup violations at the end of those stages might be difficult to fix during the post-placement implementation flow and could be the result of non-optimal XDC constraints or non-optimal design architecture
Related violations: <none>

TIMING-16#66 Warning
Large setup violation  
There is a large setup violation of -1.132 ns between DEMO_i/rst_ps7_0_50M/U0/ACTIVE_LOW_PR_OUT_DFF[0].FDRE_PER_N/C (clocked by clk_fpga_0) and DEMO_i/BuzzerBooster_Driver_0/U0/BuzzerBooster_Driver_v1_0_S00_AXI_inst/volume_buffer_reg[1]/R (clocked by clk_fpga_0). Large setup violations at the end of those stages might be difficult to fix during the post-placement implementation flow and could be the result of non-optimal XDC constraints or non-optimal design architecture
Related violations: <none>

TIMING-16#67 Warning
Large setup violation  
There is a large setup violation of -1.132 ns between DEMO_i/rst_ps7_0_50M/U0/ACTIVE_LOW_PR_OUT_DFF[0].FDRE_PER_N/C (clocked by clk_fpga_0) and DEMO_i/axi_iic_0/U0/X_IIC/X_AXI_IPIF_SSP1/X_INTERRUPT_CONTROL/ip_irpt_enable_reg_reg[0]/R (clocked by clk_fpga_0). Large setup violations at the end of those stages might be difficult to fix during the post-placement implementation flow and could be the result of non-optimal XDC constraints or non-optimal design architecture
Related violations: <none>

TIMING-16#68 Warning
Large setup violation  
There is a large setup violation of -1.132 ns between DEMO_i/rst_ps7_0_50M/U0/ACTIVE_LOW_PR_OUT_DFF[0].FDRE_PER_N/C (clocked by clk_fpga_0) and DEMO_i/axi_iic_0/U0/X_IIC/X_AXI_IPIF_SSP1/X_INTERRUPT_CONTROL/ip_irpt_enable_reg_reg[1]/R (clocked by clk_fpga_0). Large setup violations at the end of those stages might be difficult to fix during the post-placement implementation flow and could be the result of non-optimal XDC constraints or non-optimal design architecture
Related violations: <none>

TIMING-16#69 Warning
Large setup violation  
There is a large setup violation of -1.132 ns between DEMO_i/rst_ps7_0_50M/U0/ACTIVE_LOW_PR_OUT_DFF[0].FDRE_PER_N/C (clocked by clk_fpga_0) and DEMO_i/axi_iic_0/U0/X_IIC/X_AXI_IPIF_SSP1/X_INTERRUPT_CONTROL/ip_irpt_enable_reg_reg[2]/R (clocked by clk_fpga_0). Large setup violations at the end of those stages might be difficult to fix during the post-placement implementation flow and could be the result of non-optimal XDC constraints or non-optimal design architecture
Related violations: <none>

TIMING-16#70 Warning
Large setup violation  
There is a large setup violation of -1.132 ns between DEMO_i/rst_ps7_0_50M/U0/ACTIVE_LOW_PR_OUT_DFF[0].FDRE_PER_N/C (clocked by clk_fpga_0) and DEMO_i/axi_iic_0/U0/X_IIC/X_AXI_IPIF_SSP1/X_INTERRUPT_CONTROL/ip_irpt_enable_reg_reg[3]/R (clocked by clk_fpga_0). Large setup violations at the end of those stages might be difficult to fix during the post-placement implementation flow and could be the result of non-optimal XDC constraints or non-optimal design architecture
Related violations: <none>

TIMING-16#71 Warning
Large setup violation  
There is a large setup violation of -1.132 ns between DEMO_i/rst_ps7_0_50M/U0/ACTIVE_LOW_PR_OUT_DFF[0].FDRE_PER_N/C (clocked by clk_fpga_0) and DEMO_i/axi_iic_0/U0/X_IIC/X_AXI_IPIF_SSP1/X_INTERRUPT_CONTROL/ip_irpt_enable_reg_reg[4]/R (clocked by clk_fpga_0). Large setup violations at the end of those stages might be difficult to fix during the post-placement implementation flow and could be the result of non-optimal XDC constraints or non-optimal design architecture
Related violations: <none>

TIMING-16#72 Warning
Large setup violation  
There is a large setup violation of -1.132 ns between DEMO_i/rst_ps7_0_50M/U0/ACTIVE_LOW_PR_OUT_DFF[0].FDRE_PER_N/C (clocked by clk_fpga_0) and DEMO_i/axi_iic_0/U0/X_IIC/X_AXI_IPIF_SSP1/X_INTERRUPT_CONTROL/ip_irpt_enable_reg_reg[5]/R (clocked by clk_fpga_0). Large setup violations at the end of those stages might be difficult to fix during the post-placement implementation flow and could be the result of non-optimal XDC constraints or non-optimal design architecture
Related violations: <none>

TIMING-16#73 Warning
Large setup violation  
There is a large setup violation of -1.132 ns between DEMO_i/rst_ps7_0_50M/U0/ACTIVE_LOW_PR_OUT_DFF[0].FDRE_PER_N/C (clocked by clk_fpga_0) and DEMO_i/axi_iic_0/U0/X_IIC/X_AXI_IPIF_SSP1/X_INTERRUPT_CONTROL/ip_irpt_enable_reg_reg[6]/R (clocked by clk_fpga_0). Large setup violations at the end of those stages might be difficult to fix during the post-placement implementation flow and could be the result of non-optimal XDC constraints or non-optimal design architecture
Related violations: <none>

TIMING-16#74 Warning
Large setup violation  
There is a large setup violation of -1.132 ns between DEMO_i/rst_ps7_0_50M/U0/ACTIVE_LOW_PR_OUT_DFF[0].FDRE_PER_N/C (clocked by clk_fpga_0) and DEMO_i/axi_iic_0/U0/X_IIC/X_AXI_IPIF_SSP1/X_INTERRUPT_CONTROL/ip_irpt_enable_reg_reg[7]/R (clocked by clk_fpga_0). Large setup violations at the end of those stages might be difficult to fix during the post-placement implementation flow and could be the result of non-optimal XDC constraints or non-optimal design architecture
Related violations: <none>

TIMING-16#75 Warning
Large setup violation  
There is a large setup violation of -1.140 ns between DEMO_i/ps7_0_axi_periph/xbar/inst/gen_sasd.crossbar_sasd_0/m_atarget_enc_reg[3]/C (clocked by clk_fpga_0) and DEMO_i/ps7_0_axi_periph/xbar/inst/gen_sasd.crossbar_sasd_0/reg_slice_r/skid_buffer_reg[22]/D (clocked by clk_fpga_0). Large setup violations at the end of those stages might be difficult to fix during the post-placement implementation flow and could be the result of non-optimal XDC constraints or non-optimal design architecture
Related violations: <none>

TIMING-16#76 Warning
Large setup violation  
There is a large setup violation of -1.142 ns between DEMO_i/rst_ps7_0_50M/U0/ACTIVE_LOW_PR_OUT_DFF[0].FDRE_PER_N/C (clocked by clk_fpga_0) and DEMO_i/axi_timer_2/U0/TC_CORE_I/GEN_SECOND_TIMER.COUNTER_1_I/LOAD_REG_GEN[15].LOAD_REG_I/R (clocked by clk_fpga_0). Large setup violations at the end of those stages might be difficult to fix during the post-placement implementation flow and could be the result of non-optimal XDC constraints or non-optimal design architecture
Related violations: <none>

TIMING-16#77 Warning
Large setup violation  
There is a large setup violation of -1.142 ns between DEMO_i/rst_ps7_0_50M/U0/ACTIVE_LOW_PR_OUT_DFF[0].FDRE_PER_N/C (clocked by clk_fpga_0) and DEMO_i/axi_timer_2/U0/TC_CORE_I/GEN_SECOND_TIMER.COUNTER_1_I/LOAD_REG_GEN[16].LOAD_REG_I/R (clocked by clk_fpga_0). Large setup violations at the end of those stages might be difficult to fix during the post-placement implementation flow and could be the result of non-optimal XDC constraints or non-optimal design architecture
Related violations: <none>

TIMING-16#78 Warning
Large setup violation  
There is a large setup violation of -1.142 ns between DEMO_i/rst_ps7_0_50M/U0/ACTIVE_LOW_PR_OUT_DFF[0].FDRE_PER_N/C (clocked by clk_fpga_0) and DEMO_i/axi_timer_2/U0/TC_CORE_I/GEN_SECOND_TIMER.COUNTER_1_I/LOAD_REG_GEN[20].LOAD_REG_I/R (clocked by clk_fpga_0). Large setup violations at the end of those stages might be difficult to fix during the post-placement implementation flow and could be the result of non-optimal XDC constraints or non-optimal design architecture
Related violations: <none>

TIMING-16#79 Warning
Large setup violation  
There is a large setup violation of -1.142 ns between DEMO_i/rst_ps7_0_50M/U0/ACTIVE_LOW_PR_OUT_DFF[0].FDRE_PER_N/C (clocked by clk_fpga_0) and DEMO_i/axi_timer_2/U0/TC_CORE_I/GEN_SECOND_TIMER.COUNTER_1_I/LOAD_REG_GEN[23].LOAD_REG_I/R (clocked by clk_fpga_0). Large setup violations at the end of those stages might be difficult to fix during the post-placement implementation flow and could be the result of non-optimal XDC constraints or non-optimal design architecture
Related violations: <none>

TIMING-16#80 Warning
Large setup violation  
There is a large setup violation of -1.144 ns between DEMO_i/rst_ps7_0_50M/U0/ACTIVE_LOW_PR_OUT_DFF[0].FDRE_PER_N/C (clocked by clk_fpga_0) and DEMO_i/BuzzerBooster_Driver_0/U0/BuzzerBooster_Driver_v1_0_S00_AXI_inst/pwm_counter_reg[10]/R (clocked by clk_fpga_0). Large setup violations at the end of those stages might be difficult to fix during the post-placement implementation flow and could be the result of non-optimal XDC constraints or non-optimal design architecture
Related violations: <none>

TIMING-16#81 Warning
Large setup violation  
There is a large setup violation of -1.144 ns between DEMO_i/rst_ps7_0_50M/U0/ACTIVE_LOW_PR_OUT_DFF[0].FDRE_PER_N/C (clocked by clk_fpga_0) and DEMO_i/BuzzerBooster_Driver_0/U0/BuzzerBooster_Driver_v1_0_S00_AXI_inst/pwm_counter_reg[11]/R (clocked by clk_fpga_0). Large setup violations at the end of those stages might be difficult to fix during the post-placement implementation flow and could be the result of non-optimal XDC constraints or non-optimal design architecture
Related violations: <none>

TIMING-16#82 Warning
Large setup violation  
There is a large setup violation of -1.144 ns between DEMO_i/rst_ps7_0_50M/U0/ACTIVE_LOW_PR_OUT_DFF[0].FDRE_PER_N/C (clocked by clk_fpga_0) and DEMO_i/BuzzerBooster_Driver_0/U0/BuzzerBooster_Driver_v1_0_S00_AXI_inst/pwm_counter_reg[8]/R (clocked by clk_fpga_0). Large setup violations at the end of those stages might be difficult to fix during the post-placement implementation flow and could be the result of non-optimal XDC constraints or non-optimal design architecture
Related violations: <none>

TIMING-16#83 Warning
Large setup violation  
There is a large setup violation of -1.144 ns between DEMO_i/rst_ps7_0_50M/U0/ACTIVE_LOW_PR_OUT_DFF[0].FDRE_PER_N/C (clocked by clk_fpga_0) and DEMO_i/BuzzerBooster_Driver_0/U0/BuzzerBooster_Driver_v1_0_S00_AXI_inst/pwm_counter_reg[9]/R (clocked by clk_fpga_0). Large setup violations at the end of those stages might be difficult to fix during the post-placement implementation flow and could be the result of non-optimal XDC constraints or non-optimal design architecture
Related violations: <none>

TIMING-16#84 Warning
Large setup violation  
There is a large setup violation of -1.144 ns between DEMO_i/rst_ps7_0_50M/U0/ACTIVE_LOW_PR_OUT_DFF[0].FDRE_PER_N/C (clocked by clk_fpga_0) and DEMO_i/axi_timer_2/U0/TC_CORE_I/TIMER_CONTROL_I/TCSR1_GENERATE[25].TCSR1_FF_I/R (clocked by clk_fpga_0). Large setup violations at the end of those stages might be difficult to fix during the post-placement implementation flow and could be the result of non-optimal XDC constraints or non-optimal design architecture
Related violations: <none>

TIMING-16#85 Warning
Large setup violation  
There is a large setup violation of -1.144 ns between DEMO_i/rst_ps7_0_50M/U0/ACTIVE_LOW_PR_OUT_DFF[0].FDRE_PER_N/C (clocked by clk_fpga_0) and DEMO_i/axi_timer_2/U0/TC_CORE_I/TIMER_CONTROL_I/TCSR1_GENERATE[27].TCSR1_FF_I/R (clocked by clk_fpga_0). Large setup violations at the end of those stages might be difficult to fix during the post-placement implementation flow and could be the result of non-optimal XDC constraints or non-optimal design architecture
Related violations: <none>

TIMING-16#86 Warning
Large setup violation  
There is a large setup violation of -1.144 ns between DEMO_i/rst_ps7_0_50M/U0/ACTIVE_LOW_PR_OUT_DFF[0].FDRE_PER_N/C (clocked by clk_fpga_0) and DEMO_i/axi_timer_2/U0/TC_CORE_I/TIMER_CONTROL_I/TCSR1_GENERATE[28].TCSR1_FF_I/R (clocked by clk_fpga_0). Large setup violations at the end of those stages might be difficult to fix during the post-placement implementation flow and could be the result of non-optimal XDC constraints or non-optimal design architecture
Related violations: <none>

TIMING-16#87 Warning
Large setup violation  
There is a large setup violation of -1.144 ns between DEMO_i/rst_ps7_0_50M/U0/ACTIVE_LOW_PR_OUT_DFF[0].FDRE_PER_N/C (clocked by clk_fpga_0) and DEMO_i/axi_timer_2/U0/TC_CORE_I/TIMER_CONTROL_I/TCSR1_GENERATE[31].TCSR1_FF_I/R (clocked by clk_fpga_0). Large setup violations at the end of those stages might be difficult to fix during the post-placement implementation flow and could be the result of non-optimal XDC constraints or non-optimal design architecture
Related violations: <none>

TIMING-16#88 Warning
Large setup violation  
There is a large setup violation of -1.158 ns between DEMO_i/rst_ps7_0_50M/U0/ACTIVE_LOW_PR_OUT_DFF[0].FDRE_PER_N/C (clocked by clk_fpga_0) and DEMO_i/axi_timer_1/U0/TC_CORE_I/GEN_SECOND_TIMER.COUNTER_1_I/COUNTER_I/INFERRED_GEN.icount_out_reg[30]/R (clocked by clk_fpga_0). Large setup violations at the end of those stages might be difficult to fix during the post-placement implementation flow and could be the result of non-optimal XDC constraints or non-optimal design architecture
Related violations: <none>

TIMING-16#89 Warning
Large setup violation  
There is a large setup violation of -1.158 ns between DEMO_i/rst_ps7_0_50M/U0/ACTIVE_LOW_PR_OUT_DFF[0].FDRE_PER_N/C (clocked by clk_fpga_0) and DEMO_i/axi_timer_1/U0/TC_CORE_I/GEN_SECOND_TIMER.COUNTER_1_I/COUNTER_I/INFERRED_GEN.icount_out_reg[31]/R (clocked by clk_fpga_0). Large setup violations at the end of those stages might be difficult to fix during the post-placement implementation flow and could be the result of non-optimal XDC constraints or non-optimal design architecture
Related violations: <none>

TIMING-16#90 Warning
Large setup violation  
There is a large setup violation of -1.165 ns between DEMO_i/ps7_0_axi_periph/xbar/inst/gen_sasd.crossbar_sasd_0/m_atarget_enc_reg[3]/C (clocked by clk_fpga_0) and DEMO_i/ps7_0_axi_periph/xbar/inst/gen_sasd.crossbar_sasd_0/reg_slice_r/m_payload_i_reg[22]/D (clocked by clk_fpga_0). Large setup violations at the end of those stages might be difficult to fix during the post-placement implementation flow and could be the result of non-optimal XDC constraints or non-optimal design architecture
Related violations: <none>

TIMING-16#91 Warning
Large setup violation  
There is a large setup violation of -1.171 ns between DEMO_i/ps7_0_axi_periph/xbar/inst/gen_sasd.crossbar_sasd_0/m_atarget_enc_reg[3]/C (clocked by clk_fpga_0) and DEMO_i/ps7_0_axi_periph/xbar/inst/gen_sasd.crossbar_sasd_0/reg_slice_r/m_payload_i_reg[23]/D (clocked by clk_fpga_0). Large setup violations at the end of those stages might be difficult to fix during the post-placement implementation flow and could be the result of non-optimal XDC constraints or non-optimal design architecture
Related violations: <none>

TIMING-16#92 Warning
Large setup violation  
There is a large setup violation of -1.184 ns between DEMO_i/rst_ps7_0_50M/U0/ACTIVE_LOW_PR_OUT_DFF[0].FDRE_PER_N/C (clocked by clk_fpga_0) and DEMO_i/axi_iic_0/U0/X_IIC/X_AXI_IPIF_SSP1/AXI_LITE_IPIF_I/I_SLAVE_ATTACHMENT/I_DECODER/GEN_BKEND_CE_REGISTERS[19].ce_out_i_reg[19]/R (clocked by clk_fpga_0). Large setup violations at the end of those stages might be difficult to fix during the post-placement implementation flow and could be the result of non-optimal XDC constraints or non-optimal design architecture
Related violations: <none>

TIMING-16#93 Warning
Large setup violation  
There is a large setup violation of -1.184 ns between DEMO_i/rst_ps7_0_50M/U0/ACTIVE_LOW_PR_OUT_DFF[0].FDRE_PER_N/C (clocked by clk_fpga_0) and DEMO_i/axi_iic_0/U0/X_IIC/X_AXI_IPIF_SSP1/AXI_LITE_IPIF_I/I_SLAVE_ATTACHMENT/I_DECODER/GEN_BKEND_CE_REGISTERS[23].ce_out_i_reg[23]/R (clocked by clk_fpga_0). Large setup violations at the end of those stages might be difficult to fix during the post-placement implementation flow and could be the result of non-optimal XDC constraints or non-optimal design architecture
Related violations: <none>

TIMING-16#94 Warning
Large setup violation  
There is a large setup violation of -1.184 ns between DEMO_i/rst_ps7_0_50M/U0/ACTIVE_LOW_PR_OUT_DFF[0].FDRE_PER_N/C (clocked by clk_fpga_0) and DEMO_i/axi_iic_0/U0/X_IIC/X_AXI_IPIF_SSP1/AXI_LITE_IPIF_I/I_SLAVE_ATTACHMENT/I_DECODER/GEN_BKEND_CE_REGISTERS[27].ce_out_i_reg[27]/R (clocked by clk_fpga_0). Large setup violations at the end of those stages might be difficult to fix during the post-placement implementation flow and could be the result of non-optimal XDC constraints or non-optimal design architecture
Related violations: <none>

TIMING-16#95 Warning
Large setup violation  
There is a large setup violation of -1.184 ns between DEMO_i/rst_ps7_0_50M/U0/ACTIVE_LOW_PR_OUT_DFF[0].FDRE_PER_N/C (clocked by clk_fpga_0) and DEMO_i/axi_iic_0/U0/X_IIC/X_AXI_IPIF_SSP1/AXI_LITE_IPIF_I/I_SLAVE_ATTACHMENT/I_DECODER/GEN_BKEND_CE_REGISTERS[34].ce_out_i_reg[34]/R (clocked by clk_fpga_0). Large setup violations at the end of those stages might be difficult to fix during the post-placement implementation flow and could be the result of non-optimal XDC constraints or non-optimal design architecture
Related violations: <none>

TIMING-16#96 Warning
Large setup violation  
There is a large setup violation of -1.185 ns between DEMO_i/rst_ps7_0_50M/U0/ACTIVE_LOW_PR_OUT_DFF[0].FDRE_PER_N/C (clocked by clk_fpga_0) and DEMO_i/BuzzerBooster_Driver_0/U0/BuzzerBooster_Driver_v1_0_S00_AXI_inst/duty_cycle3__1_i_10_psdsp/CE (clocked by clk_fpga_0). Large setup violations at the end of those stages might be difficult to fix during the post-placement implementation flow and could be the result of non-optimal XDC constraints or non-optimal design architecture
Related violations: <none>

TIMING-16#97 Warning
Large setup violation  
There is a large setup violation of -1.185 ns between DEMO_i/rst_ps7_0_50M/U0/ACTIVE_LOW_PR_OUT_DFF[0].FDRE_PER_N/C (clocked by clk_fpga_0) and DEMO_i/BuzzerBooster_Driver_0/U0/BuzzerBooster_Driver_v1_0_S00_AXI_inst/duty_cycle3__1_i_2_psdsp/CE (clocked by clk_fpga_0). Large setup violations at the end of those stages might be difficult to fix during the post-placement implementation flow and could be the result of non-optimal XDC constraints or non-optimal design architecture
Related violations: <none>

TIMING-16#98 Warning
Large setup violation  
There is a large setup violation of -1.185 ns between DEMO_i/rst_ps7_0_50M/U0/ACTIVE_LOW_PR_OUT_DFF[0].FDRE_PER_N/C (clocked by clk_fpga_0) and DEMO_i/BuzzerBooster_Driver_0/U0/BuzzerBooster_Driver_v1_0_S00_AXI_inst/duty_cycle3__1_i_5_psdsp/CE (clocked by clk_fpga_0). Large setup violations at the end of those stages might be difficult to fix during the post-placement implementation flow and could be the result of non-optimal XDC constraints or non-optimal design architecture
Related violations: <none>

TIMING-16#99 Warning
Large setup violation  
There is a large setup violation of -1.185 ns between DEMO_i/rst_ps7_0_50M/U0/ACTIVE_LOW_PR_OUT_DFF[0].FDRE_PER_N/C (clocked by clk_fpga_0) and DEMO_i/BuzzerBooster_Driver_0/U0/BuzzerBooster_Driver_v1_0_S00_AXI_inst/duty_cycle3__1_i_8_psdsp/CE (clocked by clk_fpga_0). Large setup violations at the end of those stages might be difficult to fix during the post-placement implementation flow and could be the result of non-optimal XDC constraints or non-optimal design architecture
Related violations: <none>

TIMING-16#100 Warning
Large setup violation  
There is a large setup violation of -1.195 ns between DEMO_i/ps7_0_axi_periph/xbar/inst/gen_sasd.crossbar_sasd_0/m_atarget_enc_reg[3]/C (clocked by clk_fpga_0) and DEMO_i/ps7_0_axi_periph/xbar/inst/gen_sasd.crossbar_sasd_0/reg_slice_r/m_payload_i_reg[34]/D (clocked by clk_fpga_0). Large setup violations at the end of those stages might be difficult to fix during the post-placement implementation flow and could be the result of non-optimal XDC constraints or non-optimal design architecture
Related violations: <none>

TIMING-16#101 Warning
Large setup violation  
There is a large setup violation of -1.197 ns between DEMO_i/rst_ps7_0_50M/U0/ACTIVE_LOW_PR_OUT_DFF[0].FDRE_PER_N/C (clocked by clk_fpga_0) and DEMO_i/BuzzerBooster_Driver_0/U0/BuzzerBooster_Driver_v1_0_S00_AXI_inst/pwm_cycles_reg[1]/CE (clocked by clk_fpga_0). Large setup violations at the end of those stages might be difficult to fix during the post-placement implementation flow and could be the result of non-optimal XDC constraints or non-optimal design architecture
Related violations: <none>

TIMING-16#102 Warning
Large setup violation  
There is a large setup violation of -1.197 ns between DEMO_i/rst_ps7_0_50M/U0/ACTIVE_LOW_PR_OUT_DFF[0].FDRE_PER_N/C (clocked by clk_fpga_0) and DEMO_i/BuzzerBooster_Driver_0/U0/BuzzerBooster_Driver_v1_0_S00_AXI_inst/pwm_cycles_reg[2]/CE (clocked by clk_fpga_0). Large setup violations at the end of those stages might be difficult to fix during the post-placement implementation flow and could be the result of non-optimal XDC constraints or non-optimal design architecture
Related violations: <none>

TIMING-16#103 Warning
Large setup violation  
There is a large setup violation of -1.197 ns between DEMO_i/rst_ps7_0_50M/U0/ACTIVE_LOW_PR_OUT_DFF[0].FDRE_PER_N/C (clocked by clk_fpga_0) and DEMO_i/BuzzerBooster_Driver_0/U0/BuzzerBooster_Driver_v1_0_S00_AXI_inst/pwm_cycles_reg[3]/CE (clocked by clk_fpga_0). Large setup violations at the end of those stages might be difficult to fix during the post-placement implementation flow and could be the result of non-optimal XDC constraints or non-optimal design architecture
Related violations: <none>

TIMING-16#104 Warning
Large setup violation  
There is a large setup violation of -1.207 ns between DEMO_i/ps7_0_axi_periph/xbar/inst/gen_sasd.crossbar_sasd_0/m_atarget_enc_reg[3]/C (clocked by clk_fpga_0) and DEMO_i/ps7_0_axi_periph/xbar/inst/gen_sasd.crossbar_sasd_0/reg_slice_r/skid_buffer_reg[9]/D (clocked by clk_fpga_0). Large setup violations at the end of those stages might be difficult to fix during the post-placement implementation flow and could be the result of non-optimal XDC constraints or non-optimal design architecture
Related violations: <none>

TIMING-16#105 Warning
Large setup violation  
There is a large setup violation of -1.212 ns between DEMO_i/rst_ps7_0_50M/U0/ACTIVE_LOW_PR_OUT_DFF[0].FDRE_PER_N/C (clocked by clk_fpga_0) and DEMO_i/BuzzerBooster_Driver_0/U0/BuzzerBooster_Driver_v1_0_S00_AXI_inst/duration_counter_reg[16]/R (clocked by clk_fpga_0). Large setup violations at the end of those stages might be difficult to fix during the post-placement implementation flow and could be the result of non-optimal XDC constraints or non-optimal design architecture
Related violations: <none>

TIMING-16#106 Warning
Large setup violation  
There is a large setup violation of -1.212 ns between DEMO_i/rst_ps7_0_50M/U0/ACTIVE_LOW_PR_OUT_DFF[0].FDRE_PER_N/C (clocked by clk_fpga_0) and DEMO_i/BuzzerBooster_Driver_0/U0/BuzzerBooster_Driver_v1_0_S00_AXI_inst/duration_counter_reg[17]/R (clocked by clk_fpga_0). Large setup violations at the end of those stages might be difficult to fix during the post-placement implementation flow and could be the result of non-optimal XDC constraints or non-optimal design architecture
Related violations: <none>

TIMING-16#107 Warning
Large setup violation  
There is a large setup violation of -1.212 ns between DEMO_i/rst_ps7_0_50M/U0/ACTIVE_LOW_PR_OUT_DFF[0].FDRE_PER_N/C (clocked by clk_fpga_0) and DEMO_i/BuzzerBooster_Driver_0/U0/BuzzerBooster_Driver_v1_0_S00_AXI_inst/duration_counter_reg[18]/R (clocked by clk_fpga_0). Large setup violations at the end of those stages might be difficult to fix during the post-placement implementation flow and could be the result of non-optimal XDC constraints or non-optimal design architecture
Related violations: <none>

TIMING-16#108 Warning
Large setup violation  
There is a large setup violation of -1.212 ns between DEMO_i/rst_ps7_0_50M/U0/ACTIVE_LOW_PR_OUT_DFF[0].FDRE_PER_N/C (clocked by clk_fpga_0) and DEMO_i/BuzzerBooster_Driver_0/U0/BuzzerBooster_Driver_v1_0_S00_AXI_inst/duration_counter_reg[19]/R (clocked by clk_fpga_0). Large setup violations at the end of those stages might be difficult to fix during the post-placement implementation flow and could be the result of non-optimal XDC constraints or non-optimal design architecture
Related violations: <none>

TIMING-16#109 Warning
Large setup violation  
There is a large setup violation of -1.217 ns between DEMO_i/ps7_0_axi_periph/xbar/inst/gen_sasd.crossbar_sasd_0/m_atarget_enc_reg[3]/C (clocked by clk_fpga_0) and DEMO_i/ps7_0_axi_periph/xbar/inst/gen_sasd.crossbar_sasd_0/reg_slice_r/m_payload_i_reg[8]/D (clocked by clk_fpga_0). Large setup violations at the end of those stages might be difficult to fix during the post-placement implementation flow and could be the result of non-optimal XDC constraints or non-optimal design architecture
Related violations: <none>

TIMING-16#110 Warning
Large setup violation  
There is a large setup violation of -1.221 ns between DEMO_i/rst_ps7_0_50M/U0/ACTIVE_LOW_PR_OUT_DFF[0].FDRE_PER_N/C (clocked by clk_fpga_0) and DEMO_i/axi_iic_0/U0/X_IIC/REG_INTERFACE_I/FIFO_GEN_DTR.Tx_fifo_rd_reg/R (clocked by clk_fpga_0). Large setup violations at the end of those stages might be difficult to fix during the post-placement implementation flow and could be the result of non-optimal XDC constraints or non-optimal design architecture
Related violations: <none>

TIMING-16#111 Warning
Large setup violation  
There is a large setup violation of -1.221 ns between DEMO_i/rst_ps7_0_50M/U0/ACTIVE_LOW_PR_OUT_DFF[0].FDRE_PER_N/C (clocked by clk_fpga_0) and DEMO_i/axi_iic_0/U0/X_IIC/REG_INTERFACE_I/IIC2Bus_IntrEvent_reg[0]/R (clocked by clk_fpga_0). Large setup violations at the end of those stages might be difficult to fix during the post-placement implementation flow and could be the result of non-optimal XDC constraints or non-optimal design architecture
Related violations: <none>

TIMING-16#112 Warning
Large setup violation  
There is a large setup violation of -1.221 ns between DEMO_i/rst_ps7_0_50M/U0/ACTIVE_LOW_PR_OUT_DFF[0].FDRE_PER_N/C (clocked by clk_fpga_0) and DEMO_i/axi_iic_0/U0/X_IIC/REG_INTERFACE_I/cr_i_reg[5]/R (clocked by clk_fpga_0). Large setup violations at the end of those stages might be difficult to fix during the post-placement implementation flow and could be the result of non-optimal XDC constraints or non-optimal design architecture
Related violations: <none>

TIMING-16#113 Warning
Large setup violation  
There is a large setup violation of -1.221 ns between DEMO_i/rst_ps7_0_50M/U0/ACTIVE_LOW_PR_OUT_DFF[0].FDRE_PER_N/C (clocked by clk_fpga_0) and DEMO_i/axi_iic_0/U0/X_IIC/REG_INTERFACE_I/msms_d1_reg/R (clocked by clk_fpga_0). Large setup violations at the end of those stages might be difficult to fix during the post-placement implementation flow and could be the result of non-optimal XDC constraints or non-optimal design architecture
Related violations: <none>

TIMING-16#114 Warning
Large setup violation  
There is a large setup violation of -1.221 ns between DEMO_i/rst_ps7_0_50M/U0/ACTIVE_LOW_PR_OUT_DFF[0].FDRE_PER_N/C (clocked by clk_fpga_0) and DEMO_i/axi_iic_0/U0/X_IIC/REG_INTERFACE_I/msms_set_i_reg/R (clocked by clk_fpga_0). Large setup violations at the end of those stages might be difficult to fix during the post-placement implementation flow and could be the result of non-optimal XDC constraints or non-optimal design architecture
Related violations: <none>

TIMING-16#115 Warning
Large setup violation  
There is a large setup violation of -1.221 ns between DEMO_i/rst_ps7_0_50M/U0/ACTIVE_LOW_PR_OUT_DFF[0].FDRE_PER_N/C (clocked by clk_fpga_0) and DEMO_i/axi_iic_0/U0/X_IIC/Tx_fifo_rd_d_reg/R (clocked by clk_fpga_0). Large setup violations at the end of those stages might be difficult to fix during the post-placement implementation flow and could be the result of non-optimal XDC constraints or non-optimal design architecture
Related violations: <none>

TIMING-16#116 Warning
Large setup violation  
There is a large setup violation of -1.224 ns between DEMO_i/rst_ps7_0_50M/U0/ACTIVE_LOW_PR_OUT_DFF[0].FDRE_PER_N/C (clocked by clk_fpga_0) and DEMO_i/axi_timer_1/U0/TC_CORE_I/COUNTER_0_I/LOAD_REG_GEN[21].LOAD_REG_I/R (clocked by clk_fpga_0). Large setup violations at the end of those stages might be difficult to fix during the post-placement implementation flow and could be the result of non-optimal XDC constraints or non-optimal design architecture
Related violations: <none>

TIMING-16#117 Warning
Large setup violation  
There is a large setup violation of -1.224 ns between DEMO_i/rst_ps7_0_50M/U0/ACTIVE_LOW_PR_OUT_DFF[0].FDRE_PER_N/C (clocked by clk_fpga_0) and DEMO_i/axi_timer_1/U0/TC_CORE_I/COUNTER_0_I/LOAD_REG_GEN[28].LOAD_REG_I/R (clocked by clk_fpga_0). Large setup violations at the end of those stages might be difficult to fix during the post-placement implementation flow and could be the result of non-optimal XDC constraints or non-optimal design architecture
Related violations: <none>

TIMING-16#118 Warning
Large setup violation  
There is a large setup violation of -1.227 ns between DEMO_i/rst_ps7_0_50M/U0/ACTIVE_LOW_PR_OUT_DFF[0].FDRE_PER_N/C (clocked by clk_fpga_0) and DEMO_i/BuzzerBooster_Driver_0/U0/BuzzerBooster_Driver_v1_0_S00_AXI_inst/duty_cycle_reg[10]/R (clocked by clk_fpga_0). Large setup violations at the end of those stages might be difficult to fix during the post-placement implementation flow and could be the result of non-optimal XDC constraints or non-optimal design architecture
Related violations: <none>

TIMING-16#119 Warning
Large setup violation  
There is a large setup violation of -1.227 ns between DEMO_i/rst_ps7_0_50M/U0/ACTIVE_LOW_PR_OUT_DFF[0].FDRE_PER_N/C (clocked by clk_fpga_0) and DEMO_i/BuzzerBooster_Driver_0/U0/BuzzerBooster_Driver_v1_0_S00_AXI_inst/duty_cycle_reg[15]/R (clocked by clk_fpga_0). Large setup violations at the end of those stages might be difficult to fix during the post-placement implementation flow and could be the result of non-optimal XDC constraints or non-optimal design architecture
Related violations: <none>

TIMING-16#120 Warning
Large setup violation  
There is a large setup violation of -1.227 ns between DEMO_i/rst_ps7_0_50M/U0/ACTIVE_LOW_PR_OUT_DFF[0].FDRE_PER_N/C (clocked by clk_fpga_0) and DEMO_i/BuzzerBooster_Driver_0/U0/BuzzerBooster_Driver_v1_0_S00_AXI_inst/duty_cycle_reg[16]/R (clocked by clk_fpga_0). Large setup violations at the end of those stages might be difficult to fix during the post-placement implementation flow and could be the result of non-optimal XDC constraints or non-optimal design architecture
Related violations: <none>

TIMING-16#121 Warning
Large setup violation  
There is a large setup violation of -1.227 ns between DEMO_i/rst_ps7_0_50M/U0/ACTIVE_LOW_PR_OUT_DFF[0].FDRE_PER_N/C (clocked by clk_fpga_0) and DEMO_i/BuzzerBooster_Driver_0/U0/BuzzerBooster_Driver_v1_0_S00_AXI_inst/duty_cycle_reg[17]/R (clocked by clk_fpga_0). Large setup violations at the end of those stages might be difficult to fix during the post-placement implementation flow and could be the result of non-optimal XDC constraints or non-optimal design architecture
Related violations: <none>

TIMING-16#122 Warning
Large setup violation  
There is a large setup violation of -1.235 ns between DEMO_i/ps7_0_axi_periph/xbar/inst/gen_sasd.crossbar_sasd_0/m_atarget_enc_reg[3]/C (clocked by clk_fpga_0) and DEMO_i/ps7_0_axi_periph/xbar/inst/gen_sasd.crossbar_sasd_0/reg_slice_r/skid_buffer_reg[21]/D (clocked by clk_fpga_0). Large setup violations at the end of those stages might be difficult to fix during the post-placement implementation flow and could be the result of non-optimal XDC constraints or non-optimal design architecture
Related violations: <none>

TIMING-16#123 Warning
Large setup violation  
There is a large setup violation of -1.244 ns between DEMO_i/rst_ps7_0_50M/U0/ACTIVE_LOW_PR_OUT_DFF[0].FDRE_PER_N/C (clocked by clk_fpga_0) and DEMO_i/BuzzerBooster_Driver_0/U0/BuzzerBooster_Driver_v1_0_S00_AXI_inst/pwm_counter_reg[16]/R (clocked by clk_fpga_0). Large setup violations at the end of those stages might be difficult to fix during the post-placement implementation flow and could be the result of non-optimal XDC constraints or non-optimal design architecture
Related violations: <none>

TIMING-16#124 Warning
Large setup violation  
There is a large setup violation of -1.244 ns between DEMO_i/rst_ps7_0_50M/U0/ACTIVE_LOW_PR_OUT_DFF[0].FDRE_PER_N/C (clocked by clk_fpga_0) and DEMO_i/BuzzerBooster_Driver_0/U0/BuzzerBooster_Driver_v1_0_S00_AXI_inst/pwm_counter_reg[17]/R (clocked by clk_fpga_0). Large setup violations at the end of those stages might be difficult to fix during the post-placement implementation flow and could be the result of non-optimal XDC constraints or non-optimal design architecture
Related violations: <none>

TIMING-16#125 Warning
Large setup violation  
There is a large setup violation of -1.244 ns between DEMO_i/rst_ps7_0_50M/U0/ACTIVE_LOW_PR_OUT_DFF[0].FDRE_PER_N/C (clocked by clk_fpga_0) and DEMO_i/BuzzerBooster_Driver_0/U0/BuzzerBooster_Driver_v1_0_S00_AXI_inst/pwm_counter_reg[18]/R (clocked by clk_fpga_0). Large setup violations at the end of those stages might be difficult to fix during the post-placement implementation flow and could be the result of non-optimal XDC constraints or non-optimal design architecture
Related violations: <none>

TIMING-16#126 Warning
Large setup violation  
There is a large setup violation of -1.244 ns between DEMO_i/rst_ps7_0_50M/U0/ACTIVE_LOW_PR_OUT_DFF[0].FDRE_PER_N/C (clocked by clk_fpga_0) and DEMO_i/BuzzerBooster_Driver_0/U0/BuzzerBooster_Driver_v1_0_S00_AXI_inst/pwm_counter_reg[19]/R (clocked by clk_fpga_0). Large setup violations at the end of those stages might be difficult to fix during the post-placement implementation flow and could be the result of non-optimal XDC constraints or non-optimal design architecture
Related violations: <none>

TIMING-16#127 Warning
Large setup violation  
There is a large setup violation of -1.245 ns between DEMO_i/rst_ps7_0_50M/U0/ACTIVE_LOW_PR_OUT_DFF[0].FDRE_PER_N/C (clocked by clk_fpga_0) and DEMO_i/BuzzerBooster_Driver_0/U0/BuzzerBooster_Driver_v1_0_S00_AXI_inst/duty_cycle_reg[0]/R (clocked by clk_fpga_0). Large setup violations at the end of those stages might be difficult to fix during the post-placement implementation flow and could be the result of non-optimal XDC constraints or non-optimal design architecture
Related violations: <none>

TIMING-16#128 Warning
Large setup violation  
There is a large setup violation of -1.245 ns between DEMO_i/rst_ps7_0_50M/U0/ACTIVE_LOW_PR_OUT_DFF[0].FDRE_PER_N/C (clocked by clk_fpga_0) and DEMO_i/BuzzerBooster_Driver_0/U0/BuzzerBooster_Driver_v1_0_S00_AXI_inst/duty_cycle_reg[1]/R (clocked by clk_fpga_0). Large setup violations at the end of those stages might be difficult to fix during the post-placement implementation flow and could be the result of non-optimal XDC constraints or non-optimal design architecture
Related violations: <none>

TIMING-16#129 Warning
Large setup violation  
There is a large setup violation of -1.245 ns between DEMO_i/rst_ps7_0_50M/U0/ACTIVE_LOW_PR_OUT_DFF[0].FDRE_PER_N/C (clocked by clk_fpga_0) and DEMO_i/BuzzerBooster_Driver_0/U0/BuzzerBooster_Driver_v1_0_S00_AXI_inst/duty_cycle_reg[2]/R (clocked by clk_fpga_0). Large setup violations at the end of those stages might be difficult to fix during the post-placement implementation flow and could be the result of non-optimal XDC constraints or non-optimal design architecture
Related violations: <none>

TIMING-16#130 Warning
Large setup violation  
There is a large setup violation of -1.245 ns between DEMO_i/rst_ps7_0_50M/U0/ACTIVE_LOW_PR_OUT_DFF[0].FDRE_PER_N/C (clocked by clk_fpga_0) and DEMO_i/BuzzerBooster_Driver_0/U0/BuzzerBooster_Driver_v1_0_S00_AXI_inst/duty_cycle_reg[4]/R (clocked by clk_fpga_0). Large setup violations at the end of those stages might be difficult to fix during the post-placement implementation flow and could be the result of non-optimal XDC constraints or non-optimal design architecture
Related violations: <none>

TIMING-16#131 Warning
Large setup violation  
There is a large setup violation of -1.245 ns between DEMO_i/rst_ps7_0_50M/U0/ACTIVE_LOW_PR_OUT_DFF[0].FDRE_PER_N/C (clocked by clk_fpga_0) and DEMO_i/BuzzerBooster_Driver_0/U0/BuzzerBooster_Driver_v1_0_S00_AXI_inst/note_start_reg/R (clocked by clk_fpga_0). Large setup violations at the end of those stages might be difficult to fix during the post-placement implementation flow and could be the result of non-optimal XDC constraints or non-optimal design architecture
Related violations: <none>

TIMING-16#132 Warning
Large setup violation  
There is a large setup violation of -1.245 ns between DEMO_i/rst_ps7_0_50M/U0/ACTIVE_LOW_PR_OUT_DFF[0].FDRE_PER_N/C (clocked by clk_fpga_0) and DEMO_i/BuzzerBooster_Driver_0/U0/BuzzerBooster_Driver_v1_0_S00_AXI_inst/volume_buffer_reg[0]/R (clocked by clk_fpga_0). Large setup violations at the end of those stages might be difficult to fix during the post-placement implementation flow and could be the result of non-optimal XDC constraints or non-optimal design architecture
Related violations: <none>

TIMING-16#133 Warning
Large setup violation  
There is a large setup violation of -1.253 ns between DEMO_i/rst_ps7_0_50M/U0/ACTIVE_LOW_PR_OUT_DFF[0].FDRE_PER_N/C (clocked by clk_fpga_0) and DEMO_i/axi_iic_0/U0/X_IIC/REG_INTERFACE_I/GPO_GEN.gpo_i_reg[31]/R (clocked by clk_fpga_0). Large setup violations at the end of those stages might be difficult to fix during the post-placement implementation flow and could be the result of non-optimal XDC constraints or non-optimal design architecture
Related violations: <none>

TIMING-16#134 Warning
Large setup violation  
There is a large setup violation of -1.276 ns between DEMO_i/ps7_0_axi_periph/xbar/inst/gen_sasd.crossbar_sasd_0/m_atarget_enc_reg[3]/C (clocked by clk_fpga_0) and DEMO_i/ps7_0_axi_periph/xbar/inst/gen_sasd.crossbar_sasd_0/reg_slice_r/m_payload_i_reg[16]/D (clocked by clk_fpga_0). Large setup violations at the end of those stages might be difficult to fix during the post-placement implementation flow and could be the result of non-optimal XDC constraints or non-optimal design architecture
Related violations: <none>

TIMING-16#135 Warning
Large setup violation  
There is a large setup violation of -1.282 ns between DEMO_i/rst_ps7_0_50M/U0/ACTIVE_LOW_PR_OUT_DFF[0].FDRE_PER_N/C (clocked by clk_fpga_0) and DEMO_i/BuzzerBooster_Driver_0/U0/BuzzerBooster_Driver_v1_0_S00_AXI_inst/slv_reg0_reg[0]/R (clocked by clk_fpga_0). Large setup violations at the end of those stages might be difficult to fix during the post-placement implementation flow and could be the result of non-optimal XDC constraints or non-optimal design architecture
Related violations: <none>

TIMING-16#136 Warning
Large setup violation  
There is a large setup violation of -1.282 ns between DEMO_i/rst_ps7_0_50M/U0/ACTIVE_LOW_PR_OUT_DFF[0].FDRE_PER_N/C (clocked by clk_fpga_0) and DEMO_i/BuzzerBooster_Driver_0/U0/BuzzerBooster_Driver_v1_0_S00_AXI_inst/slv_reg0_reg[1]/R (clocked by clk_fpga_0). Large setup violations at the end of those stages might be difficult to fix during the post-placement implementation flow and could be the result of non-optimal XDC constraints or non-optimal design architecture
Related violations: <none>

TIMING-16#137 Warning
Large setup violation  
There is a large setup violation of -1.282 ns between DEMO_i/rst_ps7_0_50M/U0/ACTIVE_LOW_PR_OUT_DFF[0].FDRE_PER_N/C (clocked by clk_fpga_0) and DEMO_i/BuzzerBooster_Driver_0/U0/BuzzerBooster_Driver_v1_0_S00_AXI_inst/slv_reg0_reg[2]/R (clocked by clk_fpga_0). Large setup violations at the end of those stages might be difficult to fix during the post-placement implementation flow and could be the result of non-optimal XDC constraints or non-optimal design architecture
Related violations: <none>

TIMING-16#138 Warning
Large setup violation  
There is a large setup violation of -1.282 ns between DEMO_i/rst_ps7_0_50M/U0/ACTIVE_LOW_PR_OUT_DFF[0].FDRE_PER_N/C (clocked by clk_fpga_0) and DEMO_i/BuzzerBooster_Driver_0/U0/BuzzerBooster_Driver_v1_0_S00_AXI_inst/slv_reg0_reg[3]/R (clocked by clk_fpga_0). Large setup violations at the end of those stages might be difficult to fix during the post-placement implementation flow and could be the result of non-optimal XDC constraints or non-optimal design architecture
Related violations: <none>

TIMING-16#139 Warning
Large setup violation  
There is a large setup violation of -1.282 ns between DEMO_i/rst_ps7_0_50M/U0/ACTIVE_LOW_PR_OUT_DFF[0].FDRE_PER_N/C (clocked by clk_fpga_0) and DEMO_i/BuzzerBooster_Driver_0/U0/BuzzerBooster_Driver_v1_0_S00_AXI_inst/slv_reg0_reg[4]/R (clocked by clk_fpga_0). Large setup violations at the end of those stages might be difficult to fix during the post-placement implementation flow and could be the result of non-optimal XDC constraints or non-optimal design architecture
Related violations: <none>

TIMING-16#140 Warning
Large setup violation  
There is a large setup violation of -1.282 ns between DEMO_i/rst_ps7_0_50M/U0/ACTIVE_LOW_PR_OUT_DFF[0].FDRE_PER_N/C (clocked by clk_fpga_0) and DEMO_i/BuzzerBooster_Driver_0/U0/BuzzerBooster_Driver_v1_0_S00_AXI_inst/slv_reg0_reg[5]/R (clocked by clk_fpga_0). Large setup violations at the end of those stages might be difficult to fix during the post-placement implementation flow and could be the result of non-optimal XDC constraints or non-optimal design architecture
Related violations: <none>

TIMING-16#141 Warning
Large setup violation  
There is a large setup violation of -1.282 ns between DEMO_i/rst_ps7_0_50M/U0/ACTIVE_LOW_PR_OUT_DFF[0].FDRE_PER_N/C (clocked by clk_fpga_0) and DEMO_i/BuzzerBooster_Driver_0/U0/BuzzerBooster_Driver_v1_0_S00_AXI_inst/slv_reg0_reg[6]/R (clocked by clk_fpga_0). Large setup violations at the end of those stages might be difficult to fix during the post-placement implementation flow and could be the result of non-optimal XDC constraints or non-optimal design architecture
Related violations: <none>

TIMING-16#142 Warning
Large setup violation  
There is a large setup violation of -1.282 ns between DEMO_i/rst_ps7_0_50M/U0/ACTIVE_LOW_PR_OUT_DFF[0].FDRE_PER_N/C (clocked by clk_fpga_0) and DEMO_i/BuzzerBooster_Driver_0/U0/BuzzerBooster_Driver_v1_0_S00_AXI_inst/slv_reg0_reg[7]/R (clocked by clk_fpga_0). Large setup violations at the end of those stages might be difficult to fix during the post-placement implementation flow and could be the result of non-optimal XDC constraints or non-optimal design architecture
Related violations: <none>

TIMING-16#143 Warning
Large setup violation  
There is a large setup violation of -1.283 ns between DEMO_i/rst_ps7_0_50M/U0/ACTIVE_LOW_PR_OUT_DFF[0].FDRE_PER_N/C (clocked by clk_fpga_0) and DEMO_i/BuzzerBooster_Driver_0/U0/BuzzerBooster_Driver_v1_0_S00_AXI_inst/pwm_counter_reg[12]/R (clocked by clk_fpga_0). Large setup violations at the end of those stages might be difficult to fix during the post-placement implementation flow and could be the result of non-optimal XDC constraints or non-optimal design architecture
Related violations: <none>

TIMING-16#144 Warning
Large setup violation  
There is a large setup violation of -1.283 ns between DEMO_i/rst_ps7_0_50M/U0/ACTIVE_LOW_PR_OUT_DFF[0].FDRE_PER_N/C (clocked by clk_fpga_0) and DEMO_i/BuzzerBooster_Driver_0/U0/BuzzerBooster_Driver_v1_0_S00_AXI_inst/pwm_counter_reg[13]/R (clocked by clk_fpga_0). Large setup violations at the end of those stages might be difficult to fix during the post-placement implementation flow and could be the result of non-optimal XDC constraints or non-optimal design architecture
Related violations: <none>

TIMING-16#145 Warning
Large setup violation  
There is a large setup violation of -1.283 ns between DEMO_i/rst_ps7_0_50M/U0/ACTIVE_LOW_PR_OUT_DFF[0].FDRE_PER_N/C (clocked by clk_fpga_0) and DEMO_i/BuzzerBooster_Driver_0/U0/BuzzerBooster_Driver_v1_0_S00_AXI_inst/pwm_counter_reg[14]/R (clocked by clk_fpga_0). Large setup violations at the end of those stages might be difficult to fix during the post-placement implementation flow and could be the result of non-optimal XDC constraints or non-optimal design architecture
Related violations: <none>

TIMING-16#146 Warning
Large setup violation  
There is a large setup violation of -1.283 ns between DEMO_i/rst_ps7_0_50M/U0/ACTIVE_LOW_PR_OUT_DFF[0].FDRE_PER_N/C (clocked by clk_fpga_0) and DEMO_i/BuzzerBooster_Driver_0/U0/BuzzerBooster_Driver_v1_0_S00_AXI_inst/pwm_counter_reg[15]/R (clocked by clk_fpga_0). Large setup violations at the end of those stages might be difficult to fix during the post-placement implementation flow and could be the result of non-optimal XDC constraints or non-optimal design architecture
Related violations: <none>

TIMING-16#147 Warning
Large setup violation  
There is a large setup violation of -1.283 ns between DEMO_i/rst_ps7_0_50M/U0/ACTIVE_LOW_PR_OUT_DFF[0].FDRE_PER_N/C (clocked by clk_fpga_0) and DEMO_i/axi_timer_1/U0/TC_CORE_I/COUNTER_0_I/LOAD_REG_GEN[15].LOAD_REG_I/R (clocked by clk_fpga_0). Large setup violations at the end of those stages might be difficult to fix during the post-placement implementation flow and could be the result of non-optimal XDC constraints or non-optimal design architecture
Related violations: <none>

TIMING-16#148 Warning
Large setup violation  
There is a large setup violation of -1.283 ns between DEMO_i/rst_ps7_0_50M/U0/ACTIVE_LOW_PR_OUT_DFF[0].FDRE_PER_N/C (clocked by clk_fpga_0) and DEMO_i/axi_timer_1/U0/TC_CORE_I/COUNTER_0_I/LOAD_REG_GEN[18].LOAD_REG_I/R (clocked by clk_fpga_0). Large setup violations at the end of those stages might be difficult to fix during the post-placement implementation flow and could be the result of non-optimal XDC constraints or non-optimal design architecture
Related violations: <none>

TIMING-16#149 Warning
Large setup violation  
There is a large setup violation of -1.283 ns between DEMO_i/rst_ps7_0_50M/U0/ACTIVE_LOW_PR_OUT_DFF[0].FDRE_PER_N/C (clocked by clk_fpga_0) and DEMO_i/axi_timer_1/U0/TC_CORE_I/COUNTER_0_I/LOAD_REG_GEN[1].LOAD_REG_I/R (clocked by clk_fpga_0). Large setup violations at the end of those stages might be difficult to fix during the post-placement implementation flow and could be the result of non-optimal XDC constraints or non-optimal design architecture
Related violations: <none>

TIMING-16#150 Warning
Large setup violation  
There is a large setup violation of -1.283 ns between DEMO_i/rst_ps7_0_50M/U0/ACTIVE_LOW_PR_OUT_DFF[0].FDRE_PER_N/C (clocked by clk_fpga_0) and DEMO_i/axi_timer_1/U0/TC_CORE_I/COUNTER_0_I/LOAD_REG_GEN[24].LOAD_REG_I/R (clocked by clk_fpga_0). Large setup violations at the end of those stages might be difficult to fix during the post-placement implementation flow and could be the result of non-optimal XDC constraints or non-optimal design architecture
Related violations: <none>

TIMING-16#151 Warning
Large setup violation  
There is a large setup violation of -1.298 ns between DEMO_i/rst_ps7_0_50M/U0/ACTIVE_LOW_PR_OUT_DFF[0].FDRE_PER_N/C (clocked by clk_fpga_0) and DEMO_i/axi_timer_1/U0/TC_CORE_I/COUNTER_0_I/LOAD_REG_GEN[11].LOAD_REG_I/R (clocked by clk_fpga_0). Large setup violations at the end of those stages might be difficult to fix during the post-placement implementation flow and could be the result of non-optimal XDC constraints or non-optimal design architecture
Related violations: <none>

TIMING-16#152 Warning
Large setup violation  
There is a large setup violation of -1.298 ns between DEMO_i/rst_ps7_0_50M/U0/ACTIVE_LOW_PR_OUT_DFF[0].FDRE_PER_N/C (clocked by clk_fpga_0) and DEMO_i/axi_timer_1/U0/TC_CORE_I/COUNTER_0_I/LOAD_REG_GEN[12].LOAD_REG_I/R (clocked by clk_fpga_0). Large setup violations at the end of those stages might be difficult to fix during the post-placement implementation flow and could be the result of non-optimal XDC constraints or non-optimal design architecture
Related violations: <none>

TIMING-16#153 Warning
Large setup violation  
There is a large setup violation of -1.298 ns between DEMO_i/rst_ps7_0_50M/U0/ACTIVE_LOW_PR_OUT_DFF[0].FDRE_PER_N/C (clocked by clk_fpga_0) and DEMO_i/axi_timer_1/U0/TC_CORE_I/COUNTER_0_I/LOAD_REG_GEN[22].LOAD_REG_I/R (clocked by clk_fpga_0). Large setup violations at the end of those stages might be difficult to fix during the post-placement implementation flow and could be the result of non-optimal XDC constraints or non-optimal design architecture
Related violations: <none>

TIMING-16#154 Warning
Large setup violation  
There is a large setup violation of -1.298 ns between DEMO_i/rst_ps7_0_50M/U0/ACTIVE_LOW_PR_OUT_DFF[0].FDRE_PER_N/C (clocked by clk_fpga_0) and DEMO_i/axi_timer_1/U0/TC_CORE_I/COUNTER_0_I/LOAD_REG_GEN[8].LOAD_REG_I/R (clocked by clk_fpga_0). Large setup violations at the end of those stages might be difficult to fix during the post-placement implementation flow and could be the result of non-optimal XDC constraints or non-optimal design architecture
Related violations: <none>

TIMING-16#155 Warning
Large setup violation  
There is a large setup violation of -1.299 ns between DEMO_i/rst_ps7_0_50M/U0/ACTIVE_LOW_PR_OUT_DFF[0].FDRE_PER_N/C (clocked by clk_fpga_0) and DEMO_i/axi_timer_2/U0/TC_CORE_I/GEN_SECOND_TIMER.COUNTER_1_I/LOAD_REG_GEN[10].LOAD_REG_I/R (clocked by clk_fpga_0). Large setup violations at the end of those stages might be difficult to fix during the post-placement implementation flow and could be the result of non-optimal XDC constraints or non-optimal design architecture
Related violations: <none>

TIMING-16#156 Warning
Large setup violation  
There is a large setup violation of -1.299 ns between DEMO_i/rst_ps7_0_50M/U0/ACTIVE_LOW_PR_OUT_DFF[0].FDRE_PER_N/C (clocked by clk_fpga_0) and DEMO_i/axi_timer_2/U0/TC_CORE_I/GEN_SECOND_TIMER.COUNTER_1_I/LOAD_REG_GEN[11].LOAD_REG_I/R (clocked by clk_fpga_0). Large setup violations at the end of those stages might be difficult to fix during the post-placement implementation flow and could be the result of non-optimal XDC constraints or non-optimal design architecture
Related violations: <none>

TIMING-16#157 Warning
Large setup violation  
There is a large setup violation of -1.299 ns between DEMO_i/rst_ps7_0_50M/U0/ACTIVE_LOW_PR_OUT_DFF[0].FDRE_PER_N/C (clocked by clk_fpga_0) and DEMO_i/axi_timer_2/U0/TC_CORE_I/GEN_SECOND_TIMER.COUNTER_1_I/LOAD_REG_GEN[13].LOAD_REG_I/R (clocked by clk_fpga_0). Large setup violations at the end of those stages might be difficult to fix during the post-placement implementation flow and could be the result of non-optimal XDC constraints or non-optimal design architecture
Related violations: <none>

TIMING-16#158 Warning
Large setup violation  
There is a large setup violation of -1.299 ns between DEMO_i/rst_ps7_0_50M/U0/ACTIVE_LOW_PR_OUT_DFF[0].FDRE_PER_N/C (clocked by clk_fpga_0) and DEMO_i/axi_timer_2/U0/TC_CORE_I/GEN_SECOND_TIMER.COUNTER_1_I/LOAD_REG_GEN[8].LOAD_REG_I/R (clocked by clk_fpga_0). Large setup violations at the end of those stages might be difficult to fix during the post-placement implementation flow and could be the result of non-optimal XDC constraints or non-optimal design architecture
Related violations: <none>

TIMING-16#159 Warning
Large setup violation  
There is a large setup violation of -1.324 ns between DEMO_i/rst_ps7_0_50M/U0/ACTIVE_LOW_PR_OUT_DFF[0].FDRE_PER_N/C (clocked by clk_fpga_0) and DEMO_i/BuzzerBooster_Driver_0/U0/BuzzerBooster_Driver_v1_0_S00_AXI_inst/axi_rdata_reg[10]/R (clocked by clk_fpga_0). Large setup violations at the end of those stages might be difficult to fix during the post-placement implementation flow and could be the result of non-optimal XDC constraints or non-optimal design architecture
Related violations: <none>

TIMING-16#160 Warning
Large setup violation  
There is a large setup violation of -1.324 ns between DEMO_i/rst_ps7_0_50M/U0/ACTIVE_LOW_PR_OUT_DFF[0].FDRE_PER_N/C (clocked by clk_fpga_0) and DEMO_i/BuzzerBooster_Driver_0/U0/BuzzerBooster_Driver_v1_0_S00_AXI_inst/axi_rdata_reg[13]/R (clocked by clk_fpga_0). Large setup violations at the end of those stages might be difficult to fix during the post-placement implementation flow and could be the result of non-optimal XDC constraints or non-optimal design architecture
Related violations: <none>

TIMING-16#161 Warning
Large setup violation  
There is a large setup violation of -1.324 ns between DEMO_i/rst_ps7_0_50M/U0/ACTIVE_LOW_PR_OUT_DFF[0].FDRE_PER_N/C (clocked by clk_fpga_0) and DEMO_i/BuzzerBooster_Driver_0/U0/BuzzerBooster_Driver_v1_0_S00_AXI_inst/axi_rdata_reg[27]/R (clocked by clk_fpga_0). Large setup violations at the end of those stages might be difficult to fix during the post-placement implementation flow and could be the result of non-optimal XDC constraints or non-optimal design architecture
Related violations: <none>

TIMING-16#162 Warning
Large setup violation  
There is a large setup violation of -1.324 ns between DEMO_i/rst_ps7_0_50M/U0/ACTIVE_LOW_PR_OUT_DFF[0].FDRE_PER_N/C (clocked by clk_fpga_0) and DEMO_i/BuzzerBooster_Driver_0/U0/BuzzerBooster_Driver_v1_0_S00_AXI_inst/axi_rdata_reg[30]/R (clocked by clk_fpga_0). Large setup violations at the end of those stages might be difficult to fix during the post-placement implementation flow and could be the result of non-optimal XDC constraints or non-optimal design architecture
Related violations: <none>

TIMING-16#163 Warning
Large setup violation  
There is a large setup violation of -1.326 ns between DEMO_i/rst_ps7_0_50M/U0/ACTIVE_LOW_PR_OUT_DFF[0].FDRE_PER_N/C (clocked by clk_fpga_0) and DEMO_i/BuzzerBooster_Driver_0/U0/BuzzerBooster_Driver_v1_0_S00_AXI_inst/duty_cycle3__1/RSTA (clocked by clk_fpga_0). Large setup violations at the end of those stages might be difficult to fix during the post-placement implementation flow and could be the result of non-optimal XDC constraints or non-optimal design architecture
Related violations: <none>

TIMING-16#164 Warning
Large setup violation  
There is a large setup violation of -1.328 ns between DEMO_i/ps7_0_axi_periph/xbar/inst/gen_sasd.crossbar_sasd_0/m_atarget_enc_reg[3]/C (clocked by clk_fpga_0) and DEMO_i/ps7_0_axi_periph/xbar/inst/gen_sasd.crossbar_sasd_0/reg_slice_r/skid_buffer_reg[27]/D (clocked by clk_fpga_0). Large setup violations at the end of those stages might be difficult to fix during the post-placement implementation flow and could be the result of non-optimal XDC constraints or non-optimal design architecture
Related violations: <none>

TIMING-16#165 Warning
Large setup violation  
There is a large setup violation of -1.338 ns between DEMO_i/rst_ps7_0_50M/U0/ACTIVE_LOW_PR_OUT_DFF[0].FDRE_PER_N/C (clocked by clk_fpga_0) and DEMO_i/axi_timer_1/U0/AXI4_LITE_I/I_SLAVE_ATTACHMENT/rst_reg/D (clocked by clk_fpga_0). Large setup violations at the end of those stages might be difficult to fix during the post-placement implementation flow and could be the result of non-optimal XDC constraints or non-optimal design architecture
Related violations: <none>

TIMING-16#166 Warning
Large setup violation  
There is a large setup violation of -1.349 ns between DEMO_i/ps7_0_axi_periph/xbar/inst/gen_sasd.crossbar_sasd_0/m_atarget_enc_reg[3]/C (clocked by clk_fpga_0) and DEMO_i/ps7_0_axi_periph/xbar/inst/gen_sasd.crossbar_sasd_0/reg_slice_r/skid_buffer_reg[32]/D (clocked by clk_fpga_0). Large setup violations at the end of those stages might be difficult to fix during the post-placement implementation flow and could be the result of non-optimal XDC constraints or non-optimal design architecture
Related violations: <none>

TIMING-16#167 Warning
Large setup violation  
There is a large setup violation of -1.359 ns between DEMO_i/rst_ps7_0_50M/U0/ACTIVE_LOW_PR_OUT_DFF[0].FDRE_PER_N/C (clocked by clk_fpga_0) and DEMO_i/BuzzerBooster_Driver_0/U0/BuzzerBooster_Driver_v1_0_S00_AXI_inst/duration_counter_reg[20]/R (clocked by clk_fpga_0). Large setup violations at the end of those stages might be difficult to fix during the post-placement implementation flow and could be the result of non-optimal XDC constraints or non-optimal design architecture
Related violations: <none>

TIMING-16#168 Warning
Large setup violation  
There is a large setup violation of -1.359 ns between DEMO_i/rst_ps7_0_50M/U0/ACTIVE_LOW_PR_OUT_DFF[0].FDRE_PER_N/C (clocked by clk_fpga_0) and DEMO_i/BuzzerBooster_Driver_0/U0/BuzzerBooster_Driver_v1_0_S00_AXI_inst/duration_counter_reg[21]/R (clocked by clk_fpga_0). Large setup violations at the end of those stages might be difficult to fix during the post-placement implementation flow and could be the result of non-optimal XDC constraints or non-optimal design architecture
Related violations: <none>

TIMING-16#169 Warning
Large setup violation  
There is a large setup violation of -1.359 ns between DEMO_i/rst_ps7_0_50M/U0/ACTIVE_LOW_PR_OUT_DFF[0].FDRE_PER_N/C (clocked by clk_fpga_0) and DEMO_i/BuzzerBooster_Driver_0/U0/BuzzerBooster_Driver_v1_0_S00_AXI_inst/duration_counter_reg[22]/R (clocked by clk_fpga_0). Large setup violations at the end of those stages might be difficult to fix during the post-placement implementation flow and could be the result of non-optimal XDC constraints or non-optimal design architecture
Related violations: <none>

TIMING-16#170 Warning
Large setup violation  
There is a large setup violation of -1.359 ns between DEMO_i/rst_ps7_0_50M/U0/ACTIVE_LOW_PR_OUT_DFF[0].FDRE_PER_N/C (clocked by clk_fpga_0) and DEMO_i/BuzzerBooster_Driver_0/U0/BuzzerBooster_Driver_v1_0_S00_AXI_inst/duration_counter_reg[23]/R (clocked by clk_fpga_0). Large setup violations at the end of those stages might be difficult to fix during the post-placement implementation flow and could be the result of non-optimal XDC constraints or non-optimal design architecture
Related violations: <none>

TIMING-16#171 Warning
Large setup violation  
There is a large setup violation of -1.365 ns between DEMO_i/rst_ps7_0_50M/U0/ACTIVE_LOW_PR_OUT_DFF[0].FDRE_PER_N/C (clocked by clk_fpga_0) and DEMO_i/axi_timer_1/U0/TC_CORE_I/TIMER_CONTROL_I/TCSR0_GENERATE[20].TCSR0_FF_I/R (clocked by clk_fpga_0). Large setup violations at the end of those stages might be difficult to fix during the post-placement implementation flow and could be the result of non-optimal XDC constraints or non-optimal design architecture
Related violations: <none>

TIMING-16#172 Warning
Large setup violation  
There is a large setup violation of -1.369 ns between DEMO_i/rst_ps7_0_50M/U0/ACTIVE_LOW_PR_OUT_DFF[0].FDRE_PER_N/C (clocked by clk_fpga_0) and DEMO_i/BuzzerBooster_Driver_0/U0/BuzzerBooster_Driver_v1_0_S00_AXI_inst/duration_counter_reg[10]/R (clocked by clk_fpga_0). Large setup violations at the end of those stages might be difficult to fix during the post-placement implementation flow and could be the result of non-optimal XDC constraints or non-optimal design architecture
Related violations: <none>

TIMING-16#173 Warning
Large setup violation  
There is a large setup violation of -1.369 ns between DEMO_i/rst_ps7_0_50M/U0/ACTIVE_LOW_PR_OUT_DFF[0].FDRE_PER_N/C (clocked by clk_fpga_0) and DEMO_i/BuzzerBooster_Driver_0/U0/BuzzerBooster_Driver_v1_0_S00_AXI_inst/duration_counter_reg[11]/R (clocked by clk_fpga_0). Large setup violations at the end of those stages might be difficult to fix during the post-placement implementation flow and could be the result of non-optimal XDC constraints or non-optimal design architecture
Related violations: <none>

TIMING-16#174 Warning
Large setup violation  
There is a large setup violation of -1.369 ns between DEMO_i/rst_ps7_0_50M/U0/ACTIVE_LOW_PR_OUT_DFF[0].FDRE_PER_N/C (clocked by clk_fpga_0) and DEMO_i/BuzzerBooster_Driver_0/U0/BuzzerBooster_Driver_v1_0_S00_AXI_inst/duration_counter_reg[8]/R (clocked by clk_fpga_0). Large setup violations at the end of those stages might be difficult to fix during the post-placement implementation flow and could be the result of non-optimal XDC constraints or non-optimal design architecture
Related violations: <none>

TIMING-16#175 Warning
Large setup violation  
There is a large setup violation of -1.369 ns between DEMO_i/rst_ps7_0_50M/U0/ACTIVE_LOW_PR_OUT_DFF[0].FDRE_PER_N/C (clocked by clk_fpga_0) and DEMO_i/BuzzerBooster_Driver_0/U0/BuzzerBooster_Driver_v1_0_S00_AXI_inst/duration_counter_reg[9]/R (clocked by clk_fpga_0). Large setup violations at the end of those stages might be difficult to fix during the post-placement implementation flow and could be the result of non-optimal XDC constraints or non-optimal design architecture
Related violations: <none>

TIMING-16#176 Warning
Large setup violation  
There is a large setup violation of -1.370 ns between DEMO_i/rst_ps7_0_50M/U0/ACTIVE_LOW_PR_OUT_DFF[0].FDRE_PER_N/C (clocked by clk_fpga_0) and DEMO_i/axi_timer_1/U0/TC_CORE_I/TIMER_CONTROL_I/TCSR1_GENERATE[26].TCSR1_FF_I/R (clocked by clk_fpga_0). Large setup violations at the end of those stages might be difficult to fix during the post-placement implementation flow and could be the result of non-optimal XDC constraints or non-optimal design architecture
Related violations: <none>

TIMING-16#177 Warning
Large setup violation  
There is a large setup violation of -1.373 ns between DEMO_i/ps7_0_axi_periph/xbar/inst/gen_sasd.crossbar_sasd_0/m_atarget_enc_reg[3]/C (clocked by clk_fpga_0) and DEMO_i/ps7_0_axi_periph/xbar/inst/gen_sasd.crossbar_sasd_0/reg_slice_r/skid_buffer_reg[4]/D (clocked by clk_fpga_0). Large setup violations at the end of those stages might be difficult to fix during the post-placement implementation flow and could be the result of non-optimal XDC constraints or non-optimal design architecture
Related violations: <none>

TIMING-16#178 Warning
Large setup violation  
There is a large setup violation of -1.389 ns between DEMO_i/rst_ps7_0_50M/U0/ACTIVE_LOW_PR_OUT_DFF[0].FDRE_PER_N/C (clocked by clk_fpga_0) and DEMO_i/axi_timer_1/U0/TC_CORE_I/GEN_SECOND_TIMER.COUNTER_1_I/LOAD_REG_GEN[10].LOAD_REG_I/R (clocked by clk_fpga_0). Large setup violations at the end of those stages might be difficult to fix during the post-placement implementation flow and could be the result of non-optimal XDC constraints or non-optimal design architecture
Related violations: <none>

TIMING-16#179 Warning
Large setup violation  
There is a large setup violation of -1.389 ns between DEMO_i/rst_ps7_0_50M/U0/ACTIVE_LOW_PR_OUT_DFF[0].FDRE_PER_N/C (clocked by clk_fpga_0) and DEMO_i/axi_timer_1/U0/TC_CORE_I/GEN_SECOND_TIMER.COUNTER_1_I/LOAD_REG_GEN[13].LOAD_REG_I/R (clocked by clk_fpga_0). Large setup violations at the end of those stages might be difficult to fix during the post-placement implementation flow and could be the result of non-optimal XDC constraints or non-optimal design architecture
Related violations: <none>

TIMING-16#180 Warning
Large setup violation  
There is a large setup violation of -1.389 ns between DEMO_i/rst_ps7_0_50M/U0/ACTIVE_LOW_PR_OUT_DFF[0].FDRE_PER_N/C (clocked by clk_fpga_0) and DEMO_i/axi_timer_1/U0/TC_CORE_I/GEN_SECOND_TIMER.COUNTER_1_I/LOAD_REG_GEN[15].LOAD_REG_I/R (clocked by clk_fpga_0). Large setup violations at the end of those stages might be difficult to fix during the post-placement implementation flow and could be the result of non-optimal XDC constraints or non-optimal design architecture
Related violations: <none>

TIMING-16#181 Warning
Large setup violation  
There is a large setup violation of -1.389 ns between DEMO_i/rst_ps7_0_50M/U0/ACTIVE_LOW_PR_OUT_DFF[0].FDRE_PER_N/C (clocked by clk_fpga_0) and DEMO_i/axi_timer_1/U0/TC_CORE_I/GEN_SECOND_TIMER.COUNTER_1_I/LOAD_REG_GEN[18].LOAD_REG_I/R (clocked by clk_fpga_0). Large setup violations at the end of those stages might be difficult to fix during the post-placement implementation flow and could be the result of non-optimal XDC constraints or non-optimal design architecture
Related violations: <none>

TIMING-16#182 Warning
Large setup violation  
There is a large setup violation of -1.393 ns between DEMO_i/rst_ps7_0_50M/U0/ACTIVE_LOW_PR_OUT_DFF[0].FDRE_PER_N/C (clocked by clk_fpga_0) and DEMO_i/BuzzerBooster_Driver_0/U0/BuzzerBooster_Driver_v1_0_S00_AXI_inst/pwm_counter_reg[20]/R (clocked by clk_fpga_0). Large setup violations at the end of those stages might be difficult to fix during the post-placement implementation flow and could be the result of non-optimal XDC constraints or non-optimal design architecture
Related violations: <none>

TIMING-16#183 Warning
Large setup violation  
There is a large setup violation of -1.393 ns between DEMO_i/rst_ps7_0_50M/U0/ACTIVE_LOW_PR_OUT_DFF[0].FDRE_PER_N/C (clocked by clk_fpga_0) and DEMO_i/BuzzerBooster_Driver_0/U0/BuzzerBooster_Driver_v1_0_S00_AXI_inst/pwm_counter_reg[21]/R (clocked by clk_fpga_0). Large setup violations at the end of those stages might be difficult to fix during the post-placement implementation flow and could be the result of non-optimal XDC constraints or non-optimal design architecture
Related violations: <none>

TIMING-16#184 Warning
Large setup violation  
There is a large setup violation of -1.393 ns between DEMO_i/rst_ps7_0_50M/U0/ACTIVE_LOW_PR_OUT_DFF[0].FDRE_PER_N/C (clocked by clk_fpga_0) and DEMO_i/BuzzerBooster_Driver_0/U0/BuzzerBooster_Driver_v1_0_S00_AXI_inst/pwm_counter_reg[22]/R (clocked by clk_fpga_0). Large setup violations at the end of those stages might be difficult to fix during the post-placement implementation flow and could be the result of non-optimal XDC constraints or non-optimal design architecture
Related violations: <none>

TIMING-16#185 Warning
Large setup violation  
There is a large setup violation of -1.393 ns between DEMO_i/rst_ps7_0_50M/U0/ACTIVE_LOW_PR_OUT_DFF[0].FDRE_PER_N/C (clocked by clk_fpga_0) and DEMO_i/BuzzerBooster_Driver_0/U0/BuzzerBooster_Driver_v1_0_S00_AXI_inst/pwm_counter_reg[23]/R (clocked by clk_fpga_0). Large setup violations at the end of those stages might be difficult to fix during the post-placement implementation flow and could be the result of non-optimal XDC constraints or non-optimal design architecture
Related violations: <none>

TIMING-16#186 Warning
Large setup violation  
There is a large setup violation of -1.394 ns between DEMO_i/rst_ps7_0_50M/U0/ACTIVE_LOW_PR_OUT_DFF[0].FDRE_PER_N/C (clocked by clk_fpga_0) and DEMO_i/axi_timer_2/U0/TC_CORE_I/TIMER_CONTROL_I/TCSR0_GENERATE[27].TCSR0_FF_I/R (clocked by clk_fpga_0). Large setup violations at the end of those stages might be difficult to fix during the post-placement implementation flow and could be the result of non-optimal XDC constraints or non-optimal design architecture
Related violations: <none>

TIMING-16#187 Warning
Large setup violation  
There is a large setup violation of -1.394 ns between DEMO_i/rst_ps7_0_50M/U0/ACTIVE_LOW_PR_OUT_DFF[0].FDRE_PER_N/C (clocked by clk_fpga_0) and DEMO_i/axi_timer_2/U0/TC_CORE_I/TIMER_CONTROL_I/TCSR0_GENERATE[29].TCSR0_FF_I/R (clocked by clk_fpga_0). Large setup violations at the end of those stages might be difficult to fix during the post-placement implementation flow and could be the result of non-optimal XDC constraints or non-optimal design architecture
Related violations: <none>

TIMING-16#188 Warning
Large setup violation  
There is a large setup violation of -1.394 ns between DEMO_i/rst_ps7_0_50M/U0/ACTIVE_LOW_PR_OUT_DFF[0].FDRE_PER_N/C (clocked by clk_fpga_0) and DEMO_i/axi_timer_2/U0/TC_CORE_I/TIMER_CONTROL_I/TCSR0_GENERATE[30].TCSR0_FF_I/R (clocked by clk_fpga_0). Large setup violations at the end of those stages might be difficult to fix during the post-placement implementation flow and could be the result of non-optimal XDC constraints or non-optimal design architecture
Related violations: <none>

TIMING-16#189 Warning
Large setup violation  
There is a large setup violation of -1.394 ns between DEMO_i/rst_ps7_0_50M/U0/ACTIVE_LOW_PR_OUT_DFF[0].FDRE_PER_N/C (clocked by clk_fpga_0) and DEMO_i/axi_timer_2/U0/TC_CORE_I/TIMER_CONTROL_I/TCSR0_GENERATE[31].TCSR0_FF_I/R (clocked by clk_fpga_0). Large setup violations at the end of those stages might be difficult to fix during the post-placement implementation flow and could be the result of non-optimal XDC constraints or non-optimal design architecture
Related violations: <none>

TIMING-16#190 Warning
Large setup violation  
There is a large setup violation of -1.414 ns between DEMO_i/rst_ps7_0_50M/U0/ACTIVE_LOW_PR_OUT_DFF[0].FDRE_PER_N/C (clocked by clk_fpga_0) and DEMO_i/axi_iic_0/U0/X_IIC/REG_INTERFACE_I/adr_i_reg[5]/R (clocked by clk_fpga_0). Large setup violations at the end of those stages might be difficult to fix during the post-placement implementation flow and could be the result of non-optimal XDC constraints or non-optimal design architecture
Related violations: <none>

TIMING-16#191 Warning
Large setup violation  
There is a large setup violation of -1.419 ns between DEMO_i/rst_ps7_0_50M/U0/ACTIVE_LOW_PR_OUT_DFF[0].FDRE_PER_N/C (clocked by clk_fpga_0) and DEMO_i/BuzzerBooster_Driver_0/U0/BuzzerBooster_Driver_v1_0_S00_AXI_inst/axi_rdata_reg[0]/R (clocked by clk_fpga_0). Large setup violations at the end of those stages might be difficult to fix during the post-placement implementation flow and could be the result of non-optimal XDC constraints or non-optimal design architecture
Related violations: <none>

TIMING-16#192 Warning
Large setup violation  
There is a large setup violation of -1.419 ns between DEMO_i/rst_ps7_0_50M/U0/ACTIVE_LOW_PR_OUT_DFF[0].FDRE_PER_N/C (clocked by clk_fpga_0) and DEMO_i/BuzzerBooster_Driver_0/U0/BuzzerBooster_Driver_v1_0_S00_AXI_inst/axi_rdata_reg[2]/R (clocked by clk_fpga_0). Large setup violations at the end of those stages might be difficult to fix during the post-placement implementation flow and could be the result of non-optimal XDC constraints or non-optimal design architecture
Related violations: <none>

TIMING-16#193 Warning
Large setup violation  
There is a large setup violation of -1.419 ns between DEMO_i/rst_ps7_0_50M/U0/ACTIVE_LOW_PR_OUT_DFF[0].FDRE_PER_N/C (clocked by clk_fpga_0) and DEMO_i/BuzzerBooster_Driver_0/U0/BuzzerBooster_Driver_v1_0_S00_AXI_inst/axi_rdata_reg[4]/R (clocked by clk_fpga_0). Large setup violations at the end of those stages might be difficult to fix during the post-placement implementation flow and could be the result of non-optimal XDC constraints or non-optimal design architecture
Related violations: <none>

TIMING-16#194 Warning
Large setup violation  
There is a large setup violation of -1.419 ns between DEMO_i/rst_ps7_0_50M/U0/ACTIVE_LOW_PR_OUT_DFF[0].FDRE_PER_N/C (clocked by clk_fpga_0) and DEMO_i/BuzzerBooster_Driver_0/U0/BuzzerBooster_Driver_v1_0_S00_AXI_inst/axi_rdata_reg[5]/R (clocked by clk_fpga_0). Large setup violations at the end of those stages might be difficult to fix during the post-placement implementation flow and could be the result of non-optimal XDC constraints or non-optimal design architecture
Related violations: <none>

TIMING-16#195 Warning
Large setup violation  
There is a large setup violation of -1.424 ns between DEMO_i/rst_ps7_0_50M/U0/ACTIVE_LOW_PR_OUT_DFF[0].FDRE_PER_N/C (clocked by clk_fpga_0) and DEMO_i/BuzzerBooster_Driver_0/U0/BuzzerBooster_Driver_v1_0_S00_AXI_inst/slv_reg2_reg[2]/R (clocked by clk_fpga_0). Large setup violations at the end of those stages might be difficult to fix during the post-placement implementation flow and could be the result of non-optimal XDC constraints or non-optimal design architecture
Related violations: <none>

TIMING-16#196 Warning
Large setup violation  
There is a large setup violation of -1.424 ns between DEMO_i/rst_ps7_0_50M/U0/ACTIVE_LOW_PR_OUT_DFF[0].FDRE_PER_N/C (clocked by clk_fpga_0) and DEMO_i/BuzzerBooster_Driver_0/U0/BuzzerBooster_Driver_v1_0_S00_AXI_inst/slv_reg2_reg[5]/R (clocked by clk_fpga_0). Large setup violations at the end of those stages might be difficult to fix during the post-placement implementation flow and could be the result of non-optimal XDC constraints or non-optimal design architecture
Related violations: <none>

TIMING-16#197 Warning
Large setup violation  
There is a large setup violation of -1.427 ns between DEMO_i/ps7_0_axi_periph/xbar/inst/gen_sasd.crossbar_sasd_0/m_atarget_enc_reg[3]/C (clocked by clk_fpga_0) and DEMO_i/ps7_0_axi_periph/xbar/inst/gen_sasd.crossbar_sasd_0/reg_slice_r/m_payload_i_reg[27]/D (clocked by clk_fpga_0). Large setup violations at the end of those stages might be difficult to fix during the post-placement implementation flow and could be the result of non-optimal XDC constraints or non-optimal design architecture
Related violations: <none>

TIMING-16#198 Warning
Large setup violation  
There is a large setup violation of -1.430 ns between DEMO_i/rst_ps7_0_50M/U0/ACTIVE_LOW_PR_OUT_DFF[0].FDRE_PER_N/C (clocked by clk_fpga_0) and DEMO_i/BuzzerBooster_Driver_0/U0/BuzzerBooster_Driver_v1_0_S00_AXI_inst/duty_cycle3__0/RSTA (clocked by clk_fpga_0). Large setup violations at the end of those stages might be difficult to fix during the post-placement implementation flow and could be the result of non-optimal XDC constraints or non-optimal design architecture
Related violations: <none>

TIMING-16#199 Warning
Large setup violation  
There is a large setup violation of -1.439 ns between DEMO_i/rst_ps7_0_50M/U0/ACTIVE_LOW_PR_OUT_DFF[0].FDRE_PER_N/C (clocked by clk_fpga_0) and DEMO_i/BuzzerBooster_Driver_0/U0/BuzzerBooster_Driver_v1_0_S00_AXI_inst/slv_reg0_reg[11]/R (clocked by clk_fpga_0). Large setup violations at the end of those stages might be difficult to fix during the post-placement implementation flow and could be the result of non-optimal XDC constraints or non-optimal design architecture
Related violations: <none>

TIMING-16#200 Warning
Large setup violation  
There is a large setup violation of -1.439 ns between DEMO_i/rst_ps7_0_50M/U0/ACTIVE_LOW_PR_OUT_DFF[0].FDRE_PER_N/C (clocked by clk_fpga_0) and DEMO_i/BuzzerBooster_Driver_0/U0/BuzzerBooster_Driver_v1_0_S00_AXI_inst/slv_reg0_reg[12]/R (clocked by clk_fpga_0). Large setup violations at the end of those stages might be difficult to fix during the post-placement implementation flow and could be the result of non-optimal XDC constraints or non-optimal design architecture
Related violations: <none>

TIMING-16#201 Warning
Large setup violation  
There is a large setup violation of -1.439 ns between DEMO_i/rst_ps7_0_50M/U0/ACTIVE_LOW_PR_OUT_DFF[0].FDRE_PER_N/C (clocked by clk_fpga_0) and DEMO_i/BuzzerBooster_Driver_0/U0/BuzzerBooster_Driver_v1_0_S00_AXI_inst/slv_reg0_reg[15]/R (clocked by clk_fpga_0). Large setup violations at the end of those stages might be difficult to fix during the post-placement implementation flow and could be the result of non-optimal XDC constraints or non-optimal design architecture
Related violations: <none>

TIMING-16#202 Warning
Large setup violation  
There is a large setup violation of -1.439 ns between DEMO_i/rst_ps7_0_50M/U0/ACTIVE_LOW_PR_OUT_DFF[0].FDRE_PER_N/C (clocked by clk_fpga_0) and DEMO_i/BuzzerBooster_Driver_0/U0/BuzzerBooster_Driver_v1_0_S00_AXI_inst/slv_reg0_reg[8]/R (clocked by clk_fpga_0). Large setup violations at the end of those stages might be difficult to fix during the post-placement implementation flow and could be the result of non-optimal XDC constraints or non-optimal design architecture
Related violations: <none>

TIMING-16#203 Warning
Large setup violation  
There is a large setup violation of -1.443 ns between DEMO_i/rst_ps7_0_50M/U0/ACTIVE_LOW_PR_OUT_DFF[0].FDRE_PER_N/C (clocked by clk_fpga_0) and DEMO_i/axi_iic_0/U0/X_IIC/REG_INTERFACE_I/timing_param_thdsta_i_reg[0]/R (clocked by clk_fpga_0). Large setup violations at the end of those stages might be difficult to fix during the post-placement implementation flow and could be the result of non-optimal XDC constraints or non-optimal design architecture
Related violations: <none>

TIMING-16#204 Warning
Large setup violation  
There is a large setup violation of -1.443 ns between DEMO_i/rst_ps7_0_50M/U0/ACTIVE_LOW_PR_OUT_DFF[0].FDRE_PER_N/C (clocked by clk_fpga_0) and DEMO_i/axi_iic_0/U0/X_IIC/REG_INTERFACE_I/timing_param_thdsta_i_reg[2]/S (clocked by clk_fpga_0). Large setup violations at the end of those stages might be difficult to fix during the post-placement implementation flow and could be the result of non-optimal XDC constraints or non-optimal design architecture
Related violations: <none>

TIMING-16#205 Warning
Large setup violation  
There is a large setup violation of -1.443 ns between DEMO_i/rst_ps7_0_50M/U0/ACTIVE_LOW_PR_OUT_DFF[0].FDRE_PER_N/C (clocked by clk_fpga_0) and DEMO_i/axi_iic_0/U0/X_IIC/REG_INTERFACE_I/timing_param_thdsta_i_reg[4]/R (clocked by clk_fpga_0). Large setup violations at the end of those stages might be difficult to fix during the post-placement implementation flow and could be the result of non-optimal XDC constraints or non-optimal design architecture
Related violations: <none>

TIMING-16#206 Warning
Large setup violation  
There is a large setup violation of -1.443 ns between DEMO_i/rst_ps7_0_50M/U0/ACTIVE_LOW_PR_OUT_DFF[0].FDRE_PER_N/C (clocked by clk_fpga_0) and DEMO_i/axi_iic_0/U0/X_IIC/REG_INTERFACE_I/timing_param_thdsta_i_reg[7]/S (clocked by clk_fpga_0). Large setup violations at the end of those stages might be difficult to fix during the post-placement implementation flow and could be the result of non-optimal XDC constraints or non-optimal design architecture
Related violations: <none>

TIMING-16#207 Warning
Large setup violation  
There is a large setup violation of -1.477 ns between DEMO_i/rst_ps7_0_50M/U0/ACTIVE_LOW_PR_OUT_DFF[0].FDRE_PER_N/C (clocked by clk_fpga_0) and DEMO_i/axi_timer_2/U0/TC_CORE_I/TIMER_CONTROL_I/TCSR0_GENERATE[20].TCSR0_FF_I/R (clocked by clk_fpga_0). Large setup violations at the end of those stages might be difficult to fix during the post-placement implementation flow and could be the result of non-optimal XDC constraints or non-optimal design architecture
Related violations: <none>

TIMING-16#208 Warning
Large setup violation  
There is a large setup violation of -1.486 ns between DEMO_i/rst_ps7_0_50M/U0/ACTIVE_LOW_PR_OUT_DFF[0].FDRE_PER_N/C (clocked by clk_fpga_0) and DEMO_i/BuzzerBooster_Driver_0/U0/BuzzerBooster_Driver_v1_0_S00_AXI_inst/slv_reg0_reg[26]/R (clocked by clk_fpga_0). Large setup violations at the end of those stages might be difficult to fix during the post-placement implementation flow and could be the result of non-optimal XDC constraints or non-optimal design architecture
Related violations: <none>

TIMING-16#209 Warning
Large setup violation  
There is a large setup violation of -1.486 ns between DEMO_i/rst_ps7_0_50M/U0/ACTIVE_LOW_PR_OUT_DFF[0].FDRE_PER_N/C (clocked by clk_fpga_0) and DEMO_i/BuzzerBooster_Driver_0/U0/BuzzerBooster_Driver_v1_0_S00_AXI_inst/slv_reg0_reg[27]/R (clocked by clk_fpga_0). Large setup violations at the end of those stages might be difficult to fix during the post-placement implementation flow and could be the result of non-optimal XDC constraints or non-optimal design architecture
Related violations: <none>

TIMING-16#210 Warning
Large setup violation  
There is a large setup violation of -1.486 ns between DEMO_i/rst_ps7_0_50M/U0/ACTIVE_LOW_PR_OUT_DFF[0].FDRE_PER_N/C (clocked by clk_fpga_0) and DEMO_i/BuzzerBooster_Driver_0/U0/BuzzerBooster_Driver_v1_0_S00_AXI_inst/slv_reg0_reg[30]/R (clocked by clk_fpga_0). Large setup violations at the end of those stages might be difficult to fix during the post-placement implementation flow and could be the result of non-optimal XDC constraints or non-optimal design architecture
Related violations: <none>

TIMING-16#211 Warning
Large setup violation  
There is a large setup violation of -1.486 ns between DEMO_i/rst_ps7_0_50M/U0/ACTIVE_LOW_PR_OUT_DFF[0].FDRE_PER_N/C (clocked by clk_fpga_0) and DEMO_i/BuzzerBooster_Driver_0/U0/BuzzerBooster_Driver_v1_0_S00_AXI_inst/slv_reg0_reg[31]/R (clocked by clk_fpga_0). Large setup violations at the end of those stages might be difficult to fix during the post-placement implementation flow and could be the result of non-optimal XDC constraints or non-optimal design architecture
Related violations: <none>

TIMING-16#212 Warning
Large setup violation  
There is a large setup violation of -1.497 ns between DEMO_i/rst_ps7_0_50M/U0/ACTIVE_LOW_PR_OUT_DFF[0].FDRE_PER_N/C (clocked by clk_fpga_0) and DEMO_i/BuzzerBooster_Driver_0/U0/BuzzerBooster_Driver_v1_0_S00_AXI_inst/duration_counter_reg[24]/R (clocked by clk_fpga_0). Large setup violations at the end of those stages might be difficult to fix during the post-placement implementation flow and could be the result of non-optimal XDC constraints or non-optimal design architecture
Related violations: <none>

TIMING-16#213 Warning
Large setup violation  
There is a large setup violation of -1.497 ns between DEMO_i/rst_ps7_0_50M/U0/ACTIVE_LOW_PR_OUT_DFF[0].FDRE_PER_N/C (clocked by clk_fpga_0) and DEMO_i/BuzzerBooster_Driver_0/U0/BuzzerBooster_Driver_v1_0_S00_AXI_inst/duration_counter_reg[25]/R (clocked by clk_fpga_0). Large setup violations at the end of those stages might be difficult to fix during the post-placement implementation flow and could be the result of non-optimal XDC constraints or non-optimal design architecture
Related violations: <none>

TIMING-16#214 Warning
Large setup violation  
There is a large setup violation of -1.497 ns between DEMO_i/rst_ps7_0_50M/U0/ACTIVE_LOW_PR_OUT_DFF[0].FDRE_PER_N/C (clocked by clk_fpga_0) and DEMO_i/BuzzerBooster_Driver_0/U0/BuzzerBooster_Driver_v1_0_S00_AXI_inst/duration_counter_reg[26]/R (clocked by clk_fpga_0). Large setup violations at the end of those stages might be difficult to fix during the post-placement implementation flow and could be the result of non-optimal XDC constraints or non-optimal design architecture
Related violations: <none>

TIMING-16#215 Warning
Large setup violation  
There is a large setup violation of -1.497 ns between DEMO_i/rst_ps7_0_50M/U0/ACTIVE_LOW_PR_OUT_DFF[0].FDRE_PER_N/C (clocked by clk_fpga_0) and DEMO_i/BuzzerBooster_Driver_0/U0/BuzzerBooster_Driver_v1_0_S00_AXI_inst/duration_counter_reg[27]/R (clocked by clk_fpga_0). Large setup violations at the end of those stages might be difficult to fix during the post-placement implementation flow and could be the result of non-optimal XDC constraints or non-optimal design architecture
Related violations: <none>

TIMING-16#216 Warning
Large setup violation  
There is a large setup violation of -1.498 ns between DEMO_i/rst_ps7_0_50M/U0/ACTIVE_LOW_PR_OUT_DFF[0].FDRE_PER_N/C (clocked by clk_fpga_0) and DEMO_i/axi_iic_0/U0/X_IIC/REG_INTERFACE_I/RD_FIFO_CNTRL.ro_prev_i_reg/D (clocked by clk_fpga_0). Large setup violations at the end of those stages might be difficult to fix during the post-placement implementation flow and could be the result of non-optimal XDC constraints or non-optimal design architecture
Related violations: <none>

TIMING-16#217 Warning
Large setup violation  
There is a large setup violation of -1.511 ns between DEMO_i/rst_ps7_0_50M/U0/ACTIVE_LOW_PR_OUT_DFF[0].FDRE_PER_N/C (clocked by clk_fpga_0) and DEMO_i/axi_iic_0/U0/X_IIC/Rc_fifo_wr_d_reg/R (clocked by clk_fpga_0). Large setup violations at the end of those stages might be difficult to fix during the post-placement implementation flow and could be the result of non-optimal XDC constraints or non-optimal design architecture
Related violations: <none>

TIMING-16#218 Warning
Large setup violation  
There is a large setup violation of -1.514 ns between DEMO_i/rst_ps7_0_50M/U0/ACTIVE_LOW_PR_OUT_DFF[0].FDRE_PER_N/C (clocked by clk_fpga_0) and DEMO_i/axi_iic_0/U0/X_IIC/X_AXI_IPIF_SSP1/AXI_LITE_IPIF_I/I_SLAVE_ATTACHMENT/I_DECODER/GEN_BKEND_CE_REGISTERS[28].ce_out_i_reg[28]/R (clocked by clk_fpga_0). Large setup violations at the end of those stages might be difficult to fix during the post-placement implementation flow and could be the result of non-optimal XDC constraints or non-optimal design architecture
Related violations: <none>

TIMING-16#219 Warning
Large setup violation  
There is a large setup violation of -1.514 ns between DEMO_i/rst_ps7_0_50M/U0/ACTIVE_LOW_PR_OUT_DFF[0].FDRE_PER_N/C (clocked by clk_fpga_0) and DEMO_i/axi_iic_0/U0/X_IIC/X_AXI_IPIF_SSP1/AXI_LITE_IPIF_I/I_SLAVE_ATTACHMENT/I_DECODER/GEN_BKEND_CE_REGISTERS[29].ce_out_i_reg[29]/R (clocked by clk_fpga_0). Large setup violations at the end of those stages might be difficult to fix during the post-placement implementation flow and could be the result of non-optimal XDC constraints or non-optimal design architecture
Related violations: <none>

TIMING-16#220 Warning
Large setup violation  
There is a large setup violation of -1.514 ns between DEMO_i/rst_ps7_0_50M/U0/ACTIVE_LOW_PR_OUT_DFF[0].FDRE_PER_N/C (clocked by clk_fpga_0) and DEMO_i/axi_iic_0/U0/X_IIC/X_AXI_IPIF_SSP1/AXI_LITE_IPIF_I/I_SLAVE_ATTACHMENT/I_DECODER/GEN_BKEND_CE_REGISTERS[30].ce_out_i_reg[30]/R (clocked by clk_fpga_0). Large setup violations at the end of those stages might be difficult to fix during the post-placement implementation flow and could be the result of non-optimal XDC constraints or non-optimal design architecture
Related violations: <none>

TIMING-16#221 Warning
Large setup violation  
There is a large setup violation of -1.514 ns between DEMO_i/rst_ps7_0_50M/U0/ACTIVE_LOW_PR_OUT_DFF[0].FDRE_PER_N/C (clocked by clk_fpga_0) and DEMO_i/axi_iic_0/U0/X_IIC/X_AXI_IPIF_SSP1/AXI_LITE_IPIF_I/I_SLAVE_ATTACHMENT/I_DECODER/GEN_BKEND_CE_REGISTERS[31].ce_out_i_reg[31]/R (clocked by clk_fpga_0). Large setup violations at the end of those stages might be difficult to fix during the post-placement implementation flow and could be the result of non-optimal XDC constraints or non-optimal design architecture
Related violations: <none>

TIMING-16#222 Warning
Large setup violation  
There is a large setup violation of -1.521 ns between DEMO_i/ps7_0_axi_periph/xbar/inst/gen_sasd.crossbar_sasd_0/m_atarget_enc_reg[3]/C (clocked by clk_fpga_0) and DEMO_i/ps7_0_axi_periph/xbar/inst/gen_sasd.crossbar_sasd_0/reg_slice_r/m_payload_i_reg[4]/D (clocked by clk_fpga_0). Large setup violations at the end of those stages might be difficult to fix during the post-placement implementation flow and could be the result of non-optimal XDC constraints or non-optimal design architecture
Related violations: <none>

TIMING-16#223 Warning
Large setup violation  
There is a large setup violation of -1.541 ns between DEMO_i/rst_ps7_0_50M/U0/ACTIVE_LOW_PR_OUT_DFF[0].FDRE_PER_N/C (clocked by clk_fpga_0) and DEMO_i/BuzzerBooster_Driver_0/U0/BuzzerBooster_Driver_v1_0_S00_AXI_inst/pwm_counter_reg[24]/R (clocked by clk_fpga_0). Large setup violations at the end of those stages might be difficult to fix during the post-placement implementation flow and could be the result of non-optimal XDC constraints or non-optimal design architecture
Related violations: <none>

TIMING-16#224 Warning
Large setup violation  
There is a large setup violation of -1.541 ns between DEMO_i/rst_ps7_0_50M/U0/ACTIVE_LOW_PR_OUT_DFF[0].FDRE_PER_N/C (clocked by clk_fpga_0) and DEMO_i/BuzzerBooster_Driver_0/U0/BuzzerBooster_Driver_v1_0_S00_AXI_inst/pwm_counter_reg[25]/R (clocked by clk_fpga_0). Large setup violations at the end of those stages might be difficult to fix during the post-placement implementation flow and could be the result of non-optimal XDC constraints or non-optimal design architecture
Related violations: <none>

TIMING-16#225 Warning
Large setup violation  
There is a large setup violation of -1.541 ns between DEMO_i/rst_ps7_0_50M/U0/ACTIVE_LOW_PR_OUT_DFF[0].FDRE_PER_N/C (clocked by clk_fpga_0) and DEMO_i/BuzzerBooster_Driver_0/U0/BuzzerBooster_Driver_v1_0_S00_AXI_inst/pwm_counter_reg[26]/R (clocked by clk_fpga_0). Large setup violations at the end of those stages might be difficult to fix during the post-placement implementation flow and could be the result of non-optimal XDC constraints or non-optimal design architecture
Related violations: <none>

TIMING-16#226 Warning
Large setup violation  
There is a large setup violation of -1.541 ns between DEMO_i/rst_ps7_0_50M/U0/ACTIVE_LOW_PR_OUT_DFF[0].FDRE_PER_N/C (clocked by clk_fpga_0) and DEMO_i/BuzzerBooster_Driver_0/U0/BuzzerBooster_Driver_v1_0_S00_AXI_inst/pwm_counter_reg[27]/R (clocked by clk_fpga_0). Large setup violations at the end of those stages might be difficult to fix during the post-placement implementation flow and could be the result of non-optimal XDC constraints or non-optimal design architecture
Related violations: <none>

TIMING-16#227 Warning
Large setup violation  
There is a large setup violation of -1.549 ns between DEMO_i/ps7_0_axi_periph/xbar/inst/gen_sasd.crossbar_sasd_0/m_atarget_enc_reg[3]/C (clocked by clk_fpga_0) and DEMO_i/ps7_0_axi_periph/xbar/inst/gen_sasd.crossbar_sasd_0/reg_slice_r/m_payload_i_reg[21]/D (clocked by clk_fpga_0). Large setup violations at the end of those stages might be difficult to fix during the post-placement implementation flow and could be the result of non-optimal XDC constraints or non-optimal design architecture
Related violations: <none>

TIMING-16#228 Warning
Large setup violation  
There is a large setup violation of -1.555 ns between DEMO_i/BuzzerBooster_Driver_0/U0/BuzzerBooster_Driver_v1_0_S00_AXI_inst/pwm_cycles_reg[13]/C (clocked by clk_fpga_0) and DEMO_i/BuzzerBooster_Driver_0/U0/BuzzerBooster_Driver_v1_0_S00_AXI_inst/duty_cycle_reg[0]/D (clocked by clk_fpga_0). Large setup violations at the end of those stages might be difficult to fix during the post-placement implementation flow and could be the result of non-optimal XDC constraints or non-optimal design architecture
Related violations: <none>

TIMING-16#229 Warning
Large setup violation  
There is a large setup violation of -1.567 ns between DEMO_i/rst_ps7_0_50M/U0/ACTIVE_LOW_PR_OUT_DFF[0].FDRE_PER_N/C (clocked by clk_fpga_0) and DEMO_i/BuzzerBooster_Driver_0/U0/BuzzerBooster_Driver_v1_0_S00_AXI_inst/slv_reg0_reg[10]/R (clocked by clk_fpga_0). Large setup violations at the end of those stages might be difficult to fix during the post-placement implementation flow and could be the result of non-optimal XDC constraints or non-optimal design architecture
Related violations: <none>

TIMING-16#230 Warning
Large setup violation  
There is a large setup violation of -1.567 ns between DEMO_i/rst_ps7_0_50M/U0/ACTIVE_LOW_PR_OUT_DFF[0].FDRE_PER_N/C (clocked by clk_fpga_0) and DEMO_i/BuzzerBooster_Driver_0/U0/BuzzerBooster_Driver_v1_0_S00_AXI_inst/slv_reg0_reg[13]/R (clocked by clk_fpga_0). Large setup violations at the end of those stages might be difficult to fix during the post-placement implementation flow and could be the result of non-optimal XDC constraints or non-optimal design architecture
Related violations: <none>

TIMING-16#231 Warning
Large setup violation  
There is a large setup violation of -1.567 ns between DEMO_i/rst_ps7_0_50M/U0/ACTIVE_LOW_PR_OUT_DFF[0].FDRE_PER_N/C (clocked by clk_fpga_0) and DEMO_i/BuzzerBooster_Driver_0/U0/BuzzerBooster_Driver_v1_0_S00_AXI_inst/slv_reg0_reg[14]/R (clocked by clk_fpga_0). Large setup violations at the end of those stages might be difficult to fix during the post-placement implementation flow and could be the result of non-optimal XDC constraints or non-optimal design architecture
Related violations: <none>

TIMING-16#232 Warning
Large setup violation  
There is a large setup violation of -1.567 ns between DEMO_i/rst_ps7_0_50M/U0/ACTIVE_LOW_PR_OUT_DFF[0].FDRE_PER_N/C (clocked by clk_fpga_0) and DEMO_i/BuzzerBooster_Driver_0/U0/BuzzerBooster_Driver_v1_0_S00_AXI_inst/slv_reg0_reg[9]/R (clocked by clk_fpga_0). Large setup violations at the end of those stages might be difficult to fix during the post-placement implementation flow and could be the result of non-optimal XDC constraints or non-optimal design architecture
Related violations: <none>

TIMING-16#233 Warning
Large setup violation  
There is a large setup violation of -1.569 ns between DEMO_i/rst_ps7_0_50M/U0/ACTIVE_LOW_PR_OUT_DFF[0].FDRE_PER_N/C (clocked by clk_fpga_0) and DEMO_i/axi_iic_0/U0/X_IIC/REG_INTERFACE_I/timing_param_thddat_i_reg[1]/R (clocked by clk_fpga_0). Large setup violations at the end of those stages might be difficult to fix during the post-placement implementation flow and could be the result of non-optimal XDC constraints or non-optimal design architecture
Related violations: <none>

TIMING-16#234 Warning
Large setup violation  
There is a large setup violation of -1.569 ns between DEMO_i/rst_ps7_0_50M/U0/ACTIVE_LOW_PR_OUT_DFF[0].FDRE_PER_N/C (clocked by clk_fpga_0) and DEMO_i/axi_iic_0/U0/X_IIC/REG_INTERFACE_I/timing_param_thddat_i_reg[2]/R (clocked by clk_fpga_0). Large setup violations at the end of those stages might be difficult to fix during the post-placement implementation flow and could be the result of non-optimal XDC constraints or non-optimal design architecture
Related violations: <none>

TIMING-16#235 Warning
Large setup violation  
There is a large setup violation of -1.569 ns between DEMO_i/rst_ps7_0_50M/U0/ACTIVE_LOW_PR_OUT_DFF[0].FDRE_PER_N/C (clocked by clk_fpga_0) and DEMO_i/axi_iic_0/U0/X_IIC/REG_INTERFACE_I/timing_param_thddat_i_reg[4]/R (clocked by clk_fpga_0). Large setup violations at the end of those stages might be difficult to fix during the post-placement implementation flow and could be the result of non-optimal XDC constraints or non-optimal design architecture
Related violations: <none>

TIMING-16#236 Warning
Large setup violation  
There is a large setup violation of -1.569 ns between DEMO_i/rst_ps7_0_50M/U0/ACTIVE_LOW_PR_OUT_DFF[0].FDRE_PER_N/C (clocked by clk_fpga_0) and DEMO_i/axi_iic_0/U0/X_IIC/REG_INTERFACE_I/timing_param_thddat_i_reg[5]/R (clocked by clk_fpga_0). Large setup violations at the end of those stages might be difficult to fix during the post-placement implementation flow and could be the result of non-optimal XDC constraints or non-optimal design architecture
Related violations: <none>

TIMING-16#237 Warning
Large setup violation  
There is a large setup violation of -1.573 ns between DEMO_i/ps7_0_axi_periph/xbar/inst/gen_sasd.crossbar_sasd_0/m_atarget_enc_reg[3]/C (clocked by clk_fpga_0) and DEMO_i/ps7_0_axi_periph/xbar/inst/gen_sasd.crossbar_sasd_0/reg_slice_r/m_payload_i_reg[9]/D (clocked by clk_fpga_0). Large setup violations at the end of those stages might be difficult to fix during the post-placement implementation flow and could be the result of non-optimal XDC constraints or non-optimal design architecture
Related violations: <none>

TIMING-16#238 Warning
Large setup violation  
There is a large setup violation of -1.581 ns between DEMO_i/rst_ps7_0_50M/U0/ACTIVE_LOW_PR_OUT_DFF[0].FDRE_PER_N/C (clocked by clk_fpga_0) and DEMO_i/BuzzerBooster_Driver_0/U0/BuzzerBooster_Driver_v1_0_S00_AXI_inst/axi_rdata_reg[31]/R (clocked by clk_fpga_0). Large setup violations at the end of those stages might be difficult to fix during the post-placement implementation flow and could be the result of non-optimal XDC constraints or non-optimal design architecture
Related violations: <none>

TIMING-16#239 Warning
Large setup violation  
There is a large setup violation of -1.581 ns between DEMO_i/rst_ps7_0_50M/U0/ACTIVE_LOW_PR_OUT_DFF[0].FDRE_PER_N/C (clocked by clk_fpga_0) and DEMO_i/BuzzerBooster_Driver_0/U0/BuzzerBooster_Driver_v1_0_S00_AXI_inst/axi_rdata_reg[3]/R (clocked by clk_fpga_0). Large setup violations at the end of those stages might be difficult to fix during the post-placement implementation flow and could be the result of non-optimal XDC constraints or non-optimal design architecture
Related violations: <none>

TIMING-16#240 Warning
Large setup violation  
There is a large setup violation of -1.581 ns between DEMO_i/rst_ps7_0_50M/U0/ACTIVE_LOW_PR_OUT_DFF[0].FDRE_PER_N/C (clocked by clk_fpga_0) and DEMO_i/BuzzerBooster_Driver_0/U0/BuzzerBooster_Driver_v1_0_S00_AXI_inst/axi_rdata_reg[6]/R (clocked by clk_fpga_0). Large setup violations at the end of those stages might be difficult to fix during the post-placement implementation flow and could be the result of non-optimal XDC constraints or non-optimal design architecture
Related violations: <none>

TIMING-16#241 Warning
Large setup violation  
There is a large setup violation of -1.581 ns between DEMO_i/rst_ps7_0_50M/U0/ACTIVE_LOW_PR_OUT_DFF[0].FDRE_PER_N/C (clocked by clk_fpga_0) and DEMO_i/BuzzerBooster_Driver_0/U0/BuzzerBooster_Driver_v1_0_S00_AXI_inst/axi_rdata_reg[7]/R (clocked by clk_fpga_0). Large setup violations at the end of those stages might be difficult to fix during the post-placement implementation flow and could be the result of non-optimal XDC constraints or non-optimal design architecture
Related violations: <none>

TIMING-16#242 Warning
Large setup violation  
There is a large setup violation of -1.610 ns between DEMO_i/rst_ps7_0_50M/U0/ACTIVE_LOW_PR_OUT_DFF[0].FDRE_PER_N/C (clocked by clk_fpga_0) and DEMO_i/BuzzerBooster_Driver_0/U0/BuzzerBooster_Driver_v1_0_S00_AXI_inst/axi_rdata_reg[14]/R (clocked by clk_fpga_0). Large setup violations at the end of those stages might be difficult to fix during the post-placement implementation flow and could be the result of non-optimal XDC constraints or non-optimal design architecture
Related violations: <none>

TIMING-16#243 Warning
Large setup violation  
There is a large setup violation of -1.610 ns between DEMO_i/rst_ps7_0_50M/U0/ACTIVE_LOW_PR_OUT_DFF[0].FDRE_PER_N/C (clocked by clk_fpga_0) and DEMO_i/BuzzerBooster_Driver_0/U0/BuzzerBooster_Driver_v1_0_S00_AXI_inst/axi_rdata_reg[21]/R (clocked by clk_fpga_0). Large setup violations at the end of those stages might be difficult to fix during the post-placement implementation flow and could be the result of non-optimal XDC constraints or non-optimal design architecture
Related violations: <none>

TIMING-16#244 Warning
Large setup violation  
There is a large setup violation of -1.610 ns between DEMO_i/rst_ps7_0_50M/U0/ACTIVE_LOW_PR_OUT_DFF[0].FDRE_PER_N/C (clocked by clk_fpga_0) and DEMO_i/BuzzerBooster_Driver_0/U0/BuzzerBooster_Driver_v1_0_S00_AXI_inst/axi_rdata_reg[26]/R (clocked by clk_fpga_0). Large setup violations at the end of those stages might be difficult to fix during the post-placement implementation flow and could be the result of non-optimal XDC constraints or non-optimal design architecture
Related violations: <none>

TIMING-16#245 Warning
Large setup violation  
There is a large setup violation of -1.610 ns between DEMO_i/rst_ps7_0_50M/U0/ACTIVE_LOW_PR_OUT_DFF[0].FDRE_PER_N/C (clocked by clk_fpga_0) and DEMO_i/BuzzerBooster_Driver_0/U0/BuzzerBooster_Driver_v1_0_S00_AXI_inst/axi_rdata_reg[28]/R (clocked by clk_fpga_0). Large setup violations at the end of those stages might be difficult to fix during the post-placement implementation flow and could be the result of non-optimal XDC constraints or non-optimal design architecture
Related violations: <none>

TIMING-16#246 Warning
Large setup violation  
There is a large setup violation of -1.613 ns between DEMO_i/rst_ps7_0_50M/U0/ACTIVE_LOW_PR_OUT_DFF[0].FDRE_PER_N/C (clocked by clk_fpga_0) and DEMO_i/axi_timer_2/U0/TC_CORE_I/GEN_SECOND_TIMER.COUNTER_1_I/LOAD_REG_GEN[12].LOAD_REG_I/R (clocked by clk_fpga_0). Large setup violations at the end of those stages might be difficult to fix during the post-placement implementation flow and could be the result of non-optimal XDC constraints or non-optimal design architecture
Related violations: <none>

TIMING-16#247 Warning
Large setup violation  
There is a large setup violation of -1.613 ns between DEMO_i/rst_ps7_0_50M/U0/ACTIVE_LOW_PR_OUT_DFF[0].FDRE_PER_N/C (clocked by clk_fpga_0) and DEMO_i/axi_timer_2/U0/TC_CORE_I/GEN_SECOND_TIMER.COUNTER_1_I/LOAD_REG_GEN[14].LOAD_REG_I/R (clocked by clk_fpga_0). Large setup violations at the end of those stages might be difficult to fix during the post-placement implementation flow and could be the result of non-optimal XDC constraints or non-optimal design architecture
Related violations: <none>

TIMING-16#248 Warning
Large setup violation  
There is a large setup violation of -1.613 ns between DEMO_i/rst_ps7_0_50M/U0/ACTIVE_LOW_PR_OUT_DFF[0].FDRE_PER_N/C (clocked by clk_fpga_0) and DEMO_i/axi_timer_2/U0/TC_CORE_I/GEN_SECOND_TIMER.COUNTER_1_I/LOAD_REG_GEN[7].LOAD_REG_I/R (clocked by clk_fpga_0). Large setup violations at the end of those stages might be difficult to fix during the post-placement implementation flow and could be the result of non-optimal XDC constraints or non-optimal design architecture
Related violations: <none>

TIMING-16#249 Warning
Large setup violation  
There is a large setup violation of -1.623 ns between DEMO_i/rst_ps7_0_50M/U0/ACTIVE_LOW_PR_OUT_DFF[0].FDRE_PER_N/C (clocked by clk_fpga_0) and DEMO_i/axi_timer_1/U0/TC_CORE_I/COUNTER_0_I/LOAD_REG_GEN[10].LOAD_REG_I/R (clocked by clk_fpga_0). Large setup violations at the end of those stages might be difficult to fix during the post-placement implementation flow and could be the result of non-optimal XDC constraints or non-optimal design architecture
Related violations: <none>

TIMING-16#250 Warning
Large setup violation  
There is a large setup violation of -1.623 ns between DEMO_i/rst_ps7_0_50M/U0/ACTIVE_LOW_PR_OUT_DFF[0].FDRE_PER_N/C (clocked by clk_fpga_0) and DEMO_i/axi_timer_1/U0/TC_CORE_I/COUNTER_0_I/LOAD_REG_GEN[5].LOAD_REG_I/R (clocked by clk_fpga_0). Large setup violations at the end of those stages might be difficult to fix during the post-placement implementation flow and could be the result of non-optimal XDC constraints or non-optimal design architecture
Related violations: <none>

TIMING-16#251 Warning
Large setup violation  
There is a large setup violation of -1.630 ns between DEMO_i/ps7_0_axi_periph/xbar/inst/gen_sasd.crossbar_sasd_0/m_atarget_enc_reg[0]/C (clocked by clk_fpga_0) and DEMO_i/ps7_0_axi_periph/xbar/inst/gen_sasd.crossbar_sasd_0/splitter_aw/m_ready_d_reg[0]/D (clocked by clk_fpga_0). Large setup violations at the end of those stages might be difficult to fix during the post-placement implementation flow and could be the result of non-optimal XDC constraints or non-optimal design architecture
Related violations: <none>

TIMING-16#252 Warning
Large setup violation  
There is a large setup violation of -1.636 ns between DEMO_i/rst_ps7_0_50M/U0/ACTIVE_LOW_PR_OUT_DFF[0].FDRE_PER_N/C (clocked by clk_fpga_0) and DEMO_i/BuzzerBooster_Driver_0/U0/BuzzerBooster_Driver_v1_0_S00_AXI_inst/slv_reg2_reg[24]/R (clocked by clk_fpga_0). Large setup violations at the end of those stages might be difficult to fix during the post-placement implementation flow and could be the result of non-optimal XDC constraints or non-optimal design architecture
Related violations: <none>

TIMING-16#253 Warning
Large setup violation  
There is a large setup violation of -1.636 ns between DEMO_i/rst_ps7_0_50M/U0/ACTIVE_LOW_PR_OUT_DFF[0].FDRE_PER_N/C (clocked by clk_fpga_0) and DEMO_i/BuzzerBooster_Driver_0/U0/BuzzerBooster_Driver_v1_0_S00_AXI_inst/slv_reg2_reg[25]/R (clocked by clk_fpga_0). Large setup violations at the end of those stages might be difficult to fix during the post-placement implementation flow and could be the result of non-optimal XDC constraints or non-optimal design architecture
Related violations: <none>

TIMING-16#254 Warning
Large setup violation  
There is a large setup violation of -1.636 ns between DEMO_i/rst_ps7_0_50M/U0/ACTIVE_LOW_PR_OUT_DFF[0].FDRE_PER_N/C (clocked by clk_fpga_0) and DEMO_i/BuzzerBooster_Driver_0/U0/BuzzerBooster_Driver_v1_0_S00_AXI_inst/slv_reg2_reg[28]/R (clocked by clk_fpga_0). Large setup violations at the end of those stages might be difficult to fix during the post-placement implementation flow and could be the result of non-optimal XDC constraints or non-optimal design architecture
Related violations: <none>

TIMING-16#255 Warning
Large setup violation  
There is a large setup violation of -1.636 ns between DEMO_i/rst_ps7_0_50M/U0/ACTIVE_LOW_PR_OUT_DFF[0].FDRE_PER_N/C (clocked by clk_fpga_0) and DEMO_i/BuzzerBooster_Driver_0/U0/BuzzerBooster_Driver_v1_0_S00_AXI_inst/slv_reg2_reg[29]/R (clocked by clk_fpga_0). Large setup violations at the end of those stages might be difficult to fix during the post-placement implementation flow and could be the result of non-optimal XDC constraints or non-optimal design architecture
Related violations: <none>

TIMING-16#256 Warning
Large setup violation  
There is a large setup violation of -1.639 ns between DEMO_i/rst_ps7_0_50M/U0/ACTIVE_LOW_PR_OUT_DFF[0].FDRE_PER_N/C (clocked by clk_fpga_0) and DEMO_i/BuzzerBooster_Driver_0/U0/BuzzerBooster_Driver_v1_0_S00_AXI_inst/duty_cycle_reg[11]/R (clocked by clk_fpga_0). Large setup violations at the end of those stages might be difficult to fix during the post-placement implementation flow and could be the result of non-optimal XDC constraints or non-optimal design architecture
Related violations: <none>

TIMING-16#257 Warning
Large setup violation  
There is a large setup violation of -1.639 ns between DEMO_i/rst_ps7_0_50M/U0/ACTIVE_LOW_PR_OUT_DFF[0].FDRE_PER_N/C (clocked by clk_fpga_0) and DEMO_i/BuzzerBooster_Driver_0/U0/BuzzerBooster_Driver_v1_0_S00_AXI_inst/duty_cycle_reg[20]/R (clocked by clk_fpga_0). Large setup violations at the end of those stages might be difficult to fix during the post-placement implementation flow and could be the result of non-optimal XDC constraints or non-optimal design architecture
Related violations: <none>

TIMING-16#258 Warning
Large setup violation  
There is a large setup violation of -1.639 ns between DEMO_i/rst_ps7_0_50M/U0/ACTIVE_LOW_PR_OUT_DFF[0].FDRE_PER_N/C (clocked by clk_fpga_0) and DEMO_i/BuzzerBooster_Driver_0/U0/BuzzerBooster_Driver_v1_0_S00_AXI_inst/duty_cycle_reg[31]/R (clocked by clk_fpga_0). Large setup violations at the end of those stages might be difficult to fix during the post-placement implementation flow and could be the result of non-optimal XDC constraints or non-optimal design architecture
Related violations: <none>

TIMING-16#259 Warning
Large setup violation  
There is a large setup violation of -1.639 ns between DEMO_i/rst_ps7_0_50M/U0/ACTIVE_LOW_PR_OUT_DFF[0].FDRE_PER_N/C (clocked by clk_fpga_0) and DEMO_i/BuzzerBooster_Driver_0/U0/BuzzerBooster_Driver_v1_0_S00_AXI_inst/duty_cycle_reg[9]/R (clocked by clk_fpga_0). Large setup violations at the end of those stages might be difficult to fix during the post-placement implementation flow and could be the result of non-optimal XDC constraints or non-optimal design architecture
Related violations: <none>

TIMING-16#260 Warning
Large setup violation  
There is a large setup violation of -1.649 ns between DEMO_i/ps7_0_axi_periph/xbar/inst/gen_sasd.crossbar_sasd_0/m_atarget_enc_reg[0]/C (clocked by clk_fpga_0) and DEMO_i/ps7_0_axi_periph/xbar/inst/gen_sasd.crossbar_sasd_0/splitter_aw/m_ready_d_reg[2]/D (clocked by clk_fpga_0). Large setup violations at the end of those stages might be difficult to fix during the post-placement implementation flow and could be the result of non-optimal XDC constraints or non-optimal design architecture
Related violations: <none>

TIMING-16#261 Warning
Large setup violation  
There is a large setup violation of -1.665 ns between DEMO_i/rst_ps7_0_50M/U0/ACTIVE_LOW_PR_OUT_DFF[0].FDRE_PER_N/C (clocked by clk_fpga_0) and DEMO_i/axi_timer_2/U0/TC_CORE_I/COUNTER_0_I/LOAD_REG_GEN[12].LOAD_REG_I/R (clocked by clk_fpga_0). Large setup violations at the end of those stages might be difficult to fix during the post-placement implementation flow and could be the result of non-optimal XDC constraints or non-optimal design architecture
Related violations: <none>

TIMING-16#262 Warning
Large setup violation  
There is a large setup violation of -1.665 ns between DEMO_i/rst_ps7_0_50M/U0/ACTIVE_LOW_PR_OUT_DFF[0].FDRE_PER_N/C (clocked by clk_fpga_0) and DEMO_i/axi_timer_2/U0/TC_CORE_I/COUNTER_0_I/LOAD_REG_GEN[9].LOAD_REG_I/R (clocked by clk_fpga_0). Large setup violations at the end of those stages might be difficult to fix during the post-placement implementation flow and could be the result of non-optimal XDC constraints or non-optimal design architecture
Related violations: <none>

TIMING-16#263 Warning
Large setup violation  
There is a large setup violation of -1.673 ns between DEMO_i/ps7_0_axi_periph/xbar/inst/gen_sasd.crossbar_sasd_0/m_atarget_enc_reg[3]/C (clocked by clk_fpga_0) and DEMO_i/ps7_0_axi_periph/xbar/inst/gen_sasd.crossbar_sasd_0/reg_slice_r/m_payload_i_reg[6]/D (clocked by clk_fpga_0). Large setup violations at the end of those stages might be difficult to fix during the post-placement implementation flow and could be the result of non-optimal XDC constraints or non-optimal design architecture
Related violations: <none>

TIMING-16#264 Warning
Large setup violation  
There is a large setup violation of -1.678 ns between DEMO_i/rst_ps7_0_50M/U0/ACTIVE_LOW_PR_OUT_DFF[0].FDRE_PER_N/C (clocked by clk_fpga_0) and DEMO_i/BuzzerBooster_Driver_0/U0/BuzzerBooster_Driver_v1_0_S00_AXI_inst/pwm_counter_reg[28]/R (clocked by clk_fpga_0). Large setup violations at the end of those stages might be difficult to fix during the post-placement implementation flow and could be the result of non-optimal XDC constraints or non-optimal design architecture
Related violations: <none>

TIMING-16#265 Warning
Large setup violation  
There is a large setup violation of -1.678 ns between DEMO_i/rst_ps7_0_50M/U0/ACTIVE_LOW_PR_OUT_DFF[0].FDRE_PER_N/C (clocked by clk_fpga_0) and DEMO_i/BuzzerBooster_Driver_0/U0/BuzzerBooster_Driver_v1_0_S00_AXI_inst/pwm_counter_reg[29]/R (clocked by clk_fpga_0). Large setup violations at the end of those stages might be difficult to fix during the post-placement implementation flow and could be the result of non-optimal XDC constraints or non-optimal design architecture
Related violations: <none>

TIMING-16#266 Warning
Large setup violation  
There is a large setup violation of -1.678 ns between DEMO_i/rst_ps7_0_50M/U0/ACTIVE_LOW_PR_OUT_DFF[0].FDRE_PER_N/C (clocked by clk_fpga_0) and DEMO_i/BuzzerBooster_Driver_0/U0/BuzzerBooster_Driver_v1_0_S00_AXI_inst/pwm_counter_reg[30]/R (clocked by clk_fpga_0). Large setup violations at the end of those stages might be difficult to fix during the post-placement implementation flow and could be the result of non-optimal XDC constraints or non-optimal design architecture
Related violations: <none>

TIMING-16#267 Warning
Large setup violation  
There is a large setup violation of -1.678 ns between DEMO_i/rst_ps7_0_50M/U0/ACTIVE_LOW_PR_OUT_DFF[0].FDRE_PER_N/C (clocked by clk_fpga_0) and DEMO_i/BuzzerBooster_Driver_0/U0/BuzzerBooster_Driver_v1_0_S00_AXI_inst/pwm_counter_reg[31]/R (clocked by clk_fpga_0). Large setup violations at the end of those stages might be difficult to fix during the post-placement implementation flow and could be the result of non-optimal XDC constraints or non-optimal design architecture
Related violations: <none>

TIMING-16#268 Warning
Large setup violation  
There is a large setup violation of -1.680 ns between DEMO_i/rst_ps7_0_50M/U0/ACTIVE_LOW_PR_OUT_DFF[0].FDRE_PER_N/C (clocked by clk_fpga_0) and DEMO_i/axi_iic_0/U0/X_IIC/REG_INTERFACE_I/timing_param_thigh_i_reg[0]/S (clocked by clk_fpga_0). Large setup violations at the end of those stages might be difficult to fix during the post-placement implementation flow and could be the result of non-optimal XDC constraints or non-optimal design architecture
Related violations: <none>

TIMING-16#269 Warning
Large setup violation  
There is a large setup violation of -1.680 ns between DEMO_i/rst_ps7_0_50M/U0/ACTIVE_LOW_PR_OUT_DFF[0].FDRE_PER_N/C (clocked by clk_fpga_0) and DEMO_i/axi_iic_0/U0/X_IIC/REG_INTERFACE_I/timing_param_thigh_i_reg[1]/R (clocked by clk_fpga_0). Large setup violations at the end of those stages might be difficult to fix during the post-placement implementation flow and could be the result of non-optimal XDC constraints or non-optimal design architecture
Related violations: <none>

TIMING-16#270 Warning
Large setup violation  
There is a large setup violation of -1.680 ns between DEMO_i/rst_ps7_0_50M/U0/ACTIVE_LOW_PR_OUT_DFF[0].FDRE_PER_N/C (clocked by clk_fpga_0) and DEMO_i/axi_iic_0/U0/X_IIC/REG_INTERFACE_I/timing_param_thigh_i_reg[2]/S (clocked by clk_fpga_0). Large setup violations at the end of those stages might be difficult to fix during the post-placement implementation flow and could be the result of non-optimal XDC constraints or non-optimal design architecture
Related violations: <none>

TIMING-16#271 Warning
Large setup violation  
There is a large setup violation of -1.680 ns between DEMO_i/rst_ps7_0_50M/U0/ACTIVE_LOW_PR_OUT_DFF[0].FDRE_PER_N/C (clocked by clk_fpga_0) and DEMO_i/axi_iic_0/U0/X_IIC/REG_INTERFACE_I/timing_param_thigh_i_reg[3]/S (clocked by clk_fpga_0). Large setup violations at the end of those stages might be difficult to fix during the post-placement implementation flow and could be the result of non-optimal XDC constraints or non-optimal design architecture
Related violations: <none>

TIMING-16#272 Warning
Large setup violation  
There is a large setup violation of -1.680 ns between DEMO_i/rst_ps7_0_50M/U0/ACTIVE_LOW_PR_OUT_DFF[0].FDRE_PER_N/C (clocked by clk_fpga_0) and DEMO_i/axi_iic_0/U0/X_IIC/REG_INTERFACE_I/timing_param_thigh_i_reg[4]/R (clocked by clk_fpga_0). Large setup violations at the end of those stages might be difficult to fix during the post-placement implementation flow and could be the result of non-optimal XDC constraints or non-optimal design architecture
Related violations: <none>

TIMING-16#273 Warning
Large setup violation  
There is a large setup violation of -1.680 ns between DEMO_i/rst_ps7_0_50M/U0/ACTIVE_LOW_PR_OUT_DFF[0].FDRE_PER_N/C (clocked by clk_fpga_0) and DEMO_i/axi_iic_0/U0/X_IIC/REG_INTERFACE_I/timing_param_thigh_i_reg[5]/S (clocked by clk_fpga_0). Large setup violations at the end of those stages might be difficult to fix during the post-placement implementation flow and could be the result of non-optimal XDC constraints or non-optimal design architecture
Related violations: <none>

TIMING-16#274 Warning
Large setup violation  
There is a large setup violation of -1.700 ns between DEMO_i/rst_ps7_0_50M/U0/ACTIVE_LOW_PR_OUT_DFF[0].FDRE_PER_N/C (clocked by clk_fpga_0) and DEMO_i/axi_timer_2/U0/TC_CORE_I/GEN_SECOND_TIMER.COUNTER_1_I/COUNTER_I/INFERRED_GEN.icount_out_reg[15]/R (clocked by clk_fpga_0). Large setup violations at the end of those stages might be difficult to fix during the post-placement implementation flow and could be the result of non-optimal XDC constraints or non-optimal design architecture
Related violations: <none>

TIMING-16#275 Warning
Large setup violation  
There is a large setup violation of -1.700 ns between DEMO_i/rst_ps7_0_50M/U0/ACTIVE_LOW_PR_OUT_DFF[0].FDRE_PER_N/C (clocked by clk_fpga_0) and DEMO_i/axi_timer_2/U0/TC_CORE_I/GEN_SECOND_TIMER.COUNTER_1_I/COUNTER_I/INFERRED_GEN.icount_out_reg[16]/R (clocked by clk_fpga_0). Large setup violations at the end of those stages might be difficult to fix during the post-placement implementation flow and could be the result of non-optimal XDC constraints or non-optimal design architecture
Related violations: <none>

TIMING-16#276 Warning
Large setup violation  
There is a large setup violation of -1.700 ns between DEMO_i/rst_ps7_0_50M/U0/ACTIVE_LOW_PR_OUT_DFF[0].FDRE_PER_N/C (clocked by clk_fpga_0) and DEMO_i/axi_timer_2/U0/TC_CORE_I/GEN_SECOND_TIMER.COUNTER_1_I/COUNTER_I/INFERRED_GEN.icount_out_reg[18]/R (clocked by clk_fpga_0). Large setup violations at the end of those stages might be difficult to fix during the post-placement implementation flow and could be the result of non-optimal XDC constraints or non-optimal design architecture
Related violations: <none>

TIMING-16#277 Warning
Large setup violation  
There is a large setup violation of -1.700 ns between DEMO_i/rst_ps7_0_50M/U0/ACTIVE_LOW_PR_OUT_DFF[0].FDRE_PER_N/C (clocked by clk_fpga_0) and DEMO_i/axi_timer_2/U0/TC_CORE_I/GEN_SECOND_TIMER.COUNTER_1_I/COUNTER_I/INFERRED_GEN.icount_out_reg[19]/R (clocked by clk_fpga_0). Large setup violations at the end of those stages might be difficult to fix during the post-placement implementation flow and could be the result of non-optimal XDC constraints or non-optimal design architecture
Related violations: <none>

TIMING-16#278 Warning
Large setup violation  
There is a large setup violation of -1.700 ns between DEMO_i/rst_ps7_0_50M/U0/ACTIVE_LOW_PR_OUT_DFF[0].FDRE_PER_N/C (clocked by clk_fpga_0) and DEMO_i/axi_timer_2/U0/TC_CORE_I/GEN_SECOND_TIMER.COUNTER_1_I/COUNTER_I/INFERRED_GEN.icount_out_reg[20]/R (clocked by clk_fpga_0). Large setup violations at the end of those stages might be difficult to fix during the post-placement implementation flow and could be the result of non-optimal XDC constraints or non-optimal design architecture
Related violations: <none>

TIMING-16#279 Warning
Large setup violation  
There is a large setup violation of -1.700 ns between DEMO_i/rst_ps7_0_50M/U0/ACTIVE_LOW_PR_OUT_DFF[0].FDRE_PER_N/C (clocked by clk_fpga_0) and DEMO_i/axi_timer_2/U0/TC_CORE_I/GEN_SECOND_TIMER.COUNTER_1_I/COUNTER_I/INFERRED_GEN.icount_out_reg[21]/R (clocked by clk_fpga_0). Large setup violations at the end of those stages might be difficult to fix during the post-placement implementation flow and could be the result of non-optimal XDC constraints or non-optimal design architecture
Related violations: <none>

TIMING-16#280 Warning
Large setup violation  
There is a large setup violation of -1.700 ns between DEMO_i/rst_ps7_0_50M/U0/ACTIVE_LOW_PR_OUT_DFF[0].FDRE_PER_N/C (clocked by clk_fpga_0) and DEMO_i/axi_timer_2/U0/TC_CORE_I/GEN_SECOND_TIMER.COUNTER_1_I/COUNTER_I/INFERRED_GEN.icount_out_reg[23]/R (clocked by clk_fpga_0). Large setup violations at the end of those stages might be difficult to fix during the post-placement implementation flow and could be the result of non-optimal XDC constraints or non-optimal design architecture
Related violations: <none>

TIMING-16#281 Warning
Large setup violation  
There is a large setup violation of -1.700 ns between DEMO_i/rst_ps7_0_50M/U0/ACTIVE_LOW_PR_OUT_DFF[0].FDRE_PER_N/C (clocked by clk_fpga_0) and DEMO_i/axi_timer_2/U0/TC_CORE_I/GEN_SECOND_TIMER.COUNTER_1_I/COUNTER_I/INFERRED_GEN.icount_out_reg[24]/R (clocked by clk_fpga_0). Large setup violations at the end of those stages might be difficult to fix during the post-placement implementation flow and could be the result of non-optimal XDC constraints or non-optimal design architecture
Related violations: <none>

TIMING-16#282 Warning
Large setup violation  
There is a large setup violation of -1.706 ns between DEMO_i/rst_ps7_0_50M/U0/ACTIVE_LOW_PR_OUT_DFF[0].FDRE_PER_N/C (clocked by clk_fpga_0) and DEMO_i/axi_timer_2/U0/TC_CORE_I/COUNTER_0_I/LOAD_REG_GEN[10].LOAD_REG_I/R (clocked by clk_fpga_0). Large setup violations at the end of those stages might be difficult to fix during the post-placement implementation flow and could be the result of non-optimal XDC constraints or non-optimal design architecture
Related violations: <none>

TIMING-16#283 Warning
Large setup violation  
There is a large setup violation of -1.706 ns between DEMO_i/rst_ps7_0_50M/U0/ACTIVE_LOW_PR_OUT_DFF[0].FDRE_PER_N/C (clocked by clk_fpga_0) and DEMO_i/axi_timer_2/U0/TC_CORE_I/COUNTER_0_I/LOAD_REG_GEN[11].LOAD_REG_I/R (clocked by clk_fpga_0). Large setup violations at the end of those stages might be difficult to fix during the post-placement implementation flow and could be the result of non-optimal XDC constraints or non-optimal design architecture
Related violations: <none>

TIMING-16#284 Warning
Large setup violation  
There is a large setup violation of -1.706 ns between DEMO_i/rst_ps7_0_50M/U0/ACTIVE_LOW_PR_OUT_DFF[0].FDRE_PER_N/C (clocked by clk_fpga_0) and DEMO_i/axi_timer_2/U0/TC_CORE_I/COUNTER_0_I/LOAD_REG_GEN[5].LOAD_REG_I/R (clocked by clk_fpga_0). Large setup violations at the end of those stages might be difficult to fix during the post-placement implementation flow and could be the result of non-optimal XDC constraints or non-optimal design architecture
Related violations: <none>

TIMING-16#285 Warning
Large setup violation  
There is a large setup violation of -1.706 ns between DEMO_i/rst_ps7_0_50M/U0/ACTIVE_LOW_PR_OUT_DFF[0].FDRE_PER_N/C (clocked by clk_fpga_0) and DEMO_i/axi_timer_2/U0/TC_CORE_I/COUNTER_0_I/LOAD_REG_GEN[6].LOAD_REG_I/R (clocked by clk_fpga_0). Large setup violations at the end of those stages might be difficult to fix during the post-placement implementation flow and could be the result of non-optimal XDC constraints or non-optimal design architecture
Related violations: <none>

TIMING-16#286 Warning
Large setup violation  
There is a large setup violation of -1.710 ns between DEMO_i/rst_ps7_0_50M/U0/ACTIVE_LOW_PR_OUT_DFF[0].FDRE_PER_N/C (clocked by clk_fpga_0) and DEMO_i/axi_timer_1/U0/TC_CORE_I/TIMER_CONTROL_I/Interrupt_reg/R (clocked by clk_fpga_0). Large setup violations at the end of those stages might be difficult to fix during the post-placement implementation flow and could be the result of non-optimal XDC constraints or non-optimal design architecture
Related violations: <none>

TIMING-16#287 Warning
Large setup violation  
There is a large setup violation of -1.710 ns between DEMO_i/rst_ps7_0_50M/U0/ACTIVE_LOW_PR_OUT_DFF[0].FDRE_PER_N/C (clocked by clk_fpga_0) and DEMO_i/axi_timer_1/U0/TC_CORE_I/TIMER_CONTROL_I/captureTrig0_pulse_d1_reg/R (clocked by clk_fpga_0). Large setup violations at the end of those stages might be difficult to fix during the post-placement implementation flow and could be the result of non-optimal XDC constraints or non-optimal design architecture
Related violations: <none>

TIMING-16#288 Warning
Large setup violation  
There is a large setup violation of -1.710 ns between DEMO_i/rst_ps7_0_50M/U0/ACTIVE_LOW_PR_OUT_DFF[0].FDRE_PER_N/C (clocked by clk_fpga_0) and DEMO_i/axi_timer_1/U0/TC_CORE_I/TIMER_CONTROL_I/captureTrig0_pulse_d2_reg/R (clocked by clk_fpga_0). Large setup violations at the end of those stages might be difficult to fix during the post-placement implementation flow and could be the result of non-optimal XDC constraints or non-optimal design architecture
Related violations: <none>

TIMING-16#289 Warning
Large setup violation  
There is a large setup violation of -1.710 ns between DEMO_i/rst_ps7_0_50M/U0/ACTIVE_LOW_PR_OUT_DFF[0].FDRE_PER_N/C (clocked by clk_fpga_0) and DEMO_i/axi_timer_1/U0/TC_CORE_I/TIMER_CONTROL_I/counter_TC_Reg2_reg/R (clocked by clk_fpga_0). Large setup violations at the end of those stages might be difficult to fix during the post-placement implementation flow and could be the result of non-optimal XDC constraints or non-optimal design architecture
Related violations: <none>

TIMING-16#290 Warning
Large setup violation  
There is a large setup violation of -1.710 ns between DEMO_i/rst_ps7_0_50M/U0/ACTIVE_LOW_PR_OUT_DFF[0].FDRE_PER_N/C (clocked by clk_fpga_0) and DEMO_i/axi_timer_1/U0/TC_CORE_I/TIMER_CONTROL_I/counter_TC_Reg_reg[0]/R (clocked by clk_fpga_0). Large setup violations at the end of those stages might be difficult to fix during the post-placement implementation flow and could be the result of non-optimal XDC constraints or non-optimal design architecture
Related violations: <none>

TIMING-16#291 Warning
Large setup violation  
There is a large setup violation of -1.710 ns between DEMO_i/rst_ps7_0_50M/U0/ACTIVE_LOW_PR_OUT_DFF[0].FDRE_PER_N/C (clocked by clk_fpga_0) and DEMO_i/axi_timer_1/U0/TC_CORE_I/TIMER_CONTROL_I/generateOutPre0_reg/R (clocked by clk_fpga_0). Large setup violations at the end of those stages might be difficult to fix during the post-placement implementation flow and could be the result of non-optimal XDC constraints or non-optimal design architecture
Related violations: <none>

TIMING-16#292 Warning
Large setup violation  
There is a large setup violation of -1.728 ns between DEMO_i/rst_ps7_0_50M/U0/ACTIVE_LOW_PR_OUT_DFF[0].FDRE_PER_N/C (clocked by clk_fpga_0) and DEMO_i/BuzzerBooster_Driver_0/U0/BuzzerBooster_Driver_v1_0_S00_AXI_inst/duration_counter_reg[0]/R (clocked by clk_fpga_0). Large setup violations at the end of those stages might be difficult to fix during the post-placement implementation flow and could be the result of non-optimal XDC constraints or non-optimal design architecture
Related violations: <none>

TIMING-16#293 Warning
Large setup violation  
There is a large setup violation of -1.728 ns between DEMO_i/rst_ps7_0_50M/U0/ACTIVE_LOW_PR_OUT_DFF[0].FDRE_PER_N/C (clocked by clk_fpga_0) and DEMO_i/BuzzerBooster_Driver_0/U0/BuzzerBooster_Driver_v1_0_S00_AXI_inst/duration_counter_reg[1]/R (clocked by clk_fpga_0). Large setup violations at the end of those stages might be difficult to fix during the post-placement implementation flow and could be the result of non-optimal XDC constraints or non-optimal design architecture
Related violations: <none>

TIMING-16#294 Warning
Large setup violation  
There is a large setup violation of -1.728 ns between DEMO_i/rst_ps7_0_50M/U0/ACTIVE_LOW_PR_OUT_DFF[0].FDRE_PER_N/C (clocked by clk_fpga_0) and DEMO_i/BuzzerBooster_Driver_0/U0/BuzzerBooster_Driver_v1_0_S00_AXI_inst/duration_counter_reg[2]/R (clocked by clk_fpga_0). Large setup violations at the end of those stages might be difficult to fix during the post-placement implementation flow and could be the result of non-optimal XDC constraints or non-optimal design architecture
Related violations: <none>

TIMING-16#295 Warning
Large setup violation  
There is a large setup violation of -1.728 ns between DEMO_i/rst_ps7_0_50M/U0/ACTIVE_LOW_PR_OUT_DFF[0].FDRE_PER_N/C (clocked by clk_fpga_0) and DEMO_i/BuzzerBooster_Driver_0/U0/BuzzerBooster_Driver_v1_0_S00_AXI_inst/duration_counter_reg[3]/R (clocked by clk_fpga_0). Large setup violations at the end of those stages might be difficult to fix during the post-placement implementation flow and could be the result of non-optimal XDC constraints or non-optimal design architecture
Related violations: <none>

TIMING-16#296 Warning
Large setup violation  
There is a large setup violation of -1.760 ns between DEMO_i/rst_ps7_0_50M/U0/ACTIVE_LOW_PR_OUT_DFF[0].FDRE_PER_N/C (clocked by clk_fpga_0) and DEMO_i/axi_timer_2/U0/TC_CORE_I/GEN_SECOND_TIMER.COUNTER_1_I/LOAD_REG_GEN[2].LOAD_REG_I/R (clocked by clk_fpga_0). Large setup violations at the end of those stages might be difficult to fix during the post-placement implementation flow and could be the result of non-optimal XDC constraints or non-optimal design architecture
Related violations: <none>

TIMING-16#297 Warning
Large setup violation  
There is a large setup violation of -1.760 ns between DEMO_i/rst_ps7_0_50M/U0/ACTIVE_LOW_PR_OUT_DFF[0].FDRE_PER_N/C (clocked by clk_fpga_0) and DEMO_i/axi_timer_2/U0/TC_CORE_I/GEN_SECOND_TIMER.COUNTER_1_I/LOAD_REG_GEN[4].LOAD_REG_I/R (clocked by clk_fpga_0). Large setup violations at the end of those stages might be difficult to fix during the post-placement implementation flow and could be the result of non-optimal XDC constraints or non-optimal design architecture
Related violations: <none>

TIMING-16#298 Warning
Large setup violation  
There is a large setup violation of -1.760 ns between DEMO_i/rst_ps7_0_50M/U0/ACTIVE_LOW_PR_OUT_DFF[0].FDRE_PER_N/C (clocked by clk_fpga_0) and DEMO_i/axi_timer_2/U0/TC_CORE_I/GEN_SECOND_TIMER.COUNTER_1_I/LOAD_REG_GEN[6].LOAD_REG_I/R (clocked by clk_fpga_0). Large setup violations at the end of those stages might be difficult to fix during the post-placement implementation flow and could be the result of non-optimal XDC constraints or non-optimal design architecture
Related violations: <none>

TIMING-16#299 Warning
Large setup violation  
There is a large setup violation of -1.760 ns between DEMO_i/rst_ps7_0_50M/U0/ACTIVE_LOW_PR_OUT_DFF[0].FDRE_PER_N/C (clocked by clk_fpga_0) and DEMO_i/axi_timer_2/U0/TC_CORE_I/GEN_SECOND_TIMER.COUNTER_1_I/LOAD_REG_GEN[9].LOAD_REG_I/R (clocked by clk_fpga_0). Large setup violations at the end of those stages might be difficult to fix during the post-placement implementation flow and could be the result of non-optimal XDC constraints or non-optimal design architecture
Related violations: <none>

TIMING-16#300 Warning
Large setup violation  
There is a large setup violation of -1.762 ns between DEMO_i/rst_ps7_0_50M/U0/ACTIVE_LOW_PR_OUT_DFF[0].FDRE_PER_N/C (clocked by clk_fpga_0) and DEMO_i/BuzzerBooster_Driver_0/U0/BuzzerBooster_Driver_v1_0_S00_AXI_inst/axi_araddr_reg[2]/S (clocked by clk_fpga_0). Large setup violations at the end of those stages might be difficult to fix during the post-placement implementation flow and could be the result of non-optimal XDC constraints or non-optimal design architecture
Related violations: <none>

TIMING-16#301 Warning
Large setup violation  
There is a large setup violation of -1.762 ns between DEMO_i/rst_ps7_0_50M/U0/ACTIVE_LOW_PR_OUT_DFF[0].FDRE_PER_N/C (clocked by clk_fpga_0) and DEMO_i/BuzzerBooster_Driver_0/U0/BuzzerBooster_Driver_v1_0_S00_AXI_inst/axi_awaddr_reg[2]/R (clocked by clk_fpga_0). Large setup violations at the end of those stages might be difficult to fix during the post-placement implementation flow and could be the result of non-optimal XDC constraints or non-optimal design architecture
Related violations: <none>

TIMING-16#302 Warning
Large setup violation  
There is a large setup violation of -1.762 ns between DEMO_i/rst_ps7_0_50M/U0/ACTIVE_LOW_PR_OUT_DFF[0].FDRE_PER_N/C (clocked by clk_fpga_0) and DEMO_i/BuzzerBooster_Driver_0/U0/BuzzerBooster_Driver_v1_0_S00_AXI_inst/axi_awaddr_reg[3]/R (clocked by clk_fpga_0). Large setup violations at the end of those stages might be difficult to fix during the post-placement implementation flow and could be the result of non-optimal XDC constraints or non-optimal design architecture
Related violations: <none>

TIMING-16#303 Warning
Large setup violation  
There is a large setup violation of -1.762 ns between DEMO_i/rst_ps7_0_50M/U0/ACTIVE_LOW_PR_OUT_DFF[0].FDRE_PER_N/C (clocked by clk_fpga_0) and DEMO_i/BuzzerBooster_Driver_0/U0/BuzzerBooster_Driver_v1_0_S00_AXI_inst/axi_bvalid_reg/R (clocked by clk_fpga_0). Large setup violations at the end of those stages might be difficult to fix during the post-placement implementation flow and could be the result of non-optimal XDC constraints or non-optimal design architecture
Related violations: <none>

TIMING-16#304 Warning
Large setup violation  
There is a large setup violation of -1.795 ns between DEMO_i/rst_ps7_0_50M/U0/ACTIVE_LOW_PR_OUT_DFF[0].FDRE_PER_N/C (clocked by clk_fpga_0) and DEMO_i/axi_timer_2/U0/TC_CORE_I/TIMER_CONTROL_I/TCSR1_GENERATE[22].TCSR1_FF_I/R (clocked by clk_fpga_0). Large setup violations at the end of those stages might be difficult to fix during the post-placement implementation flow and could be the result of non-optimal XDC constraints or non-optimal design architecture
Related violations: <none>

TIMING-16#305 Warning
Large setup violation  
There is a large setup violation of -1.795 ns between DEMO_i/rst_ps7_0_50M/U0/ACTIVE_LOW_PR_OUT_DFF[0].FDRE_PER_N/C (clocked by clk_fpga_0) and DEMO_i/axi_timer_2/U0/TC_CORE_I/TIMER_CONTROL_I/TCSR1_GENERATE[26].TCSR1_FF_I/R (clocked by clk_fpga_0). Large setup violations at the end of those stages might be difficult to fix during the post-placement implementation flow and could be the result of non-optimal XDC constraints or non-optimal design architecture
Related violations: <none>

TIMING-16#306 Warning
Large setup violation  
There is a large setup violation of -1.795 ns between DEMO_i/rst_ps7_0_50M/U0/ACTIVE_LOW_PR_OUT_DFF[0].FDRE_PER_N/C (clocked by clk_fpga_0) and DEMO_i/axi_timer_2/U0/TC_CORE_I/TIMER_CONTROL_I/TCSR1_GENERATE[29].TCSR1_FF_I/R (clocked by clk_fpga_0). Large setup violations at the end of those stages might be difficult to fix during the post-placement implementation flow and could be the result of non-optimal XDC constraints or non-optimal design architecture
Related violations: <none>

TIMING-16#307 Warning
Large setup violation  
There is a large setup violation of -1.795 ns between DEMO_i/rst_ps7_0_50M/U0/ACTIVE_LOW_PR_OUT_DFF[0].FDRE_PER_N/C (clocked by clk_fpga_0) and DEMO_i/axi_timer_2/U0/TC_CORE_I/TIMER_CONTROL_I/TCSR1_GENERATE[30].TCSR1_FF_I/R (clocked by clk_fpga_0). Large setup violations at the end of those stages might be difficult to fix during the post-placement implementation flow and could be the result of non-optimal XDC constraints or non-optimal design architecture
Related violations: <none>

TIMING-16#308 Warning
Large setup violation  
There is a large setup violation of -1.798 ns between DEMO_i/rst_ps7_0_50M/U0/ACTIVE_LOW_PR_OUT_DFF[0].FDRE_PER_N/C (clocked by clk_fpga_0) and DEMO_i/BuzzerBooster_Driver_0/U0/BuzzerBooster_Driver_v1_0_S00_AXI_inst/slv_reg2_reg[26]/R (clocked by clk_fpga_0). Large setup violations at the end of those stages might be difficult to fix during the post-placement implementation flow and could be the result of non-optimal XDC constraints or non-optimal design architecture
Related violations: <none>

TIMING-16#309 Warning
Large setup violation  
There is a large setup violation of -1.798 ns between DEMO_i/rst_ps7_0_50M/U0/ACTIVE_LOW_PR_OUT_DFF[0].FDRE_PER_N/C (clocked by clk_fpga_0) and DEMO_i/BuzzerBooster_Driver_0/U0/BuzzerBooster_Driver_v1_0_S00_AXI_inst/slv_reg2_reg[27]/R (clocked by clk_fpga_0). Large setup violations at the end of those stages might be difficult to fix during the post-placement implementation flow and could be the result of non-optimal XDC constraints or non-optimal design architecture
Related violations: <none>

TIMING-16#310 Warning
Large setup violation  
There is a large setup violation of -1.798 ns between DEMO_i/rst_ps7_0_50M/U0/ACTIVE_LOW_PR_OUT_DFF[0].FDRE_PER_N/C (clocked by clk_fpga_0) and DEMO_i/BuzzerBooster_Driver_0/U0/BuzzerBooster_Driver_v1_0_S00_AXI_inst/slv_reg2_reg[30]/R (clocked by clk_fpga_0). Large setup violations at the end of those stages might be difficult to fix during the post-placement implementation flow and could be the result of non-optimal XDC constraints or non-optimal design architecture
Related violations: <none>

TIMING-16#311 Warning
Large setup violation  
There is a large setup violation of -1.798 ns between DEMO_i/rst_ps7_0_50M/U0/ACTIVE_LOW_PR_OUT_DFF[0].FDRE_PER_N/C (clocked by clk_fpga_0) and DEMO_i/BuzzerBooster_Driver_0/U0/BuzzerBooster_Driver_v1_0_S00_AXI_inst/slv_reg2_reg[31]/R (clocked by clk_fpga_0). Large setup violations at the end of those stages might be difficult to fix during the post-placement implementation flow and could be the result of non-optimal XDC constraints or non-optimal design architecture
Related violations: <none>

TIMING-16#312 Warning
Large setup violation  
There is a large setup violation of -1.816 ns between DEMO_i/rst_ps7_0_50M/U0/ACTIVE_LOW_PR_OUT_DFF[0].FDRE_PER_N/C (clocked by clk_fpga_0) and DEMO_i/axi_timer_2/U0/TC_CORE_I/COUNTER_0_I/LOAD_REG_GEN[0].LOAD_REG_I/R (clocked by clk_fpga_0). Large setup violations at the end of those stages might be difficult to fix during the post-placement implementation flow and could be the result of non-optimal XDC constraints or non-optimal design architecture
Related violations: <none>

TIMING-16#313 Warning
Large setup violation  
There is a large setup violation of -1.816 ns between DEMO_i/rst_ps7_0_50M/U0/ACTIVE_LOW_PR_OUT_DFF[0].FDRE_PER_N/C (clocked by clk_fpga_0) and DEMO_i/axi_timer_2/U0/TC_CORE_I/COUNTER_0_I/LOAD_REG_GEN[1].LOAD_REG_I/R (clocked by clk_fpga_0). Large setup violations at the end of those stages might be difficult to fix during the post-placement implementation flow and could be the result of non-optimal XDC constraints or non-optimal design architecture
Related violations: <none>

TIMING-16#314 Warning
Large setup violation  
There is a large setup violation of -1.816 ns between DEMO_i/rst_ps7_0_50M/U0/ACTIVE_LOW_PR_OUT_DFF[0].FDRE_PER_N/C (clocked by clk_fpga_0) and DEMO_i/axi_timer_2/U0/TC_CORE_I/COUNTER_0_I/LOAD_REG_GEN[2].LOAD_REG_I/R (clocked by clk_fpga_0). Large setup violations at the end of those stages might be difficult to fix during the post-placement implementation flow and could be the result of non-optimal XDC constraints or non-optimal design architecture
Related violations: <none>

TIMING-16#315 Warning
Large setup violation  
There is a large setup violation of -1.816 ns between DEMO_i/rst_ps7_0_50M/U0/ACTIVE_LOW_PR_OUT_DFF[0].FDRE_PER_N/C (clocked by clk_fpga_0) and DEMO_i/axi_timer_2/U0/TC_CORE_I/COUNTER_0_I/LOAD_REG_GEN[3].LOAD_REG_I/R (clocked by clk_fpga_0). Large setup violations at the end of those stages might be difficult to fix during the post-placement implementation flow and could be the result of non-optimal XDC constraints or non-optimal design architecture
Related violations: <none>

TIMING-16#316 Warning
Large setup violation  
There is a large setup violation of -1.866 ns between DEMO_i/ps7_0_axi_periph/xbar/inst/gen_sasd.crossbar_sasd_0/m_atarget_enc_reg[3]/C (clocked by clk_fpga_0) and DEMO_i/ps7_0_axi_periph/xbar/inst/gen_sasd.crossbar_sasd_0/reg_slice_r/skid_buffer_reg[7]/D (clocked by clk_fpga_0). Large setup violations at the end of those stages might be difficult to fix during the post-placement implementation flow and could be the result of non-optimal XDC constraints or non-optimal design architecture
Related violations: <none>

TIMING-16#317 Warning
Large setup violation  
There is a large setup violation of -1.887 ns between DEMO_i/rst_ps7_0_50M/U0/ACTIVE_LOW_PR_OUT_DFF[0].FDRE_PER_N/C (clocked by clk_fpga_0) and DEMO_i/axi_timer_1/U0/TC_CORE_I/COUNTER_0_I/LOAD_REG_GEN[26].LOAD_REG_I/R (clocked by clk_fpga_0). Large setup violations at the end of those stages might be difficult to fix during the post-placement implementation flow and could be the result of non-optimal XDC constraints or non-optimal design architecture
Related violations: <none>

TIMING-16#318 Warning
Large setup violation  
There is a large setup violation of -1.927 ns between DEMO_i/rst_ps7_0_50M/U0/ACTIVE_LOW_PR_OUT_DFF[0].FDRE_PER_N/C (clocked by clk_fpga_0) and DEMO_i/BuzzerBooster_Driver_0/U0/BuzzerBooster_Driver_v1_0_S00_AXI_inst/slv_reg0_reg[24]/R (clocked by clk_fpga_0). Large setup violations at the end of those stages might be difficult to fix during the post-placement implementation flow and could be the result of non-optimal XDC constraints or non-optimal design architecture
Related violations: <none>

TIMING-16#319 Warning
Large setup violation  
There is a large setup violation of -1.927 ns between DEMO_i/rst_ps7_0_50M/U0/ACTIVE_LOW_PR_OUT_DFF[0].FDRE_PER_N/C (clocked by clk_fpga_0) and DEMO_i/BuzzerBooster_Driver_0/U0/BuzzerBooster_Driver_v1_0_S00_AXI_inst/slv_reg0_reg[25]/R (clocked by clk_fpga_0). Large setup violations at the end of those stages might be difficult to fix during the post-placement implementation flow and could be the result of non-optimal XDC constraints or non-optimal design architecture
Related violations: <none>

TIMING-16#320 Warning
Large setup violation  
There is a large setup violation of -1.927 ns between DEMO_i/rst_ps7_0_50M/U0/ACTIVE_LOW_PR_OUT_DFF[0].FDRE_PER_N/C (clocked by clk_fpga_0) and DEMO_i/BuzzerBooster_Driver_0/U0/BuzzerBooster_Driver_v1_0_S00_AXI_inst/slv_reg0_reg[28]/R (clocked by clk_fpga_0). Large setup violations at the end of those stages might be difficult to fix during the post-placement implementation flow and could be the result of non-optimal XDC constraints or non-optimal design architecture
Related violations: <none>

TIMING-16#321 Warning
Large setup violation  
There is a large setup violation of -1.927 ns between DEMO_i/rst_ps7_0_50M/U0/ACTIVE_LOW_PR_OUT_DFF[0].FDRE_PER_N/C (clocked by clk_fpga_0) and DEMO_i/BuzzerBooster_Driver_0/U0/BuzzerBooster_Driver_v1_0_S00_AXI_inst/slv_reg0_reg[29]/R (clocked by clk_fpga_0). Large setup violations at the end of those stages might be difficult to fix during the post-placement implementation flow and could be the result of non-optimal XDC constraints or non-optimal design architecture
Related violations: <none>

TIMING-16#322 Warning
Large setup violation  
There is a large setup violation of -1.939 ns between DEMO_i/rst_ps7_0_50M/U0/ACTIVE_LOW_PR_OUT_DFF[0].FDRE_PER_N/C (clocked by clk_fpga_0) and DEMO_i/BuzzerBooster_Driver_0/U0/BuzzerBooster_Driver_v1_0_S00_AXI_inst/slv_reg2_reg[19]/R (clocked by clk_fpga_0). Large setup violations at the end of those stages might be difficult to fix during the post-placement implementation flow and could be the result of non-optimal XDC constraints or non-optimal design architecture
Related violations: <none>

TIMING-16#323 Warning
Large setup violation  
There is a large setup violation of -1.939 ns between DEMO_i/rst_ps7_0_50M/U0/ACTIVE_LOW_PR_OUT_DFF[0].FDRE_PER_N/C (clocked by clk_fpga_0) and DEMO_i/BuzzerBooster_Driver_0/U0/BuzzerBooster_Driver_v1_0_S00_AXI_inst/slv_reg2_reg[20]/R (clocked by clk_fpga_0). Large setup violations at the end of those stages might be difficult to fix during the post-placement implementation flow and could be the result of non-optimal XDC constraints or non-optimal design architecture
Related violations: <none>

TIMING-16#324 Warning
Large setup violation  
There is a large setup violation of -1.939 ns between DEMO_i/rst_ps7_0_50M/U0/ACTIVE_LOW_PR_OUT_DFF[0].FDRE_PER_N/C (clocked by clk_fpga_0) and DEMO_i/BuzzerBooster_Driver_0/U0/BuzzerBooster_Driver_v1_0_S00_AXI_inst/slv_reg2_reg[21]/R (clocked by clk_fpga_0). Large setup violations at the end of those stages might be difficult to fix during the post-placement implementation flow and could be the result of non-optimal XDC constraints or non-optimal design architecture
Related violations: <none>

TIMING-16#325 Warning
Large setup violation  
There is a large setup violation of -1.939 ns between DEMO_i/rst_ps7_0_50M/U0/ACTIVE_LOW_PR_OUT_DFF[0].FDRE_PER_N/C (clocked by clk_fpga_0) and DEMO_i/BuzzerBooster_Driver_0/U0/BuzzerBooster_Driver_v1_0_S00_AXI_inst/slv_reg2_reg[22]/R (clocked by clk_fpga_0). Large setup violations at the end of those stages might be difficult to fix during the post-placement implementation flow and could be the result of non-optimal XDC constraints or non-optimal design architecture
Related violations: <none>

TIMING-16#326 Warning
Large setup violation  
There is a large setup violation of -1.951 ns between DEMO_i/rst_ps7_0_50M/U0/ACTIVE_LOW_PR_OUT_DFF[0].FDRE_PER_N/C (clocked by clk_fpga_0) and DEMO_i/BuzzerBooster_Driver_0/U0/BuzzerBooster_Driver_v1_0_S00_AXI_inst/axi_rdata_reg[22]/R (clocked by clk_fpga_0). Large setup violations at the end of those stages might be difficult to fix during the post-placement implementation flow and could be the result of non-optimal XDC constraints or non-optimal design architecture
Related violations: <none>

TIMING-16#327 Warning
Large setup violation  
There is a large setup violation of -1.951 ns between DEMO_i/rst_ps7_0_50M/U0/ACTIVE_LOW_PR_OUT_DFF[0].FDRE_PER_N/C (clocked by clk_fpga_0) and DEMO_i/BuzzerBooster_Driver_0/U0/BuzzerBooster_Driver_v1_0_S00_AXI_inst/axi_rdata_reg[24]/R (clocked by clk_fpga_0). Large setup violations at the end of those stages might be difficult to fix during the post-placement implementation flow and could be the result of non-optimal XDC constraints or non-optimal design architecture
Related violations: <none>

TIMING-16#328 Warning
Large setup violation  
There is a large setup violation of -1.951 ns between DEMO_i/rst_ps7_0_50M/U0/ACTIVE_LOW_PR_OUT_DFF[0].FDRE_PER_N/C (clocked by clk_fpga_0) and DEMO_i/BuzzerBooster_Driver_0/U0/BuzzerBooster_Driver_v1_0_S00_AXI_inst/axi_rdata_reg[25]/R (clocked by clk_fpga_0). Large setup violations at the end of those stages might be difficult to fix during the post-placement implementation flow and could be the result of non-optimal XDC constraints or non-optimal design architecture
Related violations: <none>

TIMING-16#329 Warning
Large setup violation  
There is a large setup violation of -1.951 ns between DEMO_i/rst_ps7_0_50M/U0/ACTIVE_LOW_PR_OUT_DFF[0].FDRE_PER_N/C (clocked by clk_fpga_0) and DEMO_i/BuzzerBooster_Driver_0/U0/BuzzerBooster_Driver_v1_0_S00_AXI_inst/axi_rdata_reg[29]/R (clocked by clk_fpga_0). Large setup violations at the end of those stages might be difficult to fix during the post-placement implementation flow and could be the result of non-optimal XDC constraints or non-optimal design architecture
Related violations: <none>

TIMING-16#330 Warning
Large setup violation  
There is a large setup violation of -1.952 ns between DEMO_i/rst_ps7_0_50M/U0/ACTIVE_LOW_PR_OUT_DFF[0].FDRE_PER_N/C (clocked by clk_fpga_0) and DEMO_i/axi_timer_1/U0/TC_CORE_I/TIMER_CONTROL_I/captureTrig0_d2_reg/R (clocked by clk_fpga_0). Large setup violations at the end of those stages might be difficult to fix during the post-placement implementation flow and could be the result of non-optimal XDC constraints or non-optimal design architecture
Related violations: <none>

TIMING-16#331 Warning
Large setup violation  
There is a large setup violation of -1.952 ns between DEMO_i/rst_ps7_0_50M/U0/ACTIVE_LOW_PR_OUT_DFF[0].FDRE_PER_N/C (clocked by clk_fpga_0) and DEMO_i/axi_timer_1/U0/TC_CORE_I/TIMER_CONTROL_I/captureTrig0_d_reg/R (clocked by clk_fpga_0). Large setup violations at the end of those stages might be difficult to fix during the post-placement implementation flow and could be the result of non-optimal XDC constraints or non-optimal design architecture
Related violations: <none>

TIMING-16#332 Warning
Large setup violation  
There is a large setup violation of -1.952 ns between DEMO_i/rst_ps7_0_50M/U0/ACTIVE_LOW_PR_OUT_DFF[0].FDRE_PER_N/C (clocked by clk_fpga_0) and DEMO_i/axi_timer_1/U0/TC_CORE_I/TIMER_CONTROL_I/captureTrig1_d2_reg/R (clocked by clk_fpga_0). Large setup violations at the end of those stages might be difficult to fix during the post-placement implementation flow and could be the result of non-optimal XDC constraints or non-optimal design architecture
Related violations: <none>

TIMING-16#333 Warning
Large setup violation  
There is a large setup violation of -1.960 ns between DEMO_i/rst_ps7_0_50M/U0/ACTIVE_LOW_PR_OUT_DFF[0].FDRE_PER_N/C (clocked by clk_fpga_0) and DEMO_i/BuzzerBooster_Driver_0/U0/BuzzerBooster_Driver_v1_0_S00_AXI_inst/axi_rdata_reg[16]/R (clocked by clk_fpga_0). Large setup violations at the end of those stages might be difficult to fix during the post-placement implementation flow and could be the result of non-optimal XDC constraints or non-optimal design architecture
Related violations: <none>

TIMING-16#334 Warning
Large setup violation  
There is a large setup violation of -1.960 ns between DEMO_i/rst_ps7_0_50M/U0/ACTIVE_LOW_PR_OUT_DFF[0].FDRE_PER_N/C (clocked by clk_fpga_0) and DEMO_i/BuzzerBooster_Driver_0/U0/BuzzerBooster_Driver_v1_0_S00_AXI_inst/axi_rdata_reg[18]/R (clocked by clk_fpga_0). Large setup violations at the end of those stages might be difficult to fix during the post-placement implementation flow and could be the result of non-optimal XDC constraints or non-optimal design architecture
Related violations: <none>

TIMING-16#335 Warning
Large setup violation  
There is a large setup violation of -1.960 ns between DEMO_i/rst_ps7_0_50M/U0/ACTIVE_LOW_PR_OUT_DFF[0].FDRE_PER_N/C (clocked by clk_fpga_0) and DEMO_i/BuzzerBooster_Driver_0/U0/BuzzerBooster_Driver_v1_0_S00_AXI_inst/axi_rdata_reg[23]/R (clocked by clk_fpga_0). Large setup violations at the end of those stages might be difficult to fix during the post-placement implementation flow and could be the result of non-optimal XDC constraints or non-optimal design architecture
Related violations: <none>

TIMING-16#336 Warning
Large setup violation  
There is a large setup violation of -1.960 ns between DEMO_i/rst_ps7_0_50M/U0/ACTIVE_LOW_PR_OUT_DFF[0].FDRE_PER_N/C (clocked by clk_fpga_0) and DEMO_i/BuzzerBooster_Driver_0/U0/BuzzerBooster_Driver_v1_0_S00_AXI_inst/axi_rdata_reg[9]/R (clocked by clk_fpga_0). Large setup violations at the end of those stages might be difficult to fix during the post-placement implementation flow and could be the result of non-optimal XDC constraints or non-optimal design architecture
Related violations: <none>

TIMING-16#337 Warning
Large setup violation  
There is a large setup violation of -2.012 ns between DEMO_i/rst_ps7_0_50M/U0/ACTIVE_LOW_PR_OUT_DFF[0].FDRE_PER_N/C (clocked by clk_fpga_0) and DEMO_i/axi_iic_0/U0/X_IIC/WRITE_FIFO_CTRL_I/Data_Exists_DFF/D (clocked by clk_fpga_0). Large setup violations at the end of those stages might be difficult to fix during the post-placement implementation flow and could be the result of non-optimal XDC constraints or non-optimal design architecture
Related violations: <none>

TIMING-16#338 Warning
Large setup violation  
There is a large setup violation of -2.033 ns between DEMO_i/rst_ps7_0_50M/U0/ACTIVE_LOW_PR_OUT_DFF[0].FDRE_PER_N/C (clocked by clk_fpga_0) and DEMO_i/axi_timer_2/U0/TC_CORE_I/COUNTER_0_I/LOAD_REG_GEN[4].LOAD_REG_I/R (clocked by clk_fpga_0). Large setup violations at the end of those stages might be difficult to fix during the post-placement implementation flow and could be the result of non-optimal XDC constraints or non-optimal design architecture
Related violations: <none>

TIMING-16#339 Warning
Large setup violation  
There is a large setup violation of -2.033 ns between DEMO_i/rst_ps7_0_50M/U0/ACTIVE_LOW_PR_OUT_DFF[0].FDRE_PER_N/C (clocked by clk_fpga_0) and DEMO_i/axi_timer_2/U0/TC_CORE_I/COUNTER_0_I/LOAD_REG_GEN[7].LOAD_REG_I/R (clocked by clk_fpga_0). Large setup violations at the end of those stages might be difficult to fix during the post-placement implementation flow and could be the result of non-optimal XDC constraints or non-optimal design architecture
Related violations: <none>

TIMING-16#340 Warning
Large setup violation  
There is a large setup violation of -2.033 ns between DEMO_i/rst_ps7_0_50M/U0/ACTIVE_LOW_PR_OUT_DFF[0].FDRE_PER_N/C (clocked by clk_fpga_0) and DEMO_i/axi_timer_2/U0/TC_CORE_I/COUNTER_0_I/LOAD_REG_GEN[8].LOAD_REG_I/R (clocked by clk_fpga_0). Large setup violations at the end of those stages might be difficult to fix during the post-placement implementation flow and could be the result of non-optimal XDC constraints or non-optimal design architecture
Related violations: <none>

TIMING-16#341 Warning
Large setup violation  
There is a large setup violation of -2.043 ns between DEMO_i/rst_ps7_0_50M/U0/ACTIVE_LOW_PR_OUT_DFF[0].FDRE_PER_N/C (clocked by clk_fpga_0) and DEMO_i/BuzzerBooster_Driver_0/U0/BuzzerBooster_Driver_v1_0_S00_AXI_inst/slv_reg1_reg[28]/R (clocked by clk_fpga_0). Large setup violations at the end of those stages might be difficult to fix during the post-placement implementation flow and could be the result of non-optimal XDC constraints or non-optimal design architecture
Related violations: <none>

TIMING-16#342 Warning
Large setup violation  
There is a large setup violation of -2.043 ns between DEMO_i/rst_ps7_0_50M/U0/ACTIVE_LOW_PR_OUT_DFF[0].FDRE_PER_N/C (clocked by clk_fpga_0) and DEMO_i/BuzzerBooster_Driver_0/U0/BuzzerBooster_Driver_v1_0_S00_AXI_inst/slv_reg1_reg[29]/R (clocked by clk_fpga_0). Large setup violations at the end of those stages might be difficult to fix during the post-placement implementation flow and could be the result of non-optimal XDC constraints or non-optimal design architecture
Related violations: <none>

TIMING-16#343 Warning
Large setup violation  
There is a large setup violation of -2.043 ns between DEMO_i/rst_ps7_0_50M/U0/ACTIVE_LOW_PR_OUT_DFF[0].FDRE_PER_N/C (clocked by clk_fpga_0) and DEMO_i/BuzzerBooster_Driver_0/U0/BuzzerBooster_Driver_v1_0_S00_AXI_inst/slv_reg1_reg[30]/R (clocked by clk_fpga_0). Large setup violations at the end of those stages might be difficult to fix during the post-placement implementation flow and could be the result of non-optimal XDC constraints or non-optimal design architecture
Related violations: <none>

TIMING-16#344 Warning
Large setup violation  
There is a large setup violation of -2.043 ns between DEMO_i/rst_ps7_0_50M/U0/ACTIVE_LOW_PR_OUT_DFF[0].FDRE_PER_N/C (clocked by clk_fpga_0) and DEMO_i/BuzzerBooster_Driver_0/U0/BuzzerBooster_Driver_v1_0_S00_AXI_inst/slv_reg1_reg[31]/R (clocked by clk_fpga_0). Large setup violations at the end of those stages might be difficult to fix during the post-placement implementation flow and could be the result of non-optimal XDC constraints or non-optimal design architecture
Related violations: <none>

TIMING-16#345 Warning
Large setup violation  
There is a large setup violation of -2.060 ns between DEMO_i/rst_ps7_0_50M/U0/ACTIVE_LOW_PR_OUT_DFF[0].FDRE_PER_N/C (clocked by clk_fpga_0) and DEMO_i/BuzzerBooster_Driver_0/U0/BuzzerBooster_Driver_v1_0_S00_AXI_inst/duty_cycle_reg[3]/R (clocked by clk_fpga_0). Large setup violations at the end of those stages might be difficult to fix during the post-placement implementation flow and could be the result of non-optimal XDC constraints or non-optimal design architecture
Related violations: <none>

TIMING-16#346 Warning
Large setup violation  
There is a large setup violation of -2.068 ns between DEMO_i/rst_ps7_0_50M/U0/ACTIVE_LOW_PR_OUT_DFF[0].FDRE_PER_N/C (clocked by clk_fpga_0) and DEMO_i/axi_iic_0/U0/X_IIC/REG_INTERFACE_I/FIFO_GEN_DTR.Tx_fifo_wr_reg/R (clocked by clk_fpga_0). Large setup violations at the end of those stages might be difficult to fix during the post-placement implementation flow and could be the result of non-optimal XDC constraints or non-optimal design architecture
Related violations: <none>

TIMING-16#347 Warning
Large setup violation  
There is a large setup violation of -2.072 ns between DEMO_i/rst_ps7_0_50M/U0/ACTIVE_LOW_PR_OUT_DFF[0].FDRE_PER_N/C (clocked by clk_fpga_0) and DEMO_i/BuzzerBooster_Driver_0/U0/BuzzerBooster_Driver_v1_0_S00_AXI_inst/slv_reg1_reg[16]/R (clocked by clk_fpga_0). Large setup violations at the end of those stages might be difficult to fix during the post-placement implementation flow and could be the result of non-optimal XDC constraints or non-optimal design architecture
Related violations: <none>

TIMING-16#348 Warning
Large setup violation  
There is a large setup violation of -2.072 ns between DEMO_i/rst_ps7_0_50M/U0/ACTIVE_LOW_PR_OUT_DFF[0].FDRE_PER_N/C (clocked by clk_fpga_0) and DEMO_i/BuzzerBooster_Driver_0/U0/BuzzerBooster_Driver_v1_0_S00_AXI_inst/slv_reg1_reg[17]/R (clocked by clk_fpga_0). Large setup violations at the end of those stages might be difficult to fix during the post-placement implementation flow and could be the result of non-optimal XDC constraints or non-optimal design architecture
Related violations: <none>

TIMING-16#349 Warning
Large setup violation  
There is a large setup violation of -2.072 ns between DEMO_i/rst_ps7_0_50M/U0/ACTIVE_LOW_PR_OUT_DFF[0].FDRE_PER_N/C (clocked by clk_fpga_0) and DEMO_i/BuzzerBooster_Driver_0/U0/BuzzerBooster_Driver_v1_0_S00_AXI_inst/slv_reg1_reg[18]/R (clocked by clk_fpga_0). Large setup violations at the end of those stages might be difficult to fix during the post-placement implementation flow and could be the result of non-optimal XDC constraints or non-optimal design architecture
Related violations: <none>

TIMING-16#350 Warning
Large setup violation  
There is a large setup violation of -2.072 ns between DEMO_i/rst_ps7_0_50M/U0/ACTIVE_LOW_PR_OUT_DFF[0].FDRE_PER_N/C (clocked by clk_fpga_0) and DEMO_i/BuzzerBooster_Driver_0/U0/BuzzerBooster_Driver_v1_0_S00_AXI_inst/slv_reg1_reg[20]/R (clocked by clk_fpga_0). Large setup violations at the end of those stages might be difficult to fix during the post-placement implementation flow and could be the result of non-optimal XDC constraints or non-optimal design architecture
Related violations: <none>

TIMING-16#351 Warning
Large setup violation  
There is a large setup violation of -2.092 ns between DEMO_i/rst_ps7_0_50M/U0/ACTIVE_LOW_PR_OUT_DFF[0].FDRE_PER_N/C (clocked by clk_fpga_0) and DEMO_i/axi_timer_1/U0/TC_CORE_I/TIMER_CONTROL_I/counter_TC_Reg_reg[1]/R (clocked by clk_fpga_0). Large setup violations at the end of those stages might be difficult to fix during the post-placement implementation flow and could be the result of non-optimal XDC constraints or non-optimal design architecture
Related violations: <none>

TIMING-16#352 Warning
Large setup violation  
There is a large setup violation of -2.092 ns between DEMO_i/rst_ps7_0_50M/U0/ACTIVE_LOW_PR_OUT_DFF[0].FDRE_PER_N/C (clocked by clk_fpga_0) and DEMO_i/axi_timer_1/U0/TC_CORE_I/TIMER_CONTROL_I/generateOutPre1_reg/R (clocked by clk_fpga_0). Large setup violations at the end of those stages might be difficult to fix during the post-placement implementation flow and could be the result of non-optimal XDC constraints or non-optimal design architecture
Related violations: <none>

TIMING-16#353 Warning
Large setup violation  
There is a large setup violation of -2.093 ns between DEMO_i/rst_ps7_0_50M/U0/ACTIVE_LOW_PR_OUT_DFF[0].FDRE_PER_N/C (clocked by clk_fpga_0) and DEMO_i/BuzzerBooster_Driver_0/U0/BuzzerBooster_Driver_v1_0_S00_AXI_inst/axi_rdata_reg[11]/R (clocked by clk_fpga_0). Large setup violations at the end of those stages might be difficult to fix during the post-placement implementation flow and could be the result of non-optimal XDC constraints or non-optimal design architecture
Related violations: <none>

TIMING-16#354 Warning
Large setup violation  
There is a large setup violation of -2.093 ns between DEMO_i/rst_ps7_0_50M/U0/ACTIVE_LOW_PR_OUT_DFF[0].FDRE_PER_N/C (clocked by clk_fpga_0) and DEMO_i/BuzzerBooster_Driver_0/U0/BuzzerBooster_Driver_v1_0_S00_AXI_inst/axi_rdata_reg[15]/R (clocked by clk_fpga_0). Large setup violations at the end of those stages might be difficult to fix during the post-placement implementation flow and could be the result of non-optimal XDC constraints or non-optimal design architecture
Related violations: <none>

TIMING-16#355 Warning
Large setup violation  
There is a large setup violation of -2.093 ns between DEMO_i/rst_ps7_0_50M/U0/ACTIVE_LOW_PR_OUT_DFF[0].FDRE_PER_N/C (clocked by clk_fpga_0) and DEMO_i/BuzzerBooster_Driver_0/U0/BuzzerBooster_Driver_v1_0_S00_AXI_inst/axi_rdata_reg[1]/R (clocked by clk_fpga_0). Large setup violations at the end of those stages might be difficult to fix during the post-placement implementation flow and could be the result of non-optimal XDC constraints or non-optimal design architecture
Related violations: <none>

TIMING-16#356 Warning
Large setup violation  
There is a large setup violation of -2.093 ns between DEMO_i/rst_ps7_0_50M/U0/ACTIVE_LOW_PR_OUT_DFF[0].FDRE_PER_N/C (clocked by clk_fpga_0) and DEMO_i/BuzzerBooster_Driver_0/U0/BuzzerBooster_Driver_v1_0_S00_AXI_inst/axi_rdata_reg[8]/R (clocked by clk_fpga_0). Large setup violations at the end of those stages might be difficult to fix during the post-placement implementation flow and could be the result of non-optimal XDC constraints or non-optimal design architecture
Related violations: <none>

TIMING-16#357 Warning
Large setup violation  
There is a large setup violation of -2.103 ns between DEMO_i/rst_ps7_0_50M/U0/ACTIVE_LOW_PR_OUT_DFF[0].FDRE_PER_N/C (clocked by clk_fpga_0) and DEMO_i/axi_timer_2/U0/TC_CORE_I/COUNTER_0_I/COUNTER_I/INFERRED_GEN.icount_out_reg[22]/R (clocked by clk_fpga_0). Large setup violations at the end of those stages might be difficult to fix during the post-placement implementation flow and could be the result of non-optimal XDC constraints or non-optimal design architecture
Related violations: <none>

TIMING-16#358 Warning
Large setup violation  
There is a large setup violation of -2.103 ns between DEMO_i/rst_ps7_0_50M/U0/ACTIVE_LOW_PR_OUT_DFF[0].FDRE_PER_N/C (clocked by clk_fpga_0) and DEMO_i/axi_timer_2/U0/TC_CORE_I/COUNTER_0_I/COUNTER_I/INFERRED_GEN.icount_out_reg[25]/R (clocked by clk_fpga_0). Large setup violations at the end of those stages might be difficult to fix during the post-placement implementation flow and could be the result of non-optimal XDC constraints or non-optimal design architecture
Related violations: <none>

TIMING-16#359 Warning
Large setup violation  
There is a large setup violation of -2.110 ns between DEMO_i/ps7_0_axi_periph/xbar/inst/gen_sasd.crossbar_sasd_0/m_atarget_enc_reg[3]/C (clocked by clk_fpga_0) and DEMO_i/ps7_0_axi_periph/xbar/inst/gen_sasd.crossbar_sasd_0/reg_slice_r/m_payload_i_reg[7]/D (clocked by clk_fpga_0). Large setup violations at the end of those stages might be difficult to fix during the post-placement implementation flow and could be the result of non-optimal XDC constraints or non-optimal design architecture
Related violations: <none>

TIMING-16#360 Warning
Large setup violation  
There is a large setup violation of -2.118 ns between DEMO_i/rst_ps7_0_50M/U0/ACTIVE_LOW_PR_OUT_DFF[0].FDRE_PER_N/C (clocked by clk_fpga_0) and DEMO_i/axi_timer_1/U0/TC_CORE_I/COUNTER_0_I/LOAD_REG_GEN[0].LOAD_REG_I/R (clocked by clk_fpga_0). Large setup violations at the end of those stages might be difficult to fix during the post-placement implementation flow and could be the result of non-optimal XDC constraints or non-optimal design architecture
Related violations: <none>

TIMING-16#361 Warning
Large setup violation  
There is a large setup violation of -2.118 ns between DEMO_i/rst_ps7_0_50M/U0/ACTIVE_LOW_PR_OUT_DFF[0].FDRE_PER_N/C (clocked by clk_fpga_0) and DEMO_i/axi_timer_1/U0/TC_CORE_I/COUNTER_0_I/LOAD_REG_GEN[13].LOAD_REG_I/R (clocked by clk_fpga_0). Large setup violations at the end of those stages might be difficult to fix during the post-placement implementation flow and could be the result of non-optimal XDC constraints or non-optimal design architecture
Related violations: <none>

TIMING-16#362 Warning
Large setup violation  
There is a large setup violation of -2.118 ns between DEMO_i/rst_ps7_0_50M/U0/ACTIVE_LOW_PR_OUT_DFF[0].FDRE_PER_N/C (clocked by clk_fpga_0) and DEMO_i/axi_timer_1/U0/TC_CORE_I/COUNTER_0_I/LOAD_REG_GEN[2].LOAD_REG_I/R (clocked by clk_fpga_0). Large setup violations at the end of those stages might be difficult to fix during the post-placement implementation flow and could be the result of non-optimal XDC constraints or non-optimal design architecture
Related violations: <none>

TIMING-16#363 Warning
Large setup violation  
There is a large setup violation of -2.132 ns between DEMO_i/rst_ps7_0_50M/U0/ACTIVE_LOW_PR_OUT_DFF[0].FDRE_PER_N/C (clocked by clk_fpga_0) and DEMO_i/BuzzerBooster_Driver_0/U0/BuzzerBooster_Driver_v1_0_S00_AXI_inst/slv_reg1_reg[24]/R (clocked by clk_fpga_0). Large setup violations at the end of those stages might be difficult to fix during the post-placement implementation flow and could be the result of non-optimal XDC constraints or non-optimal design architecture
Related violations: <none>

TIMING-16#364 Warning
Large setup violation  
There is a large setup violation of -2.132 ns between DEMO_i/rst_ps7_0_50M/U0/ACTIVE_LOW_PR_OUT_DFF[0].FDRE_PER_N/C (clocked by clk_fpga_0) and DEMO_i/BuzzerBooster_Driver_0/U0/BuzzerBooster_Driver_v1_0_S00_AXI_inst/slv_reg1_reg[25]/R (clocked by clk_fpga_0). Large setup violations at the end of those stages might be difficult to fix during the post-placement implementation flow and could be the result of non-optimal XDC constraints or non-optimal design architecture
Related violations: <none>

TIMING-16#365 Warning
Large setup violation  
There is a large setup violation of -2.132 ns between DEMO_i/rst_ps7_0_50M/U0/ACTIVE_LOW_PR_OUT_DFF[0].FDRE_PER_N/C (clocked by clk_fpga_0) and DEMO_i/BuzzerBooster_Driver_0/U0/BuzzerBooster_Driver_v1_0_S00_AXI_inst/slv_reg1_reg[26]/R (clocked by clk_fpga_0). Large setup violations at the end of those stages might be difficult to fix during the post-placement implementation flow and could be the result of non-optimal XDC constraints or non-optimal design architecture
Related violations: <none>

TIMING-16#366 Warning
Large setup violation  
There is a large setup violation of -2.132 ns between DEMO_i/rst_ps7_0_50M/U0/ACTIVE_LOW_PR_OUT_DFF[0].FDRE_PER_N/C (clocked by clk_fpga_0) and DEMO_i/BuzzerBooster_Driver_0/U0/BuzzerBooster_Driver_v1_0_S00_AXI_inst/slv_reg1_reg[27]/R (clocked by clk_fpga_0). Large setup violations at the end of those stages might be difficult to fix during the post-placement implementation flow and could be the result of non-optimal XDC constraints or non-optimal design architecture
Related violations: <none>

TIMING-16#367 Warning
Large setup violation  
There is a large setup violation of -2.215 ns between DEMO_i/rst_ps7_0_50M/U0/ACTIVE_LOW_PR_OUT_DFF[0].FDRE_PER_N/C (clocked by clk_fpga_0) and DEMO_i/BuzzerBooster_Driver_0/U0/BuzzerBooster_Driver_v1_0_S00_AXI_inst/slv_reg2_reg[16]/R (clocked by clk_fpga_0). Large setup violations at the end of those stages might be difficult to fix during the post-placement implementation flow and could be the result of non-optimal XDC constraints or non-optimal design architecture
Related violations: <none>

TIMING-16#368 Warning
Large setup violation  
There is a large setup violation of -2.215 ns between DEMO_i/rst_ps7_0_50M/U0/ACTIVE_LOW_PR_OUT_DFF[0].FDRE_PER_N/C (clocked by clk_fpga_0) and DEMO_i/BuzzerBooster_Driver_0/U0/BuzzerBooster_Driver_v1_0_S00_AXI_inst/slv_reg2_reg[17]/R (clocked by clk_fpga_0). Large setup violations at the end of those stages might be difficult to fix during the post-placement implementation flow and could be the result of non-optimal XDC constraints or non-optimal design architecture
Related violations: <none>

TIMING-16#369 Warning
Large setup violation  
There is a large setup violation of -2.215 ns between DEMO_i/rst_ps7_0_50M/U0/ACTIVE_LOW_PR_OUT_DFF[0].FDRE_PER_N/C (clocked by clk_fpga_0) and DEMO_i/BuzzerBooster_Driver_0/U0/BuzzerBooster_Driver_v1_0_S00_AXI_inst/slv_reg2_reg[18]/R (clocked by clk_fpga_0). Large setup violations at the end of those stages might be difficult to fix during the post-placement implementation flow and could be the result of non-optimal XDC constraints or non-optimal design architecture
Related violations: <none>

TIMING-16#370 Warning
Large setup violation  
There is a large setup violation of -2.215 ns between DEMO_i/rst_ps7_0_50M/U0/ACTIVE_LOW_PR_OUT_DFF[0].FDRE_PER_N/C (clocked by clk_fpga_0) and DEMO_i/BuzzerBooster_Driver_0/U0/BuzzerBooster_Driver_v1_0_S00_AXI_inst/slv_reg2_reg[23]/R (clocked by clk_fpga_0). Large setup violations at the end of those stages might be difficult to fix during the post-placement implementation flow and could be the result of non-optimal XDC constraints or non-optimal design architecture
Related violations: <none>

TIMING-16#371 Warning
Large setup violation  
There is a large setup violation of -2.225 ns between DEMO_i/rst_ps7_0_50M/U0/ACTIVE_LOW_PR_OUT_DFF[0].FDRE_PER_N/C (clocked by clk_fpga_0) and DEMO_i/BuzzerBooster_Driver_0/U0/BuzzerBooster_Driver_v1_0_S00_AXI_inst/slv_reg2_reg[10]/R (clocked by clk_fpga_0). Large setup violations at the end of those stages might be difficult to fix during the post-placement implementation flow and could be the result of non-optimal XDC constraints or non-optimal design architecture
Related violations: <none>

TIMING-16#372 Warning
Large setup violation  
There is a large setup violation of -2.225 ns between DEMO_i/rst_ps7_0_50M/U0/ACTIVE_LOW_PR_OUT_DFF[0].FDRE_PER_N/C (clocked by clk_fpga_0) and DEMO_i/BuzzerBooster_Driver_0/U0/BuzzerBooster_Driver_v1_0_S00_AXI_inst/slv_reg2_reg[14]/R (clocked by clk_fpga_0). Large setup violations at the end of those stages might be difficult to fix during the post-placement implementation flow and could be the result of non-optimal XDC constraints or non-optimal design architecture
Related violations: <none>

TIMING-16#373 Warning
Large setup violation  
There is a large setup violation of -2.225 ns between DEMO_i/rst_ps7_0_50M/U0/ACTIVE_LOW_PR_OUT_DFF[0].FDRE_PER_N/C (clocked by clk_fpga_0) and DEMO_i/BuzzerBooster_Driver_0/U0/BuzzerBooster_Driver_v1_0_S00_AXI_inst/slv_reg2_reg[8]/R (clocked by clk_fpga_0). Large setup violations at the end of those stages might be difficult to fix during the post-placement implementation flow and could be the result of non-optimal XDC constraints or non-optimal design architecture
Related violations: <none>

TIMING-16#374 Warning
Large setup violation  
There is a large setup violation of -2.225 ns between DEMO_i/rst_ps7_0_50M/U0/ACTIVE_LOW_PR_OUT_DFF[0].FDRE_PER_N/C (clocked by clk_fpga_0) and DEMO_i/BuzzerBooster_Driver_0/U0/BuzzerBooster_Driver_v1_0_S00_AXI_inst/slv_reg2_reg[9]/R (clocked by clk_fpga_0). Large setup violations at the end of those stages might be difficult to fix during the post-placement implementation flow and could be the result of non-optimal XDC constraints or non-optimal design architecture
Related violations: <none>

TIMING-16#375 Warning
Large setup violation  
There is a large setup violation of -2.271 ns between DEMO_i/rst_ps7_0_50M/U0/ACTIVE_LOW_PR_OUT_DFF[0].FDRE_PER_N/C (clocked by clk_fpga_0) and DEMO_i/axi_iic_0/U0/X_IIC/REG_INTERFACE_I/timing_param_tsudat_i_reg[2]/S (clocked by clk_fpga_0). Large setup violations at the end of those stages might be difficult to fix during the post-placement implementation flow and could be the result of non-optimal XDC constraints or non-optimal design architecture
Related violations: <none>

TIMING-16#376 Warning
Large setup violation  
There is a large setup violation of -2.287 ns between DEMO_i/rst_ps7_0_50M/U0/ACTIVE_LOW_PR_OUT_DFF[0].FDRE_PER_N/C (clocked by clk_fpga_0) and DEMO_i/axi_iic_0/U0/X_IIC/WRITE_FIFO_CTRL_I/FIFO_RAM[0].SRL16E_I/CE (clocked by clk_fpga_0). Large setup violations at the end of those stages might be difficult to fix during the post-placement implementation flow and could be the result of non-optimal XDC constraints or non-optimal design architecture
Related violations: <none>

TIMING-16#377 Warning
Large setup violation  
There is a large setup violation of -2.287 ns between DEMO_i/rst_ps7_0_50M/U0/ACTIVE_LOW_PR_OUT_DFF[0].FDRE_PER_N/C (clocked by clk_fpga_0) and DEMO_i/axi_iic_0/U0/X_IIC/WRITE_FIFO_CTRL_I/FIFO_RAM[1].SRL16E_I/CE (clocked by clk_fpga_0). Large setup violations at the end of those stages might be difficult to fix during the post-placement implementation flow and could be the result of non-optimal XDC constraints or non-optimal design architecture
Related violations: <none>

TIMING-16#378 Warning
Large setup violation  
There is a large setup violation of -2.289 ns between DEMO_i/rst_ps7_0_50M/U0/ACTIVE_LOW_PR_OUT_DFF[0].FDRE_PER_N/C (clocked by clk_fpga_0) and DEMO_i/BuzzerBooster_Driver_0/U0/BuzzerBooster_Driver_v1_0_S00_AXI_inst/slv_reg1_reg[0]/R (clocked by clk_fpga_0). Large setup violations at the end of those stages might be difficult to fix during the post-placement implementation flow and could be the result of non-optimal XDC constraints or non-optimal design architecture
Related violations: <none>

TIMING-16#379 Warning
Large setup violation  
There is a large setup violation of -2.289 ns between DEMO_i/rst_ps7_0_50M/U0/ACTIVE_LOW_PR_OUT_DFF[0].FDRE_PER_N/C (clocked by clk_fpga_0) and DEMO_i/BuzzerBooster_Driver_0/U0/BuzzerBooster_Driver_v1_0_S00_AXI_inst/slv_reg1_reg[4]/R (clocked by clk_fpga_0). Large setup violations at the end of those stages might be difficult to fix during the post-placement implementation flow and could be the result of non-optimal XDC constraints or non-optimal design architecture
Related violations: <none>

TIMING-16#380 Warning
Large setup violation  
There is a large setup violation of -2.354 ns between DEMO_i/rst_ps7_0_50M/U0/ACTIVE_LOW_PR_OUT_DFF[0].FDRE_PER_N/C (clocked by clk_fpga_0) and DEMO_i/BuzzerBooster_Driver_0/U0/BuzzerBooster_Driver_v1_0_S00_AXI_inst/slv_reg1_reg[11]/R (clocked by clk_fpga_0). Large setup violations at the end of those stages might be difficult to fix during the post-placement implementation flow and could be the result of non-optimal XDC constraints or non-optimal design architecture
Related violations: <none>

TIMING-16#381 Warning
Large setup violation  
There is a large setup violation of -2.354 ns between DEMO_i/rst_ps7_0_50M/U0/ACTIVE_LOW_PR_OUT_DFF[0].FDRE_PER_N/C (clocked by clk_fpga_0) and DEMO_i/BuzzerBooster_Driver_0/U0/BuzzerBooster_Driver_v1_0_S00_AXI_inst/slv_reg1_reg[13]/R (clocked by clk_fpga_0). Large setup violations at the end of those stages might be difficult to fix during the post-placement implementation flow and could be the result of non-optimal XDC constraints or non-optimal design architecture
Related violations: <none>

TIMING-16#382 Warning
Large setup violation  
There is a large setup violation of -2.354 ns between DEMO_i/rst_ps7_0_50M/U0/ACTIVE_LOW_PR_OUT_DFF[0].FDRE_PER_N/C (clocked by clk_fpga_0) and DEMO_i/BuzzerBooster_Driver_0/U0/BuzzerBooster_Driver_v1_0_S00_AXI_inst/slv_reg1_reg[15]/R (clocked by clk_fpga_0). Large setup violations at the end of those stages might be difficult to fix during the post-placement implementation flow and could be the result of non-optimal XDC constraints or non-optimal design architecture
Related violations: <none>

TIMING-16#383 Warning
Large setup violation  
There is a large setup violation of -2.354 ns between DEMO_i/rst_ps7_0_50M/U0/ACTIVE_LOW_PR_OUT_DFF[0].FDRE_PER_N/C (clocked by clk_fpga_0) and DEMO_i/BuzzerBooster_Driver_0/U0/BuzzerBooster_Driver_v1_0_S00_AXI_inst/slv_reg1_reg[8]/R (clocked by clk_fpga_0). Large setup violations at the end of those stages might be difficult to fix during the post-placement implementation flow and could be the result of non-optimal XDC constraints or non-optimal design architecture
Related violations: <none>

TIMING-16#384 Warning
Large setup violation  
There is a large setup violation of -2.379 ns between DEMO_i/rst_ps7_0_50M/U0/ACTIVE_LOW_PR_OUT_DFF[0].FDRE_PER_N/C (clocked by clk_fpga_0) and DEMO_i/BuzzerBooster_Driver_0/U0/BuzzerBooster_Driver_v1_0_S00_AXI_inst/slv_reg0_reg[20]/R (clocked by clk_fpga_0). Large setup violations at the end of those stages might be difficult to fix during the post-placement implementation flow and could be the result of non-optimal XDC constraints or non-optimal design architecture
Related violations: <none>

TIMING-16#385 Warning
Large setup violation  
There is a large setup violation of -2.379 ns between DEMO_i/rst_ps7_0_50M/U0/ACTIVE_LOW_PR_OUT_DFF[0].FDRE_PER_N/C (clocked by clk_fpga_0) and DEMO_i/BuzzerBooster_Driver_0/U0/BuzzerBooster_Driver_v1_0_S00_AXI_inst/slv_reg0_reg[21]/R (clocked by clk_fpga_0). Large setup violations at the end of those stages might be difficult to fix during the post-placement implementation flow and could be the result of non-optimal XDC constraints or non-optimal design architecture
Related violations: <none>

TIMING-16#386 Warning
Large setup violation  
There is a large setup violation of -2.379 ns between DEMO_i/rst_ps7_0_50M/U0/ACTIVE_LOW_PR_OUT_DFF[0].FDRE_PER_N/C (clocked by clk_fpga_0) and DEMO_i/BuzzerBooster_Driver_0/U0/BuzzerBooster_Driver_v1_0_S00_AXI_inst/slv_reg0_reg[22]/R (clocked by clk_fpga_0). Large setup violations at the end of those stages might be difficult to fix during the post-placement implementation flow and could be the result of non-optimal XDC constraints or non-optimal design architecture
Related violations: <none>

TIMING-16#387 Warning
Large setup violation  
There is a large setup violation of -2.379 ns between DEMO_i/rst_ps7_0_50M/U0/ACTIVE_LOW_PR_OUT_DFF[0].FDRE_PER_N/C (clocked by clk_fpga_0) and DEMO_i/BuzzerBooster_Driver_0/U0/BuzzerBooster_Driver_v1_0_S00_AXI_inst/slv_reg0_reg[23]/R (clocked by clk_fpga_0). Large setup violations at the end of those stages might be difficult to fix during the post-placement implementation flow and could be the result of non-optimal XDC constraints or non-optimal design architecture
Related violations: <none>

TIMING-16#388 Warning
Large setup violation  
There is a large setup violation of -2.382 ns between DEMO_i/rst_ps7_0_50M/U0/ACTIVE_LOW_PR_OUT_DFF[0].FDRE_PER_N/C (clocked by clk_fpga_0) and DEMO_i/axi_iic_0/U0/X_IIC/REG_INTERFACE_I/FIFO_GEN_DTR.IIC2Bus_IntrEvent_reg[7]/R (clocked by clk_fpga_0). Large setup violations at the end of those stages might be difficult to fix during the post-placement implementation flow and could be the result of non-optimal XDC constraints or non-optimal design architecture
Related violations: <none>

TIMING-16#389 Warning
Large setup violation  
There is a large setup violation of -2.382 ns between DEMO_i/rst_ps7_0_50M/U0/ACTIVE_LOW_PR_OUT_DFF[0].FDRE_PER_N/C (clocked by clk_fpga_0) and DEMO_i/axi_iic_0/U0/X_IIC/REG_INTERFACE_I/RD_FIFO_CNTRL.Rc_fifo_wr_reg/R (clocked by clk_fpga_0). Large setup violations at the end of those stages might be difficult to fix during the post-placement implementation flow and could be the result of non-optimal XDC constraints or non-optimal design architecture
Related violations: <none>

TIMING-16#390 Warning
Large setup violation  
There is a large setup violation of -2.382 ns between DEMO_i/rst_ps7_0_50M/U0/ACTIVE_LOW_PR_OUT_DFF[0].FDRE_PER_N/C (clocked by clk_fpga_0) and DEMO_i/axi_iic_0/U0/X_IIC/REG_INTERFACE_I/new_rcv_dta_d1_reg/R (clocked by clk_fpga_0). Large setup violations at the end of those stages might be difficult to fix during the post-placement implementation flow and could be the result of non-optimal XDC constraints or non-optimal design architecture
Related violations: <none>

TIMING-16#391 Warning
Large setup violation  
There is a large setup violation of -2.382 ns between DEMO_i/rst_ps7_0_50M/U0/ACTIVE_LOW_PR_OUT_DFF[0].FDRE_PER_N/C (clocked by clk_fpga_0) and DEMO_i/axi_iic_0/U0/X_IIC/REG_INTERFACE_I/sr_i_reg[5]/R (clocked by clk_fpga_0). Large setup violations at the end of those stages might be difficult to fix during the post-placement implementation flow and could be the result of non-optimal XDC constraints or non-optimal design architecture
Related violations: <none>

TIMING-16#392 Warning
Large setup violation  
There is a large setup violation of -2.382 ns between DEMO_i/rst_ps7_0_50M/U0/ACTIVE_LOW_PR_OUT_DFF[0].FDRE_PER_N/C (clocked by clk_fpga_0) and DEMO_i/axi_iic_0/U0/X_IIC/X_AXI_IPIF_SSP1/X_INTERRUPT_CONTROL/GEN_IP_IRPT_STATUS_REG[2].GEN_REG_STATUS.ip_irpt_status_reg_reg[2]/R (clocked by clk_fpga_0). Large setup violations at the end of those stages might be difficult to fix during the post-placement implementation flow and could be the result of non-optimal XDC constraints or non-optimal design architecture
Related violations: <none>

TIMING-16#393 Warning
Large setup violation  
There is a large setup violation of -2.382 ns between DEMO_i/rst_ps7_0_50M/U0/ACTIVE_LOW_PR_OUT_DFF[0].FDRE_PER_N/C (clocked by clk_fpga_0) and DEMO_i/axi_iic_0/U0/X_IIC/X_AXI_IPIF_SSP1/X_INTERRUPT_CONTROL/GEN_IP_IRPT_STATUS_REG[7].GEN_REG_STATUS.ip_irpt_status_reg_reg[7]/R (clocked by clk_fpga_0). Large setup violations at the end of those stages might be difficult to fix during the post-placement implementation flow and could be the result of non-optimal XDC constraints or non-optimal design architecture
Related violations: <none>

TIMING-16#394 Warning
Large setup violation  
There is a large setup violation of -2.403 ns between DEMO_i/rst_ps7_0_50M/U0/ACTIVE_LOW_PR_OUT_DFF[0].FDRE_PER_N/C (clocked by clk_fpga_0) and DEMO_i/axi_timer_1/U0/TC_CORE_I/TIMER_CONTROL_I/TCSR1_GENERATE[28].TCSR1_FF_I/R (clocked by clk_fpga_0). Large setup violations at the end of those stages might be difficult to fix during the post-placement implementation flow and could be the result of non-optimal XDC constraints or non-optimal design architecture
Related violations: <none>

TIMING-16#395 Warning
Large setup violation  
There is a large setup violation of -2.403 ns between DEMO_i/rst_ps7_0_50M/U0/ACTIVE_LOW_PR_OUT_DFF[0].FDRE_PER_N/C (clocked by clk_fpga_0) and DEMO_i/axi_timer_1/U0/TC_CORE_I/TIMER_CONTROL_I/TCSR1_GENERATE[29].TCSR1_FF_I/R (clocked by clk_fpga_0). Large setup violations at the end of those stages might be difficult to fix during the post-placement implementation flow and could be the result of non-optimal XDC constraints or non-optimal design architecture
Related violations: <none>

TIMING-16#396 Warning
Large setup violation  
There is a large setup violation of -2.403 ns between DEMO_i/rst_ps7_0_50M/U0/ACTIVE_LOW_PR_OUT_DFF[0].FDRE_PER_N/C (clocked by clk_fpga_0) and DEMO_i/axi_timer_1/U0/TC_CORE_I/TIMER_CONTROL_I/TCSR1_GENERATE[30].TCSR1_FF_I/R (clocked by clk_fpga_0). Large setup violations at the end of those stages might be difficult to fix during the post-placement implementation flow and could be the result of non-optimal XDC constraints or non-optimal design architecture
Related violations: <none>

TIMING-16#397 Warning
Large setup violation  
There is a large setup violation of -2.403 ns between DEMO_i/rst_ps7_0_50M/U0/ACTIVE_LOW_PR_OUT_DFF[0].FDRE_PER_N/C (clocked by clk_fpga_0) and DEMO_i/axi_timer_2/U0/TC_CORE_I/TIMER_CONTROL_I/TCSR0_GENERATE[21].TCSR0_FF_I/R (clocked by clk_fpga_0). Large setup violations at the end of those stages might be difficult to fix during the post-placement implementation flow and could be the result of non-optimal XDC constraints or non-optimal design architecture
Related violations: <none>

TIMING-16#398 Warning
Large setup violation  
There is a large setup violation of -2.418 ns between DEMO_i/rst_ps7_0_50M/U0/ACTIVE_LOW_PR_OUT_DFF[0].FDRE_PER_N/C (clocked by clk_fpga_0) and DEMO_i/axi_iic_0/U0/X_IIC/REG_INTERFACE_I/IIC2Bus_IntrEvent_reg[5]/R (clocked by clk_fpga_0). Large setup violations at the end of those stages might be difficult to fix during the post-placement implementation flow and could be the result of non-optimal XDC constraints or non-optimal design architecture
Related violations: <none>

TIMING-16#399 Warning
Large setup violation  
There is a large setup violation of -2.418 ns between DEMO_i/rst_ps7_0_50M/U0/ACTIVE_LOW_PR_OUT_DFF[0].FDRE_PER_N/C (clocked by clk_fpga_0) and DEMO_i/axi_iic_0/U0/X_IIC/REG_INTERFACE_I/sr_i_reg[2]/R (clocked by clk_fpga_0). Large setup violations at the end of those stages might be difficult to fix during the post-placement implementation flow and could be the result of non-optimal XDC constraints or non-optimal design architecture
Related violations: <none>

TIMING-16#400 Warning
Large setup violation  
There is a large setup violation of -2.418 ns between DEMO_i/rst_ps7_0_50M/U0/ACTIVE_LOW_PR_OUT_DFF[0].FDRE_PER_N/C (clocked by clk_fpga_0) and DEMO_i/axi_iic_0/U0/X_IIC/X_AXI_IPIF_SSP1/X_INTERRUPT_CONTROL/GEN_IP_IRPT_STATUS_REG[1].GEN_REG_STATUS.ip_irpt_status_reg_reg[1]/R (clocked by clk_fpga_0). Large setup violations at the end of those stages might be difficult to fix during the post-placement implementation flow and could be the result of non-optimal XDC constraints or non-optimal design architecture
Related violations: <none>

TIMING-16#401 Warning
Large setup violation  
There is a large setup violation of -2.418 ns between DEMO_i/rst_ps7_0_50M/U0/ACTIVE_LOW_PR_OUT_DFF[0].FDRE_PER_N/C (clocked by clk_fpga_0) and DEMO_i/axi_iic_0/U0/X_IIC/X_AXI_IPIF_SSP1/X_INTERRUPT_CONTROL/GEN_IP_IRPT_STATUS_REG[5].GEN_REG_STATUS.ip_irpt_status_reg_reg[5]/R (clocked by clk_fpga_0). Large setup violations at the end of those stages might be difficult to fix during the post-placement implementation flow and could be the result of non-optimal XDC constraints or non-optimal design architecture
Related violations: <none>

TIMING-16#402 Warning
Large setup violation  
There is a large setup violation of -2.418 ns between DEMO_i/rst_ps7_0_50M/U0/ACTIVE_LOW_PR_OUT_DFF[0].FDRE_PER_N/C (clocked by clk_fpga_0) and DEMO_i/axi_iic_0/U0/X_IIC/X_AXI_IPIF_SSP1/X_INTERRUPT_CONTROL/ipif_glbl_irpt_enable_reg_reg/R (clocked by clk_fpga_0). Large setup violations at the end of those stages might be difficult to fix during the post-placement implementation flow and could be the result of non-optimal XDC constraints or non-optimal design architecture
Related violations: <none>

TIMING-16#403 Warning
Large setup violation  
There is a large setup violation of -2.418 ns between DEMO_i/rst_ps7_0_50M/U0/ACTIVE_LOW_PR_OUT_DFF[0].FDRE_PER_N/C (clocked by clk_fpga_0) and DEMO_i/axi_iic_0/U0/X_IIC/X_AXI_IPIF_SSP1/X_INTERRUPT_CONTROL/irpt_wrack_d1_reg/R (clocked by clk_fpga_0). Large setup violations at the end of those stages might be difficult to fix during the post-placement implementation flow and could be the result of non-optimal XDC constraints or non-optimal design architecture
Related violations: <none>

TIMING-16#404 Warning
Large setup violation  
There is a large setup violation of -2.447 ns between DEMO_i/rst_ps7_0_50M/U0/ACTIVE_LOW_PR_OUT_DFF[0].FDRE_PER_N/C (clocked by clk_fpga_0) and DEMO_i/BuzzerBooster_Driver_0/U0/BuzzerBooster_Driver_v1_0_S00_AXI_inst/axi_rdata_reg[12]/R (clocked by clk_fpga_0). Large setup violations at the end of those stages might be difficult to fix during the post-placement implementation flow and could be the result of non-optimal XDC constraints or non-optimal design architecture
Related violations: <none>

TIMING-16#405 Warning
Large setup violation  
There is a large setup violation of -2.447 ns between DEMO_i/rst_ps7_0_50M/U0/ACTIVE_LOW_PR_OUT_DFF[0].FDRE_PER_N/C (clocked by clk_fpga_0) and DEMO_i/BuzzerBooster_Driver_0/U0/BuzzerBooster_Driver_v1_0_S00_AXI_inst/axi_rdata_reg[17]/R (clocked by clk_fpga_0). Large setup violations at the end of those stages might be difficult to fix during the post-placement implementation flow and could be the result of non-optimal XDC constraints or non-optimal design architecture
Related violations: <none>

TIMING-16#406 Warning
Large setup violation  
There is a large setup violation of -2.447 ns between DEMO_i/rst_ps7_0_50M/U0/ACTIVE_LOW_PR_OUT_DFF[0].FDRE_PER_N/C (clocked by clk_fpga_0) and DEMO_i/BuzzerBooster_Driver_0/U0/BuzzerBooster_Driver_v1_0_S00_AXI_inst/axi_rdata_reg[19]/R (clocked by clk_fpga_0). Large setup violations at the end of those stages might be difficult to fix during the post-placement implementation flow and could be the result of non-optimal XDC constraints or non-optimal design architecture
Related violations: <none>

TIMING-16#407 Warning
Large setup violation  
There is a large setup violation of -2.447 ns between DEMO_i/rst_ps7_0_50M/U0/ACTIVE_LOW_PR_OUT_DFF[0].FDRE_PER_N/C (clocked by clk_fpga_0) and DEMO_i/BuzzerBooster_Driver_0/U0/BuzzerBooster_Driver_v1_0_S00_AXI_inst/axi_rdata_reg[20]/R (clocked by clk_fpga_0). Large setup violations at the end of those stages might be difficult to fix during the post-placement implementation flow and could be the result of non-optimal XDC constraints or non-optimal design architecture
Related violations: <none>

TIMING-16#408 Warning
Large setup violation  
There is a large setup violation of -2.547 ns between DEMO_i/rst_ps7_0_50M/U0/ACTIVE_LOW_PR_OUT_DFF[0].FDRE_PER_N/C (clocked by clk_fpga_0) and DEMO_i/BuzzerBooster_Driver_0/U0/BuzzerBooster_Driver_v1_0_S00_AXI_inst/slv_reg2_reg[0]/R (clocked by clk_fpga_0). Large setup violations at the end of those stages might be difficult to fix during the post-placement implementation flow and could be the result of non-optimal XDC constraints or non-optimal design architecture
Related violations: <none>

TIMING-16#409 Warning
Large setup violation  
There is a large setup violation of -2.547 ns between DEMO_i/rst_ps7_0_50M/U0/ACTIVE_LOW_PR_OUT_DFF[0].FDRE_PER_N/C (clocked by clk_fpga_0) and DEMO_i/BuzzerBooster_Driver_0/U0/BuzzerBooster_Driver_v1_0_S00_AXI_inst/slv_reg2_reg[1]/R (clocked by clk_fpga_0). Large setup violations at the end of those stages might be difficult to fix during the post-placement implementation flow and could be the result of non-optimal XDC constraints or non-optimal design architecture
Related violations: <none>

TIMING-16#410 Warning
Large setup violation  
There is a large setup violation of -2.547 ns between DEMO_i/rst_ps7_0_50M/U0/ACTIVE_LOW_PR_OUT_DFF[0].FDRE_PER_N/C (clocked by clk_fpga_0) and DEMO_i/BuzzerBooster_Driver_0/U0/BuzzerBooster_Driver_v1_0_S00_AXI_inst/slv_reg2_reg[3]/R (clocked by clk_fpga_0). Large setup violations at the end of those stages might be difficult to fix during the post-placement implementation flow and could be the result of non-optimal XDC constraints or non-optimal design architecture
Related violations: <none>

TIMING-16#411 Warning
Large setup violation  
There is a large setup violation of -2.547 ns between DEMO_i/rst_ps7_0_50M/U0/ACTIVE_LOW_PR_OUT_DFF[0].FDRE_PER_N/C (clocked by clk_fpga_0) and DEMO_i/BuzzerBooster_Driver_0/U0/BuzzerBooster_Driver_v1_0_S00_AXI_inst/slv_reg2_reg[4]/R (clocked by clk_fpga_0). Large setup violations at the end of those stages might be difficult to fix during the post-placement implementation flow and could be the result of non-optimal XDC constraints or non-optimal design architecture
Related violations: <none>

TIMING-16#412 Warning
Large setup violation  
There is a large setup violation of -2.554 ns between DEMO_i/rst_ps7_0_50M/U0/ACTIVE_LOW_PR_OUT_DFF[0].FDRE_PER_N/C (clocked by clk_fpga_0) and DEMO_i/BuzzerBooster_Driver_0/U0/BuzzerBooster_Driver_v1_0_S00_AXI_inst/slv_reg1_reg[3]/R (clocked by clk_fpga_0). Large setup violations at the end of those stages might be difficult to fix during the post-placement implementation flow and could be the result of non-optimal XDC constraints or non-optimal design architecture
Related violations: <none>

TIMING-16#413 Warning
Large setup violation  
There is a large setup violation of -2.554 ns between DEMO_i/rst_ps7_0_50M/U0/ACTIVE_LOW_PR_OUT_DFF[0].FDRE_PER_N/C (clocked by clk_fpga_0) and DEMO_i/BuzzerBooster_Driver_0/U0/BuzzerBooster_Driver_v1_0_S00_AXI_inst/slv_reg1_reg[5]/R (clocked by clk_fpga_0). Large setup violations at the end of those stages might be difficult to fix during the post-placement implementation flow and could be the result of non-optimal XDC constraints or non-optimal design architecture
Related violations: <none>

TIMING-16#414 Warning
Large setup violation  
There is a large setup violation of -2.554 ns between DEMO_i/rst_ps7_0_50M/U0/ACTIVE_LOW_PR_OUT_DFF[0].FDRE_PER_N/C (clocked by clk_fpga_0) and DEMO_i/BuzzerBooster_Driver_0/U0/BuzzerBooster_Driver_v1_0_S00_AXI_inst/slv_reg1_reg[6]/R (clocked by clk_fpga_0). Large setup violations at the end of those stages might be difficult to fix during the post-placement implementation flow and could be the result of non-optimal XDC constraints or non-optimal design architecture
Related violations: <none>

TIMING-16#415 Warning
Large setup violation  
There is a large setup violation of -2.554 ns between DEMO_i/rst_ps7_0_50M/U0/ACTIVE_LOW_PR_OUT_DFF[0].FDRE_PER_N/C (clocked by clk_fpga_0) and DEMO_i/BuzzerBooster_Driver_0/U0/BuzzerBooster_Driver_v1_0_S00_AXI_inst/slv_reg1_reg[7]/R (clocked by clk_fpga_0). Large setup violations at the end of those stages might be difficult to fix during the post-placement implementation flow and could be the result of non-optimal XDC constraints or non-optimal design architecture
Related violations: <none>

TIMING-16#416 Warning
Large setup violation  
There is a large setup violation of -2.672 ns between DEMO_i/rst_ps7_0_50M/U0/ACTIVE_LOW_PR_OUT_DFF[0].FDRE_PER_N/C (clocked by clk_fpga_0) and DEMO_i/axi_iic_0/U0/X_IIC/REG_INTERFACE_I/IIC2Bus_IntrEvent_reg[3]/R (clocked by clk_fpga_0). Large setup violations at the end of those stages might be difficult to fix during the post-placement implementation flow and could be the result of non-optimal XDC constraints or non-optimal design architecture
Related violations: <none>

TIMING-16#417 Warning
Large setup violation  
There is a large setup violation of -2.672 ns between DEMO_i/rst_ps7_0_50M/U0/ACTIVE_LOW_PR_OUT_DFF[0].FDRE_PER_N/C (clocked by clk_fpga_0) and DEMO_i/axi_iic_0/U0/X_IIC/REG_INTERFACE_I/IIC2Bus_IntrEvent_reg[6]/R (clocked by clk_fpga_0). Large setup violations at the end of those stages might be difficult to fix during the post-placement implementation flow and could be the result of non-optimal XDC constraints or non-optimal design architecture
Related violations: <none>

TIMING-16#418 Warning
Large setup violation  
There is a large setup violation of -2.672 ns between DEMO_i/rst_ps7_0_50M/U0/ACTIVE_LOW_PR_OUT_DFF[0].FDRE_PER_N/C (clocked by clk_fpga_0) and DEMO_i/axi_iic_0/U0/X_IIC/X_AXI_IPIF_SSP1/X_INTERRUPT_CONTROL/GEN_IP_IRPT_STATUS_REG[3].GEN_REG_STATUS.ip_irpt_status_reg_reg[3]/R (clocked by clk_fpga_0). Large setup violations at the end of those stages might be difficult to fix during the post-placement implementation flow and could be the result of non-optimal XDC constraints or non-optimal design architecture
Related violations: <none>

TIMING-16#419 Warning
Large setup violation  
There is a large setup violation of -2.672 ns between DEMO_i/rst_ps7_0_50M/U0/ACTIVE_LOW_PR_OUT_DFF[0].FDRE_PER_N/C (clocked by clk_fpga_0) and DEMO_i/axi_iic_0/U0/X_IIC/X_AXI_IPIF_SSP1/X_INTERRUPT_CONTROL/GEN_IP_IRPT_STATUS_REG[4].GEN_REG_STATUS.ip_irpt_status_reg_reg[4]/R (clocked by clk_fpga_0). Large setup violations at the end of those stages might be difficult to fix during the post-placement implementation flow and could be the result of non-optimal XDC constraints or non-optimal design architecture
Related violations: <none>

TIMING-16#420 Warning
Large setup violation  
There is a large setup violation of -2.672 ns between DEMO_i/rst_ps7_0_50M/U0/ACTIVE_LOW_PR_OUT_DFF[0].FDRE_PER_N/C (clocked by clk_fpga_0) and DEMO_i/axi_iic_0/U0/X_IIC/X_AXI_IPIF_SSP1/X_INTERRUPT_CONTROL/GEN_IP_IRPT_STATUS_REG[6].GEN_REG_STATUS.ip_irpt_status_reg_reg[6]/R (clocked by clk_fpga_0). Large setup violations at the end of those stages might be difficult to fix during the post-placement implementation flow and could be the result of non-optimal XDC constraints or non-optimal design architecture
Related violations: <none>

TIMING-16#421 Warning
Large setup violation  
There is a large setup violation of -2.745 ns between DEMO_i/rst_ps7_0_50M/U0/ACTIVE_LOW_PR_OUT_DFF[0].FDRE_PER_N/C (clocked by clk_fpga_0) and DEMO_i/BuzzerBooster_Driver_0/U0/BuzzerBooster_Driver_v1_0_S00_AXI_inst/axi_araddr_reg[3]/S (clocked by clk_fpga_0). Large setup violations at the end of those stages might be difficult to fix during the post-placement implementation flow and could be the result of non-optimal XDC constraints or non-optimal design architecture
Related violations: <none>

TIMING-16#422 Warning
Large setup violation  
There is a large setup violation of -2.798 ns between DEMO_i/rst_ps7_0_50M/U0/ACTIVE_LOW_PR_OUT_DFF[0].FDRE_PER_N/C (clocked by clk_fpga_0) and DEMO_i/BuzzerBooster_Driver_0/U0/BuzzerBooster_Driver_v1_0_S00_AXI_inst/slv_reg2_reg[6]/R (clocked by clk_fpga_0). Large setup violations at the end of those stages might be difficult to fix during the post-placement implementation flow and could be the result of non-optimal XDC constraints or non-optimal design architecture
Related violations: <none>

TIMING-16#423 Warning
Large setup violation  
There is a large setup violation of -2.798 ns between DEMO_i/rst_ps7_0_50M/U0/ACTIVE_LOW_PR_OUT_DFF[0].FDRE_PER_N/C (clocked by clk_fpga_0) and DEMO_i/BuzzerBooster_Driver_0/U0/BuzzerBooster_Driver_v1_0_S00_AXI_inst/slv_reg2_reg[7]/R (clocked by clk_fpga_0). Large setup violations at the end of those stages might be difficult to fix during the post-placement implementation flow and could be the result of non-optimal XDC constraints or non-optimal design architecture
Related violations: <none>

TIMING-16#424 Warning
Large setup violation  
There is a large setup violation of -2.814 ns between DEMO_i/rst_ps7_0_50M/U0/ACTIVE_LOW_PR_OUT_DFF[0].FDRE_PER_N/C (clocked by clk_fpga_0) and DEMO_i/axi_iic_0/U0/X_IIC/REG_INTERFACE_I/timing_param_tlow_i_reg[3]/S (clocked by clk_fpga_0). Large setup violations at the end of those stages might be difficult to fix during the post-placement implementation flow and could be the result of non-optimal XDC constraints or non-optimal design architecture
Related violations: <none>

TIMING-16#425 Warning
Large setup violation  
There is a large setup violation of -2.814 ns between DEMO_i/rst_ps7_0_50M/U0/ACTIVE_LOW_PR_OUT_DFF[0].FDRE_PER_N/C (clocked by clk_fpga_0) and DEMO_i/axi_iic_0/U0/X_IIC/REG_INTERFACE_I/timing_param_tlow_i_reg[6]/S (clocked by clk_fpga_0). Large setup violations at the end of those stages might be difficult to fix during the post-placement implementation flow and could be the result of non-optimal XDC constraints or non-optimal design architecture
Related violations: <none>

TIMING-16#426 Warning
Large setup violation  
There is a large setup violation of -2.814 ns between DEMO_i/rst_ps7_0_50M/U0/ACTIVE_LOW_PR_OUT_DFF[0].FDRE_PER_N/C (clocked by clk_fpga_0) and DEMO_i/axi_iic_0/U0/X_IIC/REG_INTERFACE_I/timing_param_tlow_i_reg[8]/S (clocked by clk_fpga_0). Large setup violations at the end of those stages might be difficult to fix during the post-placement implementation flow and could be the result of non-optimal XDC constraints or non-optimal design architecture
Related violations: <none>

TIMING-16#427 Warning
Large setup violation  
There is a large setup violation of -2.814 ns between DEMO_i/rst_ps7_0_50M/U0/ACTIVE_LOW_PR_OUT_DFF[0].FDRE_PER_N/C (clocked by clk_fpga_0) and DEMO_i/axi_iic_0/U0/X_IIC/REG_INTERFACE_I/timing_param_tlow_i_reg[9]/R (clocked by clk_fpga_0). Large setup violations at the end of those stages might be difficult to fix during the post-placement implementation flow and could be the result of non-optimal XDC constraints or non-optimal design architecture
Related violations: <none>

TIMING-16#428 Warning
Large setup violation  
There is a large setup violation of -2.937 ns between DEMO_i/rst_ps7_0_50M/U0/ACTIVE_LOW_PR_OUT_DFF[0].FDRE_PER_N/C (clocked by clk_fpga_0) and DEMO_i/axi_iic_0/U0/X_IIC/WRITE_FIFO_CTRL_I/Addr_Counters[0].FDRE_I/D (clocked by clk_fpga_0). Large setup violations at the end of those stages might be difficult to fix during the post-placement implementation flow and could be the result of non-optimal XDC constraints or non-optimal design architecture
Related violations: <none>

TIMING-16#429 Warning
Large setup violation  
There is a large setup violation of -2.956 ns between DEMO_i/BuzzerBooster_Driver_0/U0/BuzzerBooster_Driver_v1_0_S00_AXI_inst/pwm_cycles_reg[13]/C (clocked by clk_fpga_0) and DEMO_i/BuzzerBooster_Driver_0/U0/BuzzerBooster_Driver_v1_0_S00_AXI_inst/duty_cycle_reg[3]/D (clocked by clk_fpga_0). Large setup violations at the end of those stages might be difficult to fix during the post-placement implementation flow and could be the result of non-optimal XDC constraints or non-optimal design architecture
Related violations: <none>

TIMING-16#430 Warning
Large setup violation  
There is a large setup violation of -3.023 ns between DEMO_i/ps7_0_axi_periph/xbar/inst/gen_sasd.crossbar_sasd_0/m_atarget_enc_reg[0]/C (clocked by clk_fpga_0) and DEMO_i/processing_system7_0/inst/PS7_i/MAXIGP0WREADY (clocked by clk_fpga_0). Large setup violations at the end of those stages might be difficult to fix during the post-placement implementation flow and could be the result of non-optimal XDC constraints or non-optimal design architecture
Related violations: <none>

TIMING-16#431 Warning
Large setup violation  
There is a large setup violation of -3.038 ns between DEMO_i/BuzzerBooster_Driver_0/U0/BuzzerBooster_Driver_v1_0_S00_AXI_inst/pwm_cycles_reg[13]/C (clocked by clk_fpga_0) and DEMO_i/BuzzerBooster_Driver_0/U0/BuzzerBooster_Driver_v1_0_S00_AXI_inst/duty_cycle_reg[4]/D (clocked by clk_fpga_0). Large setup violations at the end of those stages might be difficult to fix during the post-placement implementation flow and could be the result of non-optimal XDC constraints or non-optimal design architecture
Related violations: <none>

TIMING-16#432 Warning
Large setup violation  
There is a large setup violation of -3.046 ns between DEMO_i/rst_ps7_0_50M/U0/ACTIVE_LOW_PR_OUT_DFF[0].FDRE_PER_N/C (clocked by clk_fpga_0) and DEMO_i/BuzzerBooster_Driver_0/U0/BuzzerBooster_Driver_v1_0_S00_AXI_inst/slv_reg2_reg[11]/R (clocked by clk_fpga_0). Large setup violations at the end of those stages might be difficult to fix during the post-placement implementation flow and could be the result of non-optimal XDC constraints or non-optimal design architecture
Related violations: <none>

TIMING-16#433 Warning
Large setup violation  
There is a large setup violation of -3.046 ns between DEMO_i/rst_ps7_0_50M/U0/ACTIVE_LOW_PR_OUT_DFF[0].FDRE_PER_N/C (clocked by clk_fpga_0) and DEMO_i/BuzzerBooster_Driver_0/U0/BuzzerBooster_Driver_v1_0_S00_AXI_inst/slv_reg2_reg[12]/R (clocked by clk_fpga_0). Large setup violations at the end of those stages might be difficult to fix during the post-placement implementation flow and could be the result of non-optimal XDC constraints or non-optimal design architecture
Related violations: <none>

TIMING-16#434 Warning
Large setup violation  
There is a large setup violation of -3.046 ns between DEMO_i/rst_ps7_0_50M/U0/ACTIVE_LOW_PR_OUT_DFF[0].FDRE_PER_N/C (clocked by clk_fpga_0) and DEMO_i/BuzzerBooster_Driver_0/U0/BuzzerBooster_Driver_v1_0_S00_AXI_inst/slv_reg2_reg[13]/R (clocked by clk_fpga_0). Large setup violations at the end of those stages might be difficult to fix during the post-placement implementation flow and could be the result of non-optimal XDC constraints or non-optimal design architecture
Related violations: <none>

TIMING-16#435 Warning
Large setup violation  
There is a large setup violation of -3.046 ns between DEMO_i/rst_ps7_0_50M/U0/ACTIVE_LOW_PR_OUT_DFF[0].FDRE_PER_N/C (clocked by clk_fpga_0) and DEMO_i/BuzzerBooster_Driver_0/U0/BuzzerBooster_Driver_v1_0_S00_AXI_inst/slv_reg2_reg[15]/R (clocked by clk_fpga_0). Large setup violations at the end of those stages might be difficult to fix during the post-placement implementation flow and could be the result of non-optimal XDC constraints or non-optimal design architecture
Related violations: <none>

TIMING-16#436 Warning
Large setup violation  
There is a large setup violation of -3.053 ns between DEMO_i/rst_ps7_0_50M/U0/ACTIVE_LOW_PR_OUT_DFF[0].FDRE_PER_N/C (clocked by clk_fpga_0) and DEMO_i/BuzzerBooster_Driver_0/U0/BuzzerBooster_Driver_v1_0_S00_AXI_inst/slv_reg1_reg[1]/R (clocked by clk_fpga_0). Large setup violations at the end of those stages might be difficult to fix during the post-placement implementation flow and could be the result of non-optimal XDC constraints or non-optimal design architecture
Related violations: <none>

TIMING-16#437 Warning
Large setup violation  
There is a large setup violation of -3.053 ns between DEMO_i/rst_ps7_0_50M/U0/ACTIVE_LOW_PR_OUT_DFF[0].FDRE_PER_N/C (clocked by clk_fpga_0) and DEMO_i/BuzzerBooster_Driver_0/U0/BuzzerBooster_Driver_v1_0_S00_AXI_inst/slv_reg1_reg[2]/R (clocked by clk_fpga_0). Large setup violations at the end of those stages might be difficult to fix during the post-placement implementation flow and could be the result of non-optimal XDC constraints or non-optimal design architecture
Related violations: <none>

TIMING-16#438 Warning
Large setup violation  
There is a large setup violation of -3.069 ns between DEMO_i/BuzzerBooster_Driver_0/U0/BuzzerBooster_Driver_v1_0_S00_AXI_inst/pwm_cycles_reg[13]/C (clocked by clk_fpga_0) and DEMO_i/BuzzerBooster_Driver_0/U0/BuzzerBooster_Driver_v1_0_S00_AXI_inst/duty_cycle_reg[1]/D (clocked by clk_fpga_0). Large setup violations at the end of those stages might be difficult to fix during the post-placement implementation flow and could be the result of non-optimal XDC constraints or non-optimal design architecture
Related violations: <none>

TIMING-16#439 Warning
Large setup violation  
There is a large setup violation of -3.112 ns between DEMO_i/rst_ps7_0_50M/U0/ACTIVE_LOW_PR_OUT_DFF[0].FDRE_PER_N/C (clocked by clk_fpga_0) and DEMO_i/axi_iic_0/U0/X_IIC/WRITE_FIFO_CTRL_I/Addr_Counters[1].FDRE_I/D (clocked by clk_fpga_0). Large setup violations at the end of those stages might be difficult to fix during the post-placement implementation flow and could be the result of non-optimal XDC constraints or non-optimal design architecture
Related violations: <none>

TIMING-16#440 Warning
Large setup violation  
There is a large setup violation of -3.155 ns between DEMO_i/rst_ps7_0_50M/U0/ACTIVE_LOW_PR_OUT_DFF[0].FDRE_PER_N/C (clocked by clk_fpga_0) and DEMO_i/axi_iic_0/U0/X_IIC/REG_INTERFACE_I/timing_param_tsudat_i_reg[0]/S (clocked by clk_fpga_0). Large setup violations at the end of those stages might be difficult to fix during the post-placement implementation flow and could be the result of non-optimal XDC constraints or non-optimal design architecture
Related violations: <none>

TIMING-16#441 Warning
Large setup violation  
There is a large setup violation of -3.155 ns between DEMO_i/rst_ps7_0_50M/U0/ACTIVE_LOW_PR_OUT_DFF[0].FDRE_PER_N/C (clocked by clk_fpga_0) and DEMO_i/axi_iic_0/U0/X_IIC/REG_INTERFACE_I/timing_param_tsudat_i_reg[9]/R (clocked by clk_fpga_0). Large setup violations at the end of those stages might be difficult to fix during the post-placement implementation flow and could be the result of non-optimal XDC constraints or non-optimal design architecture
Related violations: <none>

TIMING-16#442 Warning
Large setup violation  
There is a large setup violation of -3.217 ns between DEMO_i/rst_ps7_0_50M/U0/ACTIVE_LOW_PR_OUT_DFF[0].FDRE_PER_N/C (clocked by clk_fpga_0) and DEMO_i/BuzzerBooster_Driver_0/U0/BuzzerBooster_Driver_v1_0_S00_AXI_inst/slv_reg0_reg[16]/R (clocked by clk_fpga_0). Large setup violations at the end of those stages might be difficult to fix during the post-placement implementation flow and could be the result of non-optimal XDC constraints or non-optimal design architecture
Related violations: <none>

TIMING-16#443 Warning
Large setup violation  
There is a large setup violation of -3.217 ns between DEMO_i/rst_ps7_0_50M/U0/ACTIVE_LOW_PR_OUT_DFF[0].FDRE_PER_N/C (clocked by clk_fpga_0) and DEMO_i/BuzzerBooster_Driver_0/U0/BuzzerBooster_Driver_v1_0_S00_AXI_inst/slv_reg0_reg[17]/R (clocked by clk_fpga_0). Large setup violations at the end of those stages might be difficult to fix during the post-placement implementation flow and could be the result of non-optimal XDC constraints or non-optimal design architecture
Related violations: <none>

TIMING-16#444 Warning
Large setup violation  
There is a large setup violation of -3.217 ns between DEMO_i/rst_ps7_0_50M/U0/ACTIVE_LOW_PR_OUT_DFF[0].FDRE_PER_N/C (clocked by clk_fpga_0) and DEMO_i/BuzzerBooster_Driver_0/U0/BuzzerBooster_Driver_v1_0_S00_AXI_inst/slv_reg0_reg[18]/R (clocked by clk_fpga_0). Large setup violations at the end of those stages might be difficult to fix during the post-placement implementation flow and could be the result of non-optimal XDC constraints or non-optimal design architecture
Related violations: <none>

TIMING-16#445 Warning
Large setup violation  
There is a large setup violation of -3.217 ns between DEMO_i/rst_ps7_0_50M/U0/ACTIVE_LOW_PR_OUT_DFF[0].FDRE_PER_N/C (clocked by clk_fpga_0) and DEMO_i/BuzzerBooster_Driver_0/U0/BuzzerBooster_Driver_v1_0_S00_AXI_inst/slv_reg0_reg[19]/R (clocked by clk_fpga_0). Large setup violations at the end of those stages might be difficult to fix during the post-placement implementation flow and could be the result of non-optimal XDC constraints or non-optimal design architecture
Related violations: <none>

TIMING-16#446 Warning
Large setup violation  
There is a large setup violation of -3.231 ns between DEMO_i/rst_ps7_0_50M/U0/ACTIVE_LOW_PR_OUT_DFF[0].FDRE_PER_N/C (clocked by clk_fpga_0) and DEMO_i/BuzzerBooster_Driver_0/U0/BuzzerBooster_Driver_v1_0_S00_AXI_inst/slv_reg1_reg[10]/R (clocked by clk_fpga_0). Large setup violations at the end of those stages might be difficult to fix during the post-placement implementation flow and could be the result of non-optimal XDC constraints or non-optimal design architecture
Related violations: <none>

TIMING-16#447 Warning
Large setup violation  
There is a large setup violation of -3.231 ns between DEMO_i/rst_ps7_0_50M/U0/ACTIVE_LOW_PR_OUT_DFF[0].FDRE_PER_N/C (clocked by clk_fpga_0) and DEMO_i/BuzzerBooster_Driver_0/U0/BuzzerBooster_Driver_v1_0_S00_AXI_inst/slv_reg1_reg[12]/R (clocked by clk_fpga_0). Large setup violations at the end of those stages might be difficult to fix during the post-placement implementation flow and could be the result of non-optimal XDC constraints or non-optimal design architecture
Related violations: <none>

TIMING-16#448 Warning
Large setup violation  
There is a large setup violation of -3.231 ns between DEMO_i/rst_ps7_0_50M/U0/ACTIVE_LOW_PR_OUT_DFF[0].FDRE_PER_N/C (clocked by clk_fpga_0) and DEMO_i/BuzzerBooster_Driver_0/U0/BuzzerBooster_Driver_v1_0_S00_AXI_inst/slv_reg1_reg[14]/R (clocked by clk_fpga_0). Large setup violations at the end of those stages might be difficult to fix during the post-placement implementation flow and could be the result of non-optimal XDC constraints or non-optimal design architecture
Related violations: <none>

TIMING-16#449 Warning
Large setup violation  
There is a large setup violation of -3.231 ns between DEMO_i/rst_ps7_0_50M/U0/ACTIVE_LOW_PR_OUT_DFF[0].FDRE_PER_N/C (clocked by clk_fpga_0) and DEMO_i/BuzzerBooster_Driver_0/U0/BuzzerBooster_Driver_v1_0_S00_AXI_inst/slv_reg1_reg[9]/R (clocked by clk_fpga_0). Large setup violations at the end of those stages might be difficult to fix during the post-placement implementation flow and could be the result of non-optimal XDC constraints or non-optimal design architecture
Related violations: <none>

TIMING-16#450 Warning
Large setup violation  
There is a large setup violation of -3.235 ns between DEMO_i/ps7_0_axi_periph/xbar/inst/gen_sasd.crossbar_sasd_0/m_atarget_enc_reg[0]/C (clocked by clk_fpga_0) and DEMO_i/ps7_0_axi_periph/s00_couplers/auto_pc/inst/gen_axilite.gen_b2s_conv.axilite_b2s/WR.b_channel_0/mhandshake_r_reg/D (clocked by clk_fpga_0). Large setup violations at the end of those stages might be difficult to fix during the post-placement implementation flow and could be the result of non-optimal XDC constraints or non-optimal design architecture
Related violations: <none>

TIMING-16#451 Warning
Large setup violation  
There is a large setup violation of -3.263 ns between DEMO_i/BuzzerBooster_Driver_0/U0/BuzzerBooster_Driver_v1_0_S00_AXI_inst/pwm_cycles_reg[13]/C (clocked by clk_fpga_0) and DEMO_i/BuzzerBooster_Driver_0/U0/BuzzerBooster_Driver_v1_0_S00_AXI_inst/duty_cycle_reg[2]/D (clocked by clk_fpga_0). Large setup violations at the end of those stages might be difficult to fix during the post-placement implementation flow and could be the result of non-optimal XDC constraints or non-optimal design architecture
Related violations: <none>

TIMING-16#452 Warning
Large setup violation  
There is a large setup violation of -3.288 ns between DEMO_i/BuzzerBooster_Driver_0/U0/BuzzerBooster_Driver_v1_0_S00_AXI_inst/pwm_cycles_reg[13]/C (clocked by clk_fpga_0) and DEMO_i/BuzzerBooster_Driver_0/U0/BuzzerBooster_Driver_v1_0_S00_AXI_inst/duty_cycle_reg[8]/D (clocked by clk_fpga_0). Large setup violations at the end of those stages might be difficult to fix during the post-placement implementation flow and could be the result of non-optimal XDC constraints or non-optimal design architecture
Related violations: <none>

TIMING-16#453 Warning
Large setup violation  
There is a large setup violation of -3.317 ns between DEMO_i/rst_ps7_0_50M/U0/ACTIVE_LOW_PR_OUT_DFF[0].FDRE_PER_N/C (clocked by clk_fpga_0) and DEMO_i/axi_iic_0/U0/X_IIC/REG_INTERFACE_I/timing_param_tsusto_i_reg[2]/S (clocked by clk_fpga_0). Large setup violations at the end of those stages might be difficult to fix during the post-placement implementation flow and could be the result of non-optimal XDC constraints or non-optimal design architecture
Related violations: <none>

TIMING-16#454 Warning
Large setup violation  
There is a large setup violation of -3.317 ns between DEMO_i/rst_ps7_0_50M/U0/ACTIVE_LOW_PR_OUT_DFF[0].FDRE_PER_N/C (clocked by clk_fpga_0) and DEMO_i/axi_iic_0/U0/X_IIC/REG_INTERFACE_I/timing_param_tsusto_i_reg[3]/R (clocked by clk_fpga_0). Large setup violations at the end of those stages might be difficult to fix during the post-placement implementation flow and could be the result of non-optimal XDC constraints or non-optimal design architecture
Related violations: <none>

TIMING-16#455 Warning
Large setup violation  
There is a large setup violation of -3.317 ns between DEMO_i/rst_ps7_0_50M/U0/ACTIVE_LOW_PR_OUT_DFF[0].FDRE_PER_N/C (clocked by clk_fpga_0) and DEMO_i/axi_iic_0/U0/X_IIC/REG_INTERFACE_I/timing_param_tsusto_i_reg[4]/S (clocked by clk_fpga_0). Large setup violations at the end of those stages might be difficult to fix during the post-placement implementation flow and could be the result of non-optimal XDC constraints or non-optimal design architecture
Related violations: <none>

TIMING-16#456 Warning
Large setup violation  
There is a large setup violation of -3.317 ns between DEMO_i/rst_ps7_0_50M/U0/ACTIVE_LOW_PR_OUT_DFF[0].FDRE_PER_N/C (clocked by clk_fpga_0) and DEMO_i/axi_iic_0/U0/X_IIC/REG_INTERFACE_I/timing_param_tsusto_i_reg[5]/S (clocked by clk_fpga_0). Large setup violations at the end of those stages might be difficult to fix during the post-placement implementation flow and could be the result of non-optimal XDC constraints or non-optimal design architecture
Related violations: <none>

TIMING-16#457 Warning
Large setup violation  
There is a large setup violation of -3.333 ns between DEMO_i/BuzzerBooster_Driver_0/U0/BuzzerBooster_Driver_v1_0_S00_AXI_inst/pwm_cycles_reg[13]/C (clocked by clk_fpga_0) and DEMO_i/BuzzerBooster_Driver_0/U0/BuzzerBooster_Driver_v1_0_S00_AXI_inst/duty_cycle_reg[7]/D (clocked by clk_fpga_0). Large setup violations at the end of those stages might be difficult to fix during the post-placement implementation flow and could be the result of non-optimal XDC constraints or non-optimal design architecture
Related violations: <none>

TIMING-16#458 Warning
Large setup violation  
There is a large setup violation of -3.339 ns between DEMO_i/rst_ps7_0_50M/U0/ACTIVE_LOW_PR_OUT_DFF[0].FDRE_PER_N/C (clocked by clk_fpga_0) and DEMO_i/axi_iic_0/U0/X_IIC/WRITE_FIFO_CTRL_I/Addr_Counters[2].FDRE_I/D (clocked by clk_fpga_0). Large setup violations at the end of those stages might be difficult to fix during the post-placement implementation flow and could be the result of non-optimal XDC constraints or non-optimal design architecture
Related violations: <none>

TIMING-16#459 Warning
Large setup violation  
There is a large setup violation of -3.372 ns between DEMO_i/rst_ps7_0_50M/U0/ACTIVE_LOW_PR_OUT_DFF[0].FDRE_PER_N/C (clocked by clk_fpga_0) and DEMO_i/BuzzerBooster_Driver_0/U0/BuzzerBooster_Driver_v1_0_S00_AXI_inst/slv_reg1_reg[19]/R (clocked by clk_fpga_0). Large setup violations at the end of those stages might be difficult to fix during the post-placement implementation flow and could be the result of non-optimal XDC constraints or non-optimal design architecture
Related violations: <none>

TIMING-16#460 Warning
Large setup violation  
There is a large setup violation of -3.372 ns between DEMO_i/rst_ps7_0_50M/U0/ACTIVE_LOW_PR_OUT_DFF[0].FDRE_PER_N/C (clocked by clk_fpga_0) and DEMO_i/BuzzerBooster_Driver_0/U0/BuzzerBooster_Driver_v1_0_S00_AXI_inst/slv_reg1_reg[21]/R (clocked by clk_fpga_0). Large setup violations at the end of those stages might be difficult to fix during the post-placement implementation flow and could be the result of non-optimal XDC constraints or non-optimal design architecture
Related violations: <none>

TIMING-16#461 Warning
Large setup violation  
There is a large setup violation of -3.372 ns between DEMO_i/rst_ps7_0_50M/U0/ACTIVE_LOW_PR_OUT_DFF[0].FDRE_PER_N/C (clocked by clk_fpga_0) and DEMO_i/BuzzerBooster_Driver_0/U0/BuzzerBooster_Driver_v1_0_S00_AXI_inst/slv_reg1_reg[22]/R (clocked by clk_fpga_0). Large setup violations at the end of those stages might be difficult to fix during the post-placement implementation flow and could be the result of non-optimal XDC constraints or non-optimal design architecture
Related violations: <none>

TIMING-16#462 Warning
Large setup violation  
There is a large setup violation of -3.372 ns between DEMO_i/rst_ps7_0_50M/U0/ACTIVE_LOW_PR_OUT_DFF[0].FDRE_PER_N/C (clocked by clk_fpga_0) and DEMO_i/BuzzerBooster_Driver_0/U0/BuzzerBooster_Driver_v1_0_S00_AXI_inst/slv_reg1_reg[23]/R (clocked by clk_fpga_0). Large setup violations at the end of those stages might be difficult to fix during the post-placement implementation flow and could be the result of non-optimal XDC constraints or non-optimal design architecture
Related violations: <none>

TIMING-16#463 Warning
Large setup violation  
There is a large setup violation of -3.404 ns between DEMO_i/rst_ps7_0_50M/U0/ACTIVE_LOW_PR_OUT_DFF[0].FDRE_PER_N/C (clocked by clk_fpga_0) and DEMO_i/axi_iic_0/U0/X_IIC/WRITE_FIFO_CTRL_I/Addr_Counters[3].FDRE_I/D (clocked by clk_fpga_0). Large setup violations at the end of those stages might be difficult to fix during the post-placement implementation flow and could be the result of non-optimal XDC constraints or non-optimal design architecture
Related violations: <none>

TIMING-16#464 Warning
Large setup violation  
There is a large setup violation of -3.412 ns between DEMO_i/rst_ps7_0_50M/U0/ACTIVE_LOW_PR_OUT_DFF[0].FDRE_PER_N/C (clocked by clk_fpga_0) and DEMO_i/axi_iic_0/U0/X_IIC/REG_INTERFACE_I/timing_param_tbuf_i_reg[1]/R (clocked by clk_fpga_0). Large setup violations at the end of those stages might be difficult to fix during the post-placement implementation flow and could be the result of non-optimal XDC constraints or non-optimal design architecture
Related violations: <none>

TIMING-16#465 Warning
Large setup violation  
There is a large setup violation of -3.412 ns between DEMO_i/rst_ps7_0_50M/U0/ACTIVE_LOW_PR_OUT_DFF[0].FDRE_PER_N/C (clocked by clk_fpga_0) and DEMO_i/axi_iic_0/U0/X_IIC/REG_INTERFACE_I/timing_param_tbuf_i_reg[9]/R (clocked by clk_fpga_0). Large setup violations at the end of those stages might be difficult to fix during the post-placement implementation flow and could be the result of non-optimal XDC constraints or non-optimal design architecture
Related violations: <none>

TIMING-16#466 Warning
Large setup violation  
There is a large setup violation of -3.425 ns between DEMO_i/ps7_0_axi_periph/xbar/inst/gen_sasd.crossbar_sasd_0/m_atarget_enc_reg[0]/C (clocked by clk_fpga_0) and DEMO_i/ps7_0_axi_periph/s00_couplers/auto_pc/inst/gen_axilite.gen_b2s_conv.axilite_b2s/WR.b_channel_0/s_bresp_acc_reg[1]/D (clocked by clk_fpga_0). Large setup violations at the end of those stages might be difficult to fix during the post-placement implementation flow and could be the result of non-optimal XDC constraints or non-optimal design architecture
Related violations: <none>

TIMING-16#467 Warning
Large setup violation  
There is a large setup violation of -3.449 ns between DEMO_i/BuzzerBooster_Driver_0/U0/BuzzerBooster_Driver_v1_0_S00_AXI_inst/pwm_cycles_reg[13]/C (clocked by clk_fpga_0) and DEMO_i/BuzzerBooster_Driver_0/U0/BuzzerBooster_Driver_v1_0_S00_AXI_inst/duty_cycle_reg[9]/D (clocked by clk_fpga_0). Large setup violations at the end of those stages might be difficult to fix during the post-placement implementation flow and could be the result of non-optimal XDC constraints or non-optimal design architecture
Related violations: <none>

TIMING-16#468 Warning
Large setup violation  
There is a large setup violation of -3.576 ns between DEMO_i/BuzzerBooster_Driver_0/U0/BuzzerBooster_Driver_v1_0_S00_AXI_inst/pwm_cycles_reg[13]/C (clocked by clk_fpga_0) and DEMO_i/BuzzerBooster_Driver_0/U0/BuzzerBooster_Driver_v1_0_S00_AXI_inst/duty_cycle_reg[11]/D (clocked by clk_fpga_0). Large setup violations at the end of those stages might be difficult to fix during the post-placement implementation flow and could be the result of non-optimal XDC constraints or non-optimal design architecture
Related violations: <none>

TIMING-16#469 Warning
Large setup violation  
There is a large setup violation of -3.664 ns between DEMO_i/ps7_0_axi_periph/xbar/inst/gen_sasd.crossbar_sasd_0/m_atarget_enc_reg[0]/C (clocked by clk_fpga_0) and DEMO_i/ps7_0_axi_periph/s00_couplers/auto_pc/inst/gen_axilite.gen_b2s_conv.axilite_b2s/WR.b_channel_0/s_bresp_acc_reg[0]/D (clocked by clk_fpga_0). Large setup violations at the end of those stages might be difficult to fix during the post-placement implementation flow and could be the result of non-optimal XDC constraints or non-optimal design architecture
Related violations: <none>

TIMING-16#470 Warning
Large setup violation  
There is a large setup violation of -3.704 ns between DEMO_i/rst_ps7_0_50M/U0/ACTIVE_LOW_PR_OUT_DFF[0].FDRE_PER_N/C (clocked by clk_fpga_0) and DEMO_i/axi_iic_0/U0/X_IIC/REG_INTERFACE_I/timing_param_tsusta_i_reg[2]/R (clocked by clk_fpga_0). Large setup violations at the end of those stages might be difficult to fix during the post-placement implementation flow and could be the result of non-optimal XDC constraints or non-optimal design architecture
Related violations: <none>

TIMING-16#471 Warning
Large setup violation  
There is a large setup violation of -3.722 ns between DEMO_i/BuzzerBooster_Driver_0/U0/BuzzerBooster_Driver_v1_0_S00_AXI_inst/pwm_cycles_reg[13]/C (clocked by clk_fpga_0) and DEMO_i/BuzzerBooster_Driver_0/U0/BuzzerBooster_Driver_v1_0_S00_AXI_inst/duty_cycle_reg[20]/D (clocked by clk_fpga_0). Large setup violations at the end of those stages might be difficult to fix during the post-placement implementation flow and could be the result of non-optimal XDC constraints or non-optimal design architecture
Related violations: <none>

TIMING-16#472 Warning
Large setup violation  
There is a large setup violation of -3.725 ns between DEMO_i/BuzzerBooster_Driver_0/U0/BuzzerBooster_Driver_v1_0_S00_AXI_inst/pwm_cycles_reg[13]/C (clocked by clk_fpga_0) and DEMO_i/BuzzerBooster_Driver_0/U0/BuzzerBooster_Driver_v1_0_S00_AXI_inst/duty_cycle_reg[5]/D (clocked by clk_fpga_0). Large setup violations at the end of those stages might be difficult to fix during the post-placement implementation flow and could be the result of non-optimal XDC constraints or non-optimal design architecture
Related violations: <none>

TIMING-16#473 Warning
Large setup violation  
There is a large setup violation of -3.756 ns between DEMO_i/BuzzerBooster_Driver_0/U0/BuzzerBooster_Driver_v1_0_S00_AXI_inst/pwm_cycles_reg[13]/C (clocked by clk_fpga_0) and DEMO_i/BuzzerBooster_Driver_0/U0/BuzzerBooster_Driver_v1_0_S00_AXI_inst/duty_cycle_reg[12]/D (clocked by clk_fpga_0). Large setup violations at the end of those stages might be difficult to fix during the post-placement implementation flow and could be the result of non-optimal XDC constraints or non-optimal design architecture
Related violations: <none>

TIMING-16#474 Warning
Large setup violation  
There is a large setup violation of -3.784 ns between DEMO_i/BuzzerBooster_Driver_0/U0/BuzzerBooster_Driver_v1_0_S00_AXI_inst/pwm_cycles_reg[13]/C (clocked by clk_fpga_0) and DEMO_i/BuzzerBooster_Driver_0/U0/BuzzerBooster_Driver_v1_0_S00_AXI_inst/duty_cycle_reg[6]/D (clocked by clk_fpga_0). Large setup violations at the end of those stages might be difficult to fix during the post-placement implementation flow and could be the result of non-optimal XDC constraints or non-optimal design architecture
Related violations: <none>

TIMING-16#475 Warning
Large setup violation  
There is a large setup violation of -3.794 ns between DEMO_i/BuzzerBooster_Driver_0/U0/BuzzerBooster_Driver_v1_0_S00_AXI_inst/pwm_cycles_reg[13]/C (clocked by clk_fpga_0) and DEMO_i/BuzzerBooster_Driver_0/U0/BuzzerBooster_Driver_v1_0_S00_AXI_inst/duty_cycle_reg[17]/D (clocked by clk_fpga_0). Large setup violations at the end of those stages might be difficult to fix during the post-placement implementation flow and could be the result of non-optimal XDC constraints or non-optimal design architecture
Related violations: <none>

TIMING-16#476 Warning
Large setup violation  
There is a large setup violation of -3.815 ns between DEMO_i/BuzzerBooster_Driver_0/U0/BuzzerBooster_Driver_v1_0_S00_AXI_inst/pwm_cycles_reg[13]/C (clocked by clk_fpga_0) and DEMO_i/BuzzerBooster_Driver_0/U0/BuzzerBooster_Driver_v1_0_S00_AXI_inst/duty_cycle_reg[14]/D (clocked by clk_fpga_0). Large setup violations at the end of those stages might be difficult to fix during the post-placement implementation flow and could be the result of non-optimal XDC constraints or non-optimal design architecture
Related violations: <none>

TIMING-16#477 Warning
Large setup violation  
There is a large setup violation of -3.831 ns between DEMO_i/BuzzerBooster_Driver_0/U0/BuzzerBooster_Driver_v1_0_S00_AXI_inst/pwm_cycles_reg[13]/C (clocked by clk_fpga_0) and DEMO_i/BuzzerBooster_Driver_0/U0/BuzzerBooster_Driver_v1_0_S00_AXI_inst/duty_cycle_reg[18]/D (clocked by clk_fpga_0). Large setup violations at the end of those stages might be difficult to fix during the post-placement implementation flow and could be the result of non-optimal XDC constraints or non-optimal design architecture
Related violations: <none>

TIMING-16#478 Warning
Large setup violation  
There is a large setup violation of -3.835 ns between DEMO_i/BuzzerBooster_Driver_0/U0/BuzzerBooster_Driver_v1_0_S00_AXI_inst/pwm_cycles_reg[13]/C (clocked by clk_fpga_0) and DEMO_i/BuzzerBooster_Driver_0/U0/BuzzerBooster_Driver_v1_0_S00_AXI_inst/duty_cycle_reg[31]/D (clocked by clk_fpga_0). Large setup violations at the end of those stages might be difficult to fix during the post-placement implementation flow and could be the result of non-optimal XDC constraints or non-optimal design architecture
Related violations: <none>

TIMING-16#479 Warning
Large setup violation  
There is a large setup violation of -3.876 ns between DEMO_i/BuzzerBooster_Driver_0/U0/BuzzerBooster_Driver_v1_0_S00_AXI_inst/pwm_cycles_reg[13]/C (clocked by clk_fpga_0) and DEMO_i/BuzzerBooster_Driver_0/U0/BuzzerBooster_Driver_v1_0_S00_AXI_inst/duty_cycle_reg[13]/D (clocked by clk_fpga_0). Large setup violations at the end of those stages might be difficult to fix during the post-placement implementation flow and could be the result of non-optimal XDC constraints or non-optimal design architecture
Related violations: <none>

TIMING-16#480 Warning
Large setup violation  
There is a large setup violation of -3.926 ns between DEMO_i/BuzzerBooster_Driver_0/U0/BuzzerBooster_Driver_v1_0_S00_AXI_inst/pwm_cycles_reg[13]/C (clocked by clk_fpga_0) and DEMO_i/BuzzerBooster_Driver_0/U0/BuzzerBooster_Driver_v1_0_S00_AXI_inst/duty_cycle_reg[16]/D (clocked by clk_fpga_0). Large setup violations at the end of those stages might be difficult to fix during the post-placement implementation flow and could be the result of non-optimal XDC constraints or non-optimal design architecture
Related violations: <none>

TIMING-16#481 Warning
Large setup violation  
There is a large setup violation of -4.000 ns between DEMO_i/BuzzerBooster_Driver_0/U0/BuzzerBooster_Driver_v1_0_S00_AXI_inst/pwm_cycles_reg[13]/C (clocked by clk_fpga_0) and DEMO_i/BuzzerBooster_Driver_0/U0/BuzzerBooster_Driver_v1_0_S00_AXI_inst/duty_cycle_reg[19]/D (clocked by clk_fpga_0). Large setup violations at the end of those stages might be difficult to fix during the post-placement implementation flow and could be the result of non-optimal XDC constraints or non-optimal design architecture
Related violations: <none>

TIMING-16#482 Warning
Large setup violation  
There is a large setup violation of -4.025 ns between DEMO_i/BuzzerBooster_Driver_0/U0/BuzzerBooster_Driver_v1_0_S00_AXI_inst/pwm_cycles_reg[13]/C (clocked by clk_fpga_0) and DEMO_i/BuzzerBooster_Driver_0/U0/BuzzerBooster_Driver_v1_0_S00_AXI_inst/duty_cycle_reg[10]/D (clocked by clk_fpga_0). Large setup violations at the end of those stages might be difficult to fix during the post-placement implementation flow and could be the result of non-optimal XDC constraints or non-optimal design architecture
Related violations: <none>

TIMING-16#483 Warning
Large setup violation  
There is a large setup violation of -4.213 ns between DEMO_i/BuzzerBooster_Driver_0/U0/BuzzerBooster_Driver_v1_0_S00_AXI_inst/pwm_cycles_reg[13]/C (clocked by clk_fpga_0) and DEMO_i/BuzzerBooster_Driver_0/U0/BuzzerBooster_Driver_v1_0_S00_AXI_inst/duty_cycle_reg[21]/D (clocked by clk_fpga_0). Large setup violations at the end of those stages might be difficult to fix during the post-placement implementation flow and could be the result of non-optimal XDC constraints or non-optimal design architecture
Related violations: <none>

TIMING-16#484 Warning
Large setup violation  
There is a large setup violation of -4.262 ns between DEMO_i/BuzzerBooster_Driver_0/U0/BuzzerBooster_Driver_v1_0_S00_AXI_inst/pwm_cycles_reg[13]/C (clocked by clk_fpga_0) and DEMO_i/BuzzerBooster_Driver_0/U0/BuzzerBooster_Driver_v1_0_S00_AXI_inst/duty_cycle_reg[15]/D (clocked by clk_fpga_0). Large setup violations at the end of those stages might be difficult to fix during the post-placement implementation flow and could be the result of non-optimal XDC constraints or non-optimal design architecture
Related violations: <none>

TIMING-16#485 Warning
Large setup violation  
There is a large setup violation of -73.216 ns between DEMO_i/BuzzerBooster_Driver_0/U0/BuzzerBooster_Driver_v1_0_S00_AXI_inst/frequency_reg[0]_replica/C (clocked by clk_fpga_0) and DEMO_i/BuzzerBooster_Driver_0/U0/BuzzerBooster_Driver_v1_0_S00_AXI_inst/pwm_cycles_reg[0]/D (clocked by clk_fpga_0). Large setup violations at the end of those stages might be difficult to fix during the post-placement implementation flow and could be the result of non-optimal XDC constraints or non-optimal design architecture
Related violations: <none>

TIMING-16#486 Warning
Large setup violation  
There is a large setup violation of -74.920 ns between DEMO_i/BuzzerBooster_Driver_0/U0/BuzzerBooster_Driver_v1_0_S00_AXI_inst/frequency_reg[0]_replica/C (clocked by clk_fpga_0) and DEMO_i/BuzzerBooster_Driver_0/U0/BuzzerBooster_Driver_v1_0_S00_AXI_inst/pwm_cycles_reg[4]/D (clocked by clk_fpga_0). Large setup violations at the end of those stages might be difficult to fix during the post-placement implementation flow and could be the result of non-optimal XDC constraints or non-optimal design architecture
Related violations: <none>

TIMING-16#487 Warning
Large setup violation  
There is a large setup violation of -74.963 ns between DEMO_i/BuzzerBooster_Driver_0/U0/BuzzerBooster_Driver_v1_0_S00_AXI_inst/frequency_reg[0]_replica/C (clocked by clk_fpga_0) and DEMO_i/BuzzerBooster_Driver_0/U0/BuzzerBooster_Driver_v1_0_S00_AXI_inst/pwm_cycles_reg[1]/D (clocked by clk_fpga_0). Large setup violations at the end of those stages might be difficult to fix during the post-placement implementation flow and could be the result of non-optimal XDC constraints or non-optimal design architecture
Related violations: <none>

TIMING-16#488 Warning
Large setup violation  
There is a large setup violation of -75.169 ns between DEMO_i/BuzzerBooster_Driver_0/U0/BuzzerBooster_Driver_v1_0_S00_AXI_inst/frequency_reg[0]_replica/C (clocked by clk_fpga_0) and DEMO_i/BuzzerBooster_Driver_0/U0/BuzzerBooster_Driver_v1_0_S00_AXI_inst/pwm_cycles_reg[3]/D (clocked by clk_fpga_0). Large setup violations at the end of those stages might be difficult to fix during the post-placement implementation flow and could be the result of non-optimal XDC constraints or non-optimal design architecture
Related violations: <none>

TIMING-16#489 Warning
Large setup violation  
There is a large setup violation of -75.171 ns between DEMO_i/BuzzerBooster_Driver_0/U0/BuzzerBooster_Driver_v1_0_S00_AXI_inst/frequency_reg[0]_replica/C (clocked by clk_fpga_0) and DEMO_i/BuzzerBooster_Driver_0/U0/BuzzerBooster_Driver_v1_0_S00_AXI_inst/pwm_cycles_reg[8]/D (clocked by clk_fpga_0). Large setup violations at the end of those stages might be difficult to fix during the post-placement implementation flow and could be the result of non-optimal XDC constraints or non-optimal design architecture
Related violations: <none>

TIMING-16#490 Warning
Large setup violation  
There is a large setup violation of -75.204 ns between DEMO_i/BuzzerBooster_Driver_0/U0/BuzzerBooster_Driver_v1_0_S00_AXI_inst/frequency_reg[0]_replica/C (clocked by clk_fpga_0) and DEMO_i/BuzzerBooster_Driver_0/U0/BuzzerBooster_Driver_v1_0_S00_AXI_inst/pwm_cycles_reg[2]/D (clocked by clk_fpga_0). Large setup violations at the end of those stages might be difficult to fix during the post-placement implementation flow and could be the result of non-optimal XDC constraints or non-optimal design architecture
Related violations: <none>

TIMING-16#491 Warning
Large setup violation  
There is a large setup violation of -75.216 ns between DEMO_i/BuzzerBooster_Driver_0/U0/BuzzerBooster_Driver_v1_0_S00_AXI_inst/frequency_reg[0]_replica/C (clocked by clk_fpga_0) and DEMO_i/BuzzerBooster_Driver_0/U0/BuzzerBooster_Driver_v1_0_S00_AXI_inst/pwm_cycles_reg[7]/D (clocked by clk_fpga_0). Large setup violations at the end of those stages might be difficult to fix during the post-placement implementation flow and could be the result of non-optimal XDC constraints or non-optimal design architecture
Related violations: <none>

TIMING-16#492 Warning
Large setup violation  
There is a large setup violation of -75.297 ns between DEMO_i/BuzzerBooster_Driver_0/U0/BuzzerBooster_Driver_v1_0_S00_AXI_inst/frequency_reg[0]_replica/C (clocked by clk_fpga_0) and DEMO_i/BuzzerBooster_Driver_0/U0/BuzzerBooster_Driver_v1_0_S00_AXI_inst/pwm_cycles_reg[10]/D (clocked by clk_fpga_0). Large setup violations at the end of those stages might be difficult to fix during the post-placement implementation flow and could be the result of non-optimal XDC constraints or non-optimal design architecture
Related violations: <none>

TIMING-16#493 Warning
Large setup violation  
There is a large setup violation of -75.321 ns between DEMO_i/BuzzerBooster_Driver_0/U0/BuzzerBooster_Driver_v1_0_S00_AXI_inst/frequency_reg[0]_replica/C (clocked by clk_fpga_0) and DEMO_i/BuzzerBooster_Driver_0/U0/BuzzerBooster_Driver_v1_0_S00_AXI_inst/pwm_cycles_reg[6]/D (clocked by clk_fpga_0). Large setup violations at the end of those stages might be difficult to fix during the post-placement implementation flow and could be the result of non-optimal XDC constraints or non-optimal design architecture
Related violations: <none>

TIMING-16#494 Warning
Large setup violation  
There is a large setup violation of -75.327 ns between DEMO_i/BuzzerBooster_Driver_0/U0/BuzzerBooster_Driver_v1_0_S00_AXI_inst/frequency_reg[0]_replica/C (clocked by clk_fpga_0) and DEMO_i/BuzzerBooster_Driver_0/U0/BuzzerBooster_Driver_v1_0_S00_AXI_inst/pwm_cycles_reg[9]/D (clocked by clk_fpga_0). Large setup violations at the end of those stages might be difficult to fix during the post-placement implementation flow and could be the result of non-optimal XDC constraints or non-optimal design architecture
Related violations: <none>

TIMING-16#495 Warning
Large setup violation  
There is a large setup violation of -75.348 ns between DEMO_i/BuzzerBooster_Driver_0/U0/BuzzerBooster_Driver_v1_0_S00_AXI_inst/frequency_reg[0]_replica/C (clocked by clk_fpga_0) and DEMO_i/BuzzerBooster_Driver_0/U0/BuzzerBooster_Driver_v1_0_S00_AXI_inst/pwm_cycles_reg[5]/D (clocked by clk_fpga_0). Large setup violations at the end of those stages might be difficult to fix during the post-placement implementation flow and could be the result of non-optimal XDC constraints or non-optimal design architecture
Related violations: <none>

TIMING-16#496 Warning
Large setup violation  
There is a large setup violation of -75.436 ns between DEMO_i/BuzzerBooster_Driver_0/U0/BuzzerBooster_Driver_v1_0_S00_AXI_inst/frequency_reg[0]_replica/C (clocked by clk_fpga_0) and DEMO_i/BuzzerBooster_Driver_0/U0/BuzzerBooster_Driver_v1_0_S00_AXI_inst/pwm_cycles_reg[15]/D (clocked by clk_fpga_0). Large setup violations at the end of those stages might be difficult to fix during the post-placement implementation flow and could be the result of non-optimal XDC constraints or non-optimal design architecture
Related violations: <none>

TIMING-16#497 Warning
Large setup violation  
There is a large setup violation of -75.440 ns between DEMO_i/BuzzerBooster_Driver_0/U0/BuzzerBooster_Driver_v1_0_S00_AXI_inst/frequency_reg[0]_replica/C (clocked by clk_fpga_0) and DEMO_i/BuzzerBooster_Driver_0/U0/BuzzerBooster_Driver_v1_0_S00_AXI_inst/pwm_cycles_reg[13]/D (clocked by clk_fpga_0). Large setup violations at the end of those stages might be difficult to fix during the post-placement implementation flow and could be the result of non-optimal XDC constraints or non-optimal design architecture
Related violations: <none>

TIMING-16#498 Warning
Large setup violation  
There is a large setup violation of -75.467 ns between DEMO_i/BuzzerBooster_Driver_0/U0/BuzzerBooster_Driver_v1_0_S00_AXI_inst/frequency_reg[0]_replica/C (clocked by clk_fpga_0) and DEMO_i/BuzzerBooster_Driver_0/U0/BuzzerBooster_Driver_v1_0_S00_AXI_inst/pwm_cycles_reg[11]/D (clocked by clk_fpga_0). Large setup violations at the end of those stages might be difficult to fix during the post-placement implementation flow and could be the result of non-optimal XDC constraints or non-optimal design architecture
Related violations: <none>

TIMING-16#499 Warning
Large setup violation  
There is a large setup violation of -75.527 ns between DEMO_i/BuzzerBooster_Driver_0/U0/BuzzerBooster_Driver_v1_0_S00_AXI_inst/frequency_reg[0]_replica/C (clocked by clk_fpga_0) and DEMO_i/BuzzerBooster_Driver_0/U0/BuzzerBooster_Driver_v1_0_S00_AXI_inst/pwm_cycles_reg[12]/D (clocked by clk_fpga_0). Large setup violations at the end of those stages might be difficult to fix during the post-placement implementation flow and could be the result of non-optimal XDC constraints or non-optimal design architecture
Related violations: <none>

TIMING-16#500 Warning
Large setup violation  
There is a large setup violation of -75.570 ns between DEMO_i/BuzzerBooster_Driver_0/U0/BuzzerBooster_Driver_v1_0_S00_AXI_inst/frequency_reg[0]_replica/C (clocked by clk_fpga_0) and DEMO_i/BuzzerBooster_Driver_0/U0/BuzzerBooster_Driver_v1_0_S00_AXI_inst/pwm_cycles_reg[17]/D (clocked by clk_fpga_0). Large setup violations at the end of those stages might be difficult to fix during the post-placement implementation flow and could be the result of non-optimal XDC constraints or non-optimal design architecture
Related violations: <none>

TIMING-16#501 Warning
Large setup violation  
There is a large setup violation of -75.594 ns between DEMO_i/BuzzerBooster_Driver_0/U0/BuzzerBooster_Driver_v1_0_S00_AXI_inst/frequency_reg[0]_replica/C (clocked by clk_fpga_0) and DEMO_i/BuzzerBooster_Driver_0/U0/BuzzerBooster_Driver_v1_0_S00_AXI_inst/pwm_cycles_reg[19]/D (clocked by clk_fpga_0). Large setup violations at the end of those stages might be difficult to fix during the post-placement implementation flow and could be the result of non-optimal XDC constraints or non-optimal design architecture
Related violations: <none>

TIMING-16#502 Warning
Large setup violation  
There is a large setup violation of -75.666 ns between DEMO_i/BuzzerBooster_Driver_0/U0/BuzzerBooster_Driver_v1_0_S00_AXI_inst/frequency_reg[0]_replica/C (clocked by clk_fpga_0) and DEMO_i/BuzzerBooster_Driver_0/U0/BuzzerBooster_Driver_v1_0_S00_AXI_inst/pwm_cycles_reg[21]/D (clocked by clk_fpga_0). Large setup violations at the end of those stages might be difficult to fix during the post-placement implementation flow and could be the result of non-optimal XDC constraints or non-optimal design architecture
Related violations: <none>

TIMING-16#503 Warning
Large setup violation  
There is a large setup violation of -75.677 ns between DEMO_i/BuzzerBooster_Driver_0/U0/BuzzerBooster_Driver_v1_0_S00_AXI_inst/frequency_reg[0]_replica/C (clocked by clk_fpga_0) and DEMO_i/BuzzerBooster_Driver_0/U0/BuzzerBooster_Driver_v1_0_S00_AXI_inst/pwm_cycles_reg[18]/D (clocked by clk_fpga_0). Large setup violations at the end of those stages might be difficult to fix during the post-placement implementation flow and could be the result of non-optimal XDC constraints or non-optimal design architecture
Related violations: <none>

TIMING-16#504 Warning
Large setup violation  
There is a large setup violation of -75.678 ns between DEMO_i/BuzzerBooster_Driver_0/U0/BuzzerBooster_Driver_v1_0_S00_AXI_inst/frequency_reg[0]_replica/C (clocked by clk_fpga_0) and DEMO_i/BuzzerBooster_Driver_0/U0/BuzzerBooster_Driver_v1_0_S00_AXI_inst/pwm_cycles_reg[14]/D (clocked by clk_fpga_0). Large setup violations at the end of those stages might be difficult to fix during the post-placement implementation flow and could be the result of non-optimal XDC constraints or non-optimal design architecture
Related violations: <none>

TIMING-16#505 Warning
Large setup violation  
There is a large setup violation of -75.682 ns between DEMO_i/BuzzerBooster_Driver_0/U0/BuzzerBooster_Driver_v1_0_S00_AXI_inst/frequency_reg[0]_replica/C (clocked by clk_fpga_0) and DEMO_i/BuzzerBooster_Driver_0/U0/BuzzerBooster_Driver_v1_0_S00_AXI_inst/pwm_cycles_reg[20]/D (clocked by clk_fpga_0). Large setup violations at the end of those stages might be difficult to fix during the post-placement implementation flow and could be the result of non-optimal XDC constraints or non-optimal design architecture
Related violations: <none>

TIMING-16#506 Warning
Large setup violation  
There is a large setup violation of -75.692 ns between DEMO_i/BuzzerBooster_Driver_0/U0/BuzzerBooster_Driver_v1_0_S00_AXI_inst/frequency_reg[0]_replica/C (clocked by clk_fpga_0) and DEMO_i/BuzzerBooster_Driver_0/U0/BuzzerBooster_Driver_v1_0_S00_AXI_inst/pwm_cycles_reg[25]/D (clocked by clk_fpga_0). Large setup violations at the end of those stages might be difficult to fix during the post-placement implementation flow and could be the result of non-optimal XDC constraints or non-optimal design architecture
Related violations: <none>

TIMING-16#507 Warning
Large setup violation  
There is a large setup violation of -75.698 ns between DEMO_i/BuzzerBooster_Driver_0/U0/BuzzerBooster_Driver_v1_0_S00_AXI_inst/frequency_reg[0]_replica/C (clocked by clk_fpga_0) and DEMO_i/BuzzerBooster_Driver_0/U0/BuzzerBooster_Driver_v1_0_S00_AXI_inst/duty_cycle3__1_i_8_psdsp/D (clocked by clk_fpga_0). Large setup violations at the end of those stages might be difficult to fix during the post-placement implementation flow and could be the result of non-optimal XDC constraints or non-optimal design architecture
Related violations: <none>

TIMING-16#508 Warning
Large setup violation  
There is a large setup violation of -75.715 ns between DEMO_i/BuzzerBooster_Driver_0/U0/BuzzerBooster_Driver_v1_0_S00_AXI_inst/frequency_reg[0]_replica/C (clocked by clk_fpga_0) and DEMO_i/BuzzerBooster_Driver_0/U0/BuzzerBooster_Driver_v1_0_S00_AXI_inst/pwm_cycles_reg[23]/D (clocked by clk_fpga_0). Large setup violations at the end of those stages might be difficult to fix during the post-placement implementation flow and could be the result of non-optimal XDC constraints or non-optimal design architecture
Related violations: <none>

TIMING-16#509 Warning
Large setup violation  
There is a large setup violation of -75.730 ns between DEMO_i/BuzzerBooster_Driver_0/U0/BuzzerBooster_Driver_v1_0_S00_AXI_inst/frequency_reg[0]_replica/C (clocked by clk_fpga_0) and DEMO_i/BuzzerBooster_Driver_0/U0/BuzzerBooster_Driver_v1_0_S00_AXI_inst/pwm_cycles_reg[16]/D (clocked by clk_fpga_0). Large setup violations at the end of those stages might be difficult to fix during the post-placement implementation flow and could be the result of non-optimal XDC constraints or non-optimal design architecture
Related violations: <none>

TIMING-16#510 Warning
Large setup violation  
There is a large setup violation of -75.741 ns between DEMO_i/BuzzerBooster_Driver_0/U0/BuzzerBooster_Driver_v1_0_S00_AXI_inst/frequency_reg[0]_replica/C (clocked by clk_fpga_0) and DEMO_i/BuzzerBooster_Driver_0/U0/BuzzerBooster_Driver_v1_0_S00_AXI_inst/duty_cycle3__1_i_9_psdsp/D (clocked by clk_fpga_0). Large setup violations at the end of those stages might be difficult to fix during the post-placement implementation flow and could be the result of non-optimal XDC constraints or non-optimal design architecture
Related violations: <none>

TIMING-16#511 Warning
Large setup violation  
There is a large setup violation of -75.786 ns between DEMO_i/BuzzerBooster_Driver_0/U0/BuzzerBooster_Driver_v1_0_S00_AXI_inst/frequency_reg[0]_replica/C (clocked by clk_fpga_0) and DEMO_i/BuzzerBooster_Driver_0/U0/BuzzerBooster_Driver_v1_0_S00_AXI_inst/pwm_cycles_reg[24]/D (clocked by clk_fpga_0). Large setup violations at the end of those stages might be difficult to fix during the post-placement implementation flow and could be the result of non-optimal XDC constraints or non-optimal design architecture
Related violations: <none>

TIMING-16#512 Warning
Large setup violation  
There is a large setup violation of -75.852 ns between DEMO_i/BuzzerBooster_Driver_0/U0/BuzzerBooster_Driver_v1_0_S00_AXI_inst/frequency_reg[0]_replica/C (clocked by clk_fpga_0) and DEMO_i/BuzzerBooster_Driver_0/U0/BuzzerBooster_Driver_v1_0_S00_AXI_inst/pwm_cycles_reg[31]/D (clocked by clk_fpga_0). Large setup violations at the end of those stages might be difficult to fix during the post-placement implementation flow and could be the result of non-optimal XDC constraints or non-optimal design architecture
Related violations: <none>

TIMING-16#513 Warning
Large setup violation  
There is a large setup violation of -75.859 ns between DEMO_i/BuzzerBooster_Driver_0/U0/BuzzerBooster_Driver_v1_0_S00_AXI_inst/frequency_reg[0]_replica/C (clocked by clk_fpga_0) and DEMO_i/BuzzerBooster_Driver_0/U0/BuzzerBooster_Driver_v1_0_S00_AXI_inst/duty_cycle3__1_i_10_psdsp/D (clocked by clk_fpga_0). Large setup violations at the end of those stages might be difficult to fix during the post-placement implementation flow and could be the result of non-optimal XDC constraints or non-optimal design architecture
Related violations: <none>

TIMING-16#514 Warning
Large setup violation  
There is a large setup violation of -75.860 ns between DEMO_i/BuzzerBooster_Driver_0/U0/BuzzerBooster_Driver_v1_0_S00_AXI_inst/frequency_reg[0]_replica/C (clocked by clk_fpga_0) and DEMO_i/BuzzerBooster_Driver_0/U0/BuzzerBooster_Driver_v1_0_S00_AXI_inst/duty_cycle3__1_i_3_psdsp/D (clocked by clk_fpga_0). Large setup violations at the end of those stages might be difficult to fix during the post-placement implementation flow and could be the result of non-optimal XDC constraints or non-optimal design architecture
Related violations: <none>

TIMING-16#515 Warning
Large setup violation  
There is a large setup violation of -75.915 ns between DEMO_i/BuzzerBooster_Driver_0/U0/BuzzerBooster_Driver_v1_0_S00_AXI_inst/frequency_reg[0]_replica/C (clocked by clk_fpga_0) and DEMO_i/BuzzerBooster_Driver_0/U0/BuzzerBooster_Driver_v1_0_S00_AXI_inst/pwm_cycles_reg[26]/D (clocked by clk_fpga_0). Large setup violations at the end of those stages might be difficult to fix during the post-placement implementation flow and could be the result of non-optimal XDC constraints or non-optimal design architecture
Related violations: <none>

TIMING-16#516 Warning
Large setup violation  
There is a large setup violation of -75.924 ns between DEMO_i/BuzzerBooster_Driver_0/U0/BuzzerBooster_Driver_v1_0_S00_AXI_inst/frequency_reg[0]_replica/C (clocked by clk_fpga_0) and DEMO_i/BuzzerBooster_Driver_0/U0/BuzzerBooster_Driver_v1_0_S00_AXI_inst/pwm_cycles_reg[22]/D (clocked by clk_fpga_0). Large setup violations at the end of those stages might be difficult to fix during the post-placement implementation flow and could be the result of non-optimal XDC constraints or non-optimal design architecture
Related violations: <none>

TIMING-16#517 Warning
Large setup violation  
There is a large setup violation of -75.937 ns between DEMO_i/BuzzerBooster_Driver_0/U0/BuzzerBooster_Driver_v1_0_S00_AXI_inst/frequency_reg[0]_replica/C (clocked by clk_fpga_0) and DEMO_i/BuzzerBooster_Driver_0/U0/BuzzerBooster_Driver_v1_0_S00_AXI_inst/duty_cycle3__1_i_5_psdsp/D (clocked by clk_fpga_0). Large setup violations at the end of those stages might be difficult to fix during the post-placement implementation flow and could be the result of non-optimal XDC constraints or non-optimal design architecture
Related violations: <none>

TIMING-16#518 Warning
Large setup violation  
There is a large setup violation of -75.975 ns between DEMO_i/BuzzerBooster_Driver_0/U0/BuzzerBooster_Driver_v1_0_S00_AXI_inst/frequency_reg[0]_replica/C (clocked by clk_fpga_0) and DEMO_i/BuzzerBooster_Driver_0/U0/BuzzerBooster_Driver_v1_0_S00_AXI_inst/duty_cycle3__1_i_6_psdsp/D (clocked by clk_fpga_0). Large setup violations at the end of those stages might be difficult to fix during the post-placement implementation flow and could be the result of non-optimal XDC constraints or non-optimal design architecture
Related violations: <none>

TIMING-16#519 Warning
Large setup violation  
There is a large setup violation of -75.988 ns between DEMO_i/BuzzerBooster_Driver_0/U0/BuzzerBooster_Driver_v1_0_S00_AXI_inst/frequency_reg[0]_replica/C (clocked by clk_fpga_0) and DEMO_i/BuzzerBooster_Driver_0/U0/BuzzerBooster_Driver_v1_0_S00_AXI_inst/duty_cycle3__1_i_1_psdsp/D (clocked by clk_fpga_0). Large setup violations at the end of those stages might be difficult to fix during the post-placement implementation flow and could be the result of non-optimal XDC constraints or non-optimal design architecture
Related violations: <none>

TIMING-16#520 Warning
Large setup violation  
There is a large setup violation of -76.057 ns between DEMO_i/BuzzerBooster_Driver_0/U0/BuzzerBooster_Driver_v1_0_S00_AXI_inst/frequency_reg[0]_replica/C (clocked by clk_fpga_0) and DEMO_i/BuzzerBooster_Driver_0/U0/BuzzerBooster_Driver_v1_0_S00_AXI_inst/duty_cycle3__1_i_11_psdsp/D (clocked by clk_fpga_0). Large setup violations at the end of those stages might be difficult to fix during the post-placement implementation flow and could be the result of non-optimal XDC constraints or non-optimal design architecture
Related violations: <none>

TIMING-16#521 Warning
Large setup violation  
There is a large setup violation of -76.080 ns between DEMO_i/BuzzerBooster_Driver_0/U0/BuzzerBooster_Driver_v1_0_S00_AXI_inst/frequency_reg[0]_replica/C (clocked by clk_fpga_0) and DEMO_i/BuzzerBooster_Driver_0/U0/BuzzerBooster_Driver_v1_0_S00_AXI_inst/duty_cycle3__1_i_7_psdsp/D (clocked by clk_fpga_0). Large setup violations at the end of those stages might be difficult to fix during the post-placement implementation flow and could be the result of non-optimal XDC constraints or non-optimal design architecture
Related violations: <none>

TIMING-16#522 Warning
Large setup violation  
There is a large setup violation of -76.459 ns between DEMO_i/BuzzerBooster_Driver_0/U0/BuzzerBooster_Driver_v1_0_S00_AXI_inst/frequency_reg[0]_replica/C (clocked by clk_fpga_0) and DEMO_i/BuzzerBooster_Driver_0/U0/BuzzerBooster_Driver_v1_0_S00_AXI_inst/duty_cycle3__1_i_4_psdsp/D (clocked by clk_fpga_0). Large setup violations at the end of those stages might be difficult to fix during the post-placement implementation flow and could be the result of non-optimal XDC constraints or non-optimal design architecture
Related violations: <none>

TIMING-16#523 Warning
Large setup violation  
There is a large setup violation of -76.491 ns between DEMO_i/BuzzerBooster_Driver_0/U0/BuzzerBooster_Driver_v1_0_S00_AXI_inst/frequency_reg[0]_replica/C (clocked by clk_fpga_0) and DEMO_i/BuzzerBooster_Driver_0/U0/BuzzerBooster_Driver_v1_0_S00_AXI_inst/duty_cycle3__1_i_2_psdsp/D (clocked by clk_fpga_0). Large setup violations at the end of those stages might be difficult to fix during the post-placement implementation flow and could be the result of non-optimal XDC constraints or non-optimal design architecture
Related violations: <none>

TIMING-18#1 Warning
Missing input or output delay  
An input delay is missing on BTN0_tri_i[0] relative to clock(s) clk_fpga_0
Related violations: <none>

TIMING-18#2 Warning
Missing input or output delay  
An input delay is missing on BTN1_tri_i[0] relative to clock(s) clk_fpga_0
Related violations: <none>

TIMING-18#3 Warning
Missing input or output delay  
An input delay is missing on LIGHT_IRQ_tri_i[0] relative to clock(s) clk_fpga_0
Related violations: <none>

TIMING-18#4 Warning
Missing input or output delay  
An input delay is missing on iic_rtl_scl_io relative to clock(s) clk_fpga_0
Related violations: <none>

TIMING-18#5 Warning
Missing input or output delay  
An input delay is missing on iic_rtl_sda_io relative to clock(s) clk_fpga_0
Related violations: <none>

TIMING-18#6 Warning
Missing input or output delay  
An input delay is missing on spi_rtl_io0_io relative to clock(s) clk_fpga_0
Related violations: <none>

TIMING-18#7 Warning
Missing input or output delay  
An input delay is missing on spi_rtl_io1_io relative to clock(s) clk_fpga_0
Related violations: <none>

TIMING-18#8 Warning
Missing input or output delay  
An input delay is missing on spi_rtl_sck_io relative to clock(s) clk_fpga_0
Related violations: <none>

TIMING-18#9 Warning
Missing input or output delay  
An input delay is missing on spi_rtl_ss_io[0] relative to clock(s) clk_fpga_0
Related violations: <none>

TIMING-18#10 Warning
Missing input or output delay  
An output delay is missing on CS[0] relative to clock(s) clk_fpga_0
Related violations: <none>

TIMING-18#11 Warning
Missing input or output delay  
An output delay is missing on MOSI relative to clock(s) clk_fpga_0
Related violations: <none>

TIMING-18#12 Warning
Missing input or output delay  
An output delay is missing on PWM relative to clock(s) clk_fpga_0
Related violations: <none>

TIMING-18#13 Warning
Missing input or output delay  
An output delay is missing on RST_tri_o[0] relative to clock(s) clk_fpga_0
Related violations: <none>

TIMING-18#14 Warning
Missing input or output delay  
An output delay is missing on RS_tri_o[0] relative to clock(s) clk_fpga_0
Related violations: <none>

TIMING-18#15 Warning
Missing input or output delay  
An output delay is missing on SCLK relative to clock(s) clk_fpga_0
Related violations: <none>

TIMING-18#16 Warning
Missing input or output delay  
An output delay is missing on rgb_B relative to clock(s) sys_clk_pin
Related violations: <none>

TIMING-18#17 Warning
Missing input or output delay  
An output delay is missing on rgb_G relative to clock(s) sys_clk_pin
Related violations: <none>

TIMING-18#18 Warning
Missing input or output delay  
An output delay is missing on rgb_R relative to clock(s) sys_clk_pin
Related violations: <none>

TIMING-46#1 Warning
Multicycle path with tied CE pins  
One or more multicycle paths are defined between registers DEMO_i/axi_traffic_gen_1/inst/ATG_MODE_AXI_BASIC_FULL.basic_n_full_top/ATG_PARARAM_INST_YES.paramram_blk/PARAMRAM_ON_1.paramram_r_regslice/datapath_reg[0][20]/Q and DEMO_i/axi_traffic_gen_1/inst/ATG_MODE_AXI_BASIC_FULL.basic_n_full_top/ATG_PARARAM_INST_YES.paramram_blk/PARAMRAM_ON_1.param_cmdr_addrrandrange_encoded_reg[0]/D with a direct connection and the CE pins connected to VCC (see constraint position 6 in the Timing Constraint window in Vivado IDE).  This may result in an inaccurate path requirement.
Related violations: <none>

TIMING-46#2 Warning
Multicycle path with tied CE pins  
One or more multicycle paths are defined between registers DEMO_i/axi_traffic_gen_1/inst/ATG_MODE_AXI_BASIC_FULL.basic_n_full_top/ATG_PARARAM_INST_YES.paramram_blk/PARAMRAM_ON_1.paramram_r_regslice/datapath_reg[0][21]/Q and DEMO_i/axi_traffic_gen_1/inst/ATG_MODE_AXI_BASIC_FULL.basic_n_full_top/ATG_PARARAM_INST_YES.paramram_blk/PARAMRAM_ON_1.param_cmdr_addrrandrange_encoded_reg[1]/D with a direct connection and the CE pins connected to VCC (see constraint position 6 in the Timing Constraint window in Vivado IDE).  This may result in an inaccurate path requirement.
Related violations: <none>

TIMING-46#3 Warning
Multicycle path with tied CE pins  
One or more multicycle paths are defined between registers DEMO_i/axi_traffic_gen_1/inst/ATG_MODE_AXI_BASIC_FULL.basic_n_full_top/ATG_PARARAM_INST_YES.paramram_blk/PARAMRAM_ON_1.paramram_r_regslice/datapath_reg[0][22]/Q and DEMO_i/axi_traffic_gen_1/inst/ATG_MODE_AXI_BASIC_FULL.basic_n_full_top/ATG_PARARAM_INST_YES.paramram_blk/PARAMRAM_ON_1.param_cmdr_addrrandrange_encoded_reg[2]/D with a direct connection and the CE pins connected to VCC (see constraint position 6 in the Timing Constraint window in Vivado IDE).  This may result in an inaccurate path requirement.
Related violations: <none>

TIMING-46#4 Warning
Multicycle path with tied CE pins  
One or more multicycle paths are defined between registers DEMO_i/axi_traffic_gen_1/inst/ATG_MODE_AXI_BASIC_FULL.basic_n_full_top/ATG_PARARAM_INST_YES.paramram_blk/PARAMRAM_ON_1.paramram_r_regslice/datapath_reg[0][23]/Q and DEMO_i/axi_traffic_gen_1/inst/ATG_MODE_AXI_BASIC_FULL.basic_n_full_top/ATG_PARARAM_INST_YES.paramram_blk/PARAMRAM_ON_1.param_cmdr_addrrandrange_encoded_reg[3]/D with a direct connection and the CE pins connected to VCC (see constraint position 6 in the Timing Constraint window in Vivado IDE).  This may result in an inaccurate path requirement.
Related violations: <none>

TIMING-46#5 Warning
Multicycle path with tied CE pins  
One or more multicycle paths are defined between registers DEMO_i/axi_traffic_gen_1/inst/ATG_MODE_AXI_BASIC_FULL.basic_n_full_top/ATG_PARARAM_INST_YES.paramram_blk/PARAMRAM_ON_1.paramram_r_regslice/datapath_reg[0][24]/Q and DEMO_i/axi_traffic_gen_1/inst/ATG_MODE_AXI_BASIC_FULL.basic_n_full_top/ATG_PARARAM_INST_YES.paramram_blk/PARAMRAM_ON_1.param_cmdr_addrmode_ff_reg[0]/D with a direct connection and the CE pins connected to VCC (see constraint position 6 in the Timing Constraint window in Vivado IDE).  This may result in an inaccurate path requirement.
Related violations: <none>

TIMING-46#6 Warning
Multicycle path with tied CE pins  
One or more multicycle paths are defined between registers DEMO_i/axi_traffic_gen_1/inst/ATG_MODE_AXI_BASIC_FULL.basic_n_full_top/ATG_PARARAM_INST_YES.paramram_blk/PARAMRAM_ON_1.paramram_r_regslice/datapath_reg[0][25]/Q and DEMO_i/axi_traffic_gen_1/inst/ATG_MODE_AXI_BASIC_FULL.basic_n_full_top/ATG_PARARAM_INST_YES.paramram_blk/PARAMRAM_ON_1.param_cmdr_addrmode_ff_reg[1]/D with a direct connection and the CE pins connected to VCC (see constraint position 6 in the Timing Constraint window in Vivado IDE).  This may result in an inaccurate path requirement.
Related violations: <none>

TIMING-46#7 Warning
Multicycle path with tied CE pins  
One or more multicycle paths are defined between registers DEMO_i/axi_traffic_gen_1/inst/ATG_MODE_AXI_BASIC_FULL.basic_n_full_top/ATG_PARARAM_INST_YES.paramram_blk/PARAMRAM_ON_1.paramram_w_regslice/datapath_reg[0][20]/Q and DEMO_i/axi_traffic_gen_1/inst/ATG_MODE_AXI_BASIC_FULL.basic_n_full_top/ATG_PARARAM_INST_YES.paramram_blk/PARAMRAM_ON_2.param_cmdw_addrrandrange_encoded_reg[0]/D with a direct connection and the CE pins connected to VCC (see constraint position 6 in the Timing Constraint window in Vivado IDE).  This may result in an inaccurate path requirement.
Related violations: <none>

TIMING-46#8 Warning
Multicycle path with tied CE pins  
One or more multicycle paths are defined between registers DEMO_i/axi_traffic_gen_1/inst/ATG_MODE_AXI_BASIC_FULL.basic_n_full_top/ATG_PARARAM_INST_YES.paramram_blk/PARAMRAM_ON_1.paramram_w_regslice/datapath_reg[0][21]/Q and DEMO_i/axi_traffic_gen_1/inst/ATG_MODE_AXI_BASIC_FULL.basic_n_full_top/ATG_PARARAM_INST_YES.paramram_blk/PARAMRAM_ON_2.param_cmdw_addrrandrange_encoded_reg[1]/D with a direct connection and the CE pins connected to VCC (see constraint position 6 in the Timing Constraint window in Vivado IDE).  This may result in an inaccurate path requirement.
Related violations: <none>

TIMING-46#9 Warning
Multicycle path with tied CE pins  
One or more multicycle paths are defined between registers DEMO_i/axi_traffic_gen_1/inst/ATG_MODE_AXI_BASIC_FULL.basic_n_full_top/ATG_PARARAM_INST_YES.paramram_blk/PARAMRAM_ON_1.paramram_w_regslice/datapath_reg[0][22]/Q and DEMO_i/axi_traffic_gen_1/inst/ATG_MODE_AXI_BASIC_FULL.basic_n_full_top/ATG_PARARAM_INST_YES.paramram_blk/PARAMRAM_ON_2.param_cmdw_addrrandrange_encoded_reg[2]/D with a direct connection and the CE pins connected to VCC (see constraint position 6 in the Timing Constraint window in Vivado IDE).  This may result in an inaccurate path requirement.
Related violations: <none>

TIMING-46#10 Warning
Multicycle path with tied CE pins  
One or more multicycle paths are defined between registers DEMO_i/axi_traffic_gen_1/inst/ATG_MODE_AXI_BASIC_FULL.basic_n_full_top/ATG_PARARAM_INST_YES.paramram_blk/PARAMRAM_ON_1.paramram_w_regslice/datapath_reg[0][23]/Q and DEMO_i/axi_traffic_gen_1/inst/ATG_MODE_AXI_BASIC_FULL.basic_n_full_top/ATG_PARARAM_INST_YES.paramram_blk/PARAMRAM_ON_2.param_cmdw_addrrandrange_encoded_reg[3]/D with a direct connection and the CE pins connected to VCC (see constraint position 6 in the Timing Constraint window in Vivado IDE).  This may result in an inaccurate path requirement.
Related violations: <none>

TIMING-46#11 Warning
Multicycle path with tied CE pins  
One or more multicycle paths are defined between registers DEMO_i/axi_traffic_gen_1/inst/ATG_MODE_AXI_BASIC_FULL.basic_n_full_top/ATG_PARARAM_INST_YES.paramram_blk/PARAMRAM_ON_1.paramram_w_regslice/datapath_reg[0][24]/Q and DEMO_i/axi_traffic_gen_1/inst/ATG_MODE_AXI_BASIC_FULL.basic_n_full_top/ATG_PARARAM_INST_YES.paramram_blk/PARAMRAM_ON_2.param_cmdw_addrmode_ff_reg[0]/D with a direct connection and the CE pins connected to VCC (see constraint position 6 in the Timing Constraint window in Vivado IDE).  This may result in an inaccurate path requirement.
Related violations: <none>

TIMING-46#12 Warning
Multicycle path with tied CE pins  
One or more multicycle paths are defined between registers DEMO_i/axi_traffic_gen_1/inst/ATG_MODE_AXI_BASIC_FULL.basic_n_full_top/ATG_PARARAM_INST_YES.paramram_blk/PARAMRAM_ON_1.paramram_w_regslice/datapath_reg[0][25]/Q and DEMO_i/axi_traffic_gen_1/inst/ATG_MODE_AXI_BASIC_FULL.basic_n_full_top/ATG_PARARAM_INST_YES.paramram_blk/PARAMRAM_ON_2.param_cmdw_addrmode_ff_reg[1]/D with a direct connection and the CE pins connected to VCC (see constraint position 6 in the Timing Constraint window in Vivado IDE).  This may result in an inaccurate path requirement.
Related violations: <none>

TIMING-46#13 Warning
Multicycle path with tied CE pins  
One or more multicycle paths are defined between registers DEMO_i/axi_traffic_gen_1/inst/ATG_MODE_AXI_BASIC_FULL.basic_n_full_top/cmd_blk/cmdram_regslice_r/datapath_reg[1][0]/Q and DEMO_i/axi_traffic_gen_1/inst/ATG_MODE_AXI_BASIC_FULL.basic_n_full_top/ATG_PARARAM_INST_YES.paramram_blk/PARAMRAM_ON_2.cmd_out_mr_comp_reg[0]/D with a direct connection and the CE pins connected to VCC (see constraint position 6 in the Timing Constraint window in Vivado IDE).  This may result in an inaccurate path requirement.
Related violations: <none>

TIMING-46#14 Warning
Multicycle path with tied CE pins  
One or more multicycle paths are defined between registers DEMO_i/axi_traffic_gen_1/inst/ATG_MODE_AXI_BASIC_FULL.basic_n_full_top/cmd_blk/cmdram_regslice_r/datapath_reg[1][0]/Q and DEMO_i/axi_traffic_gen_1/inst/ATG_MODE_AXI_BASIC_FULL.basic_n_full_top/cmd_blk/cmdram_regslice_r/datapath_reg[0][0]/D with a direct connection and the CE pins connected to VCC (see constraint position 6 in the Timing Constraint window in Vivado IDE).  This may result in an inaccurate path requirement.
Related violations: <none>

TIMING-46#15 Warning
Multicycle path with tied CE pins  
One or more multicycle paths are defined between registers DEMO_i/axi_traffic_gen_1/inst/ATG_MODE_AXI_BASIC_FULL.basic_n_full_top/cmd_blk/cmdram_regslice_r/datapath_reg[1][101]/Q and DEMO_i/axi_traffic_gen_1/inst/ATG_MODE_AXI_BASIC_FULL.basic_n_full_top/ATG_PARARAM_INST_YES.paramram_blk/PARAMRAM_ON_2.cmd_out_mr_reg[101]/D with a direct connection and the CE pins connected to VCC (see constraint position 6 in the Timing Constraint window in Vivado IDE).  This may result in an inaccurate path requirement.
Related violations: <none>

TIMING-46#16 Warning
Multicycle path with tied CE pins  
One or more multicycle paths are defined between registers DEMO_i/axi_traffic_gen_1/inst/ATG_MODE_AXI_BASIC_FULL.basic_n_full_top/cmd_blk/cmdram_regslice_r/datapath_reg[1][102]/Q and DEMO_i/axi_traffic_gen_1/inst/ATG_MODE_AXI_BASIC_FULL.basic_n_full_top/ATG_PARARAM_INST_YES.paramram_blk/PARAMRAM_ON_2.cmd_out_mr_reg[102]/D with a direct connection and the CE pins connected to VCC (see constraint position 6 in the Timing Constraint window in Vivado IDE).  This may result in an inaccurate path requirement.
Related violations: <none>

TIMING-46#17 Warning
Multicycle path with tied CE pins  
One or more multicycle paths are defined between registers DEMO_i/axi_traffic_gen_1/inst/ATG_MODE_AXI_BASIC_FULL.basic_n_full_top/cmd_blk/cmdram_regslice_r/datapath_reg[1][103]/Q and DEMO_i/axi_traffic_gen_1/inst/ATG_MODE_AXI_BASIC_FULL.basic_n_full_top/ATG_PARARAM_INST_YES.paramram_blk/PARAMRAM_ON_2.cmd_out_mr_reg[103]/D with a direct connection and the CE pins connected to VCC (see constraint position 6 in the Timing Constraint window in Vivado IDE).  This may result in an inaccurate path requirement.
Related violations: <none>

TIMING-46#18 Warning
Multicycle path with tied CE pins  
One or more multicycle paths are defined between registers DEMO_i/axi_traffic_gen_1/inst/ATG_MODE_AXI_BASIC_FULL.basic_n_full_top/cmd_blk/cmdram_regslice_r/datapath_reg[1][104]/Q and DEMO_i/axi_traffic_gen_1/inst/ATG_MODE_AXI_BASIC_FULL.basic_n_full_top/ATG_PARARAM_INST_YES.paramram_blk/PARAMRAM_ON_2.cmd_out_mr_reg[104]/D with a direct connection and the CE pins connected to VCC (see constraint position 6 in the Timing Constraint window in Vivado IDE).  This may result in an inaccurate path requirement.
Related violations: <none>

TIMING-46#19 Warning
Multicycle path with tied CE pins  
One or more multicycle paths are defined between registers DEMO_i/axi_traffic_gen_1/inst/ATG_MODE_AXI_BASIC_FULL.basic_n_full_top/cmd_blk/cmdram_regslice_r/datapath_reg[1][105]/Q and DEMO_i/axi_traffic_gen_1/inst/ATG_MODE_AXI_BASIC_FULL.basic_n_full_top/ATG_PARARAM_INST_YES.paramram_blk/PARAMRAM_ON_2.cmd_out_mr_reg[105]/D with a direct connection and the CE pins connected to VCC (see constraint position 6 in the Timing Constraint window in Vivado IDE).  This may result in an inaccurate path requirement.
Related violations: <none>

TIMING-46#20 Warning
Multicycle path with tied CE pins  
One or more multicycle paths are defined between registers DEMO_i/axi_traffic_gen_1/inst/ATG_MODE_AXI_BASIC_FULL.basic_n_full_top/cmd_blk/cmdram_regslice_r/datapath_reg[1][106]/Q and DEMO_i/axi_traffic_gen_1/inst/ATG_MODE_AXI_BASIC_FULL.basic_n_full_top/ATG_PARARAM_INST_YES.paramram_blk/PARAMRAM_ON_2.cmd_out_mr_reg[106]/D with a direct connection and the CE pins connected to VCC (see constraint position 6 in the Timing Constraint window in Vivado IDE).  This may result in an inaccurate path requirement.
Related violations: <none>

TIMING-46#21 Warning
Multicycle path with tied CE pins  
One or more multicycle paths are defined between registers DEMO_i/axi_traffic_gen_1/inst/ATG_MODE_AXI_BASIC_FULL.basic_n_full_top/cmd_blk/cmdram_regslice_r/datapath_reg[1][107]/Q and DEMO_i/axi_traffic_gen_1/inst/ATG_MODE_AXI_BASIC_FULL.basic_n_full_top/ATG_PARARAM_INST_YES.paramram_blk/PARAMRAM_ON_2.cmd_out_mr_reg[107]/D with a direct connection and the CE pins connected to VCC (see constraint position 6 in the Timing Constraint window in Vivado IDE).  This may result in an inaccurate path requirement.
Related violations: <none>

TIMING-46#22 Warning
Multicycle path with tied CE pins  
One or more multicycle paths are defined between registers DEMO_i/axi_traffic_gen_1/inst/ATG_MODE_AXI_BASIC_FULL.basic_n_full_top/cmd_blk/cmdram_regslice_r/datapath_reg[1][108]/Q and DEMO_i/axi_traffic_gen_1/inst/ATG_MODE_AXI_BASIC_FULL.basic_n_full_top/ATG_PARARAM_INST_YES.paramram_blk/PARAMRAM_ON_2.cmd_out_mr_reg[108]/D with a direct connection and the CE pins connected to VCC (see constraint position 6 in the Timing Constraint window in Vivado IDE).  This may result in an inaccurate path requirement.
Related violations: <none>

TIMING-46#23 Warning
Multicycle path with tied CE pins  
One or more multicycle paths are defined between registers DEMO_i/axi_traffic_gen_1/inst/ATG_MODE_AXI_BASIC_FULL.basic_n_full_top/cmd_blk/cmdram_regslice_r/datapath_reg[1][109]/Q and DEMO_i/axi_traffic_gen_1/inst/ATG_MODE_AXI_BASIC_FULL.basic_n_full_top/ATG_PARARAM_INST_YES.paramram_blk/PARAMRAM_ON_2.cmd_out_mr_reg[109]/D with a direct connection and the CE pins connected to VCC (see constraint position 6 in the Timing Constraint window in Vivado IDE).  This may result in an inaccurate path requirement.
Related violations: <none>

TIMING-46#24 Warning
Multicycle path with tied CE pins  
One or more multicycle paths are defined between registers DEMO_i/axi_traffic_gen_1/inst/ATG_MODE_AXI_BASIC_FULL.basic_n_full_top/cmd_blk/cmdram_regslice_r/datapath_reg[1][10]/Q and DEMO_i/axi_traffic_gen_1/inst/ATG_MODE_AXI_BASIC_FULL.basic_n_full_top/cmd_blk/cmdram_regslice_r/datapath_reg[0][10]/D with a direct connection and the CE pins connected to VCC (see constraint position 6 in the Timing Constraint window in Vivado IDE).  This may result in an inaccurate path requirement.
Related violations: <none>

TIMING-46#25 Warning
Multicycle path with tied CE pins  
One or more multicycle paths are defined between registers DEMO_i/axi_traffic_gen_1/inst/ATG_MODE_AXI_BASIC_FULL.basic_n_full_top/cmd_blk/cmdram_regslice_r/datapath_reg[1][110]/Q and DEMO_i/axi_traffic_gen_1/inst/ATG_MODE_AXI_BASIC_FULL.basic_n_full_top/ATG_PARARAM_INST_YES.paramram_blk/PARAMRAM_ON_2.cmd_out_mr_reg[110]/D with a direct connection and the CE pins connected to VCC (see constraint position 6 in the Timing Constraint window in Vivado IDE).  This may result in an inaccurate path requirement.
Related violations: <none>

TIMING-46#26 Warning
Multicycle path with tied CE pins  
One or more multicycle paths are defined between registers DEMO_i/axi_traffic_gen_1/inst/ATG_MODE_AXI_BASIC_FULL.basic_n_full_top/cmd_blk/cmdram_regslice_r/datapath_reg[1][111]/Q and DEMO_i/axi_traffic_gen_1/inst/ATG_MODE_AXI_BASIC_FULL.basic_n_full_top/ATG_PARARAM_INST_YES.paramram_blk/PARAMRAM_ON_2.cmd_out_mr_reg[111]/D with a direct connection and the CE pins connected to VCC (see constraint position 6 in the Timing Constraint window in Vivado IDE).  This may result in an inaccurate path requirement.
Related violations: <none>

TIMING-46#27 Warning
Multicycle path with tied CE pins  
One or more multicycle paths are defined between registers DEMO_i/axi_traffic_gen_1/inst/ATG_MODE_AXI_BASIC_FULL.basic_n_full_top/cmd_blk/cmdram_regslice_r/datapath_reg[1][112]/Q and DEMO_i/axi_traffic_gen_1/inst/ATG_MODE_AXI_BASIC_FULL.basic_n_full_top/ATG_PARARAM_INST_YES.paramram_blk/PARAMRAM_ON_2.cmd_out_mr_reg[112]/D with a direct connection and the CE pins connected to VCC (see constraint position 6 in the Timing Constraint window in Vivado IDE).  This may result in an inaccurate path requirement.
Related violations: <none>

TIMING-46#28 Warning
Multicycle path with tied CE pins  
One or more multicycle paths are defined between registers DEMO_i/axi_traffic_gen_1/inst/ATG_MODE_AXI_BASIC_FULL.basic_n_full_top/cmd_blk/cmdram_regslice_r/datapath_reg[1][11]/Q and DEMO_i/axi_traffic_gen_1/inst/ATG_MODE_AXI_BASIC_FULL.basic_n_full_top/cmd_blk/cmdram_regslice_r/datapath_reg[0][11]/D with a direct connection and the CE pins connected to VCC (see constraint position 6 in the Timing Constraint window in Vivado IDE).  This may result in an inaccurate path requirement.
Related violations: <none>

TIMING-46#29 Warning
Multicycle path with tied CE pins  
One or more multicycle paths are defined between registers DEMO_i/axi_traffic_gen_1/inst/ATG_MODE_AXI_BASIC_FULL.basic_n_full_top/cmd_blk/cmdram_regslice_r/datapath_reg[1][12]/Q and DEMO_i/axi_traffic_gen_1/inst/ATG_MODE_AXI_BASIC_FULL.basic_n_full_top/cmd_blk/cmdram_regslice_r/datapath_reg[0][12]/D with a direct connection and the CE pins connected to VCC (see constraint position 6 in the Timing Constraint window in Vivado IDE).  This may result in an inaccurate path requirement.
Related violations: <none>

TIMING-46#30 Warning
Multicycle path with tied CE pins  
One or more multicycle paths are defined between registers DEMO_i/axi_traffic_gen_1/inst/ATG_MODE_AXI_BASIC_FULL.basic_n_full_top/cmd_blk/cmdram_regslice_r/datapath_reg[1][13]/Q and DEMO_i/axi_traffic_gen_1/inst/ATG_MODE_AXI_BASIC_FULL.basic_n_full_top/cmd_blk/cmdram_regslice_r/datapath_reg[0][13]/D with a direct connection and the CE pins connected to VCC (see constraint position 6 in the Timing Constraint window in Vivado IDE).  This may result in an inaccurate path requirement.
Related violations: <none>

TIMING-46#31 Warning
Multicycle path with tied CE pins  
One or more multicycle paths are defined between registers DEMO_i/axi_traffic_gen_1/inst/ATG_MODE_AXI_BASIC_FULL.basic_n_full_top/cmd_blk/cmdram_regslice_r/datapath_reg[1][14]/Q and DEMO_i/axi_traffic_gen_1/inst/ATG_MODE_AXI_BASIC_FULL.basic_n_full_top/cmd_blk/cmdram_regslice_r/datapath_reg[0][14]/D with a direct connection and the CE pins connected to VCC (see constraint position 6 in the Timing Constraint window in Vivado IDE).  This may result in an inaccurate path requirement.
Related violations: <none>

TIMING-46#32 Warning
Multicycle path with tied CE pins  
One or more multicycle paths are defined between registers DEMO_i/axi_traffic_gen_1/inst/ATG_MODE_AXI_BASIC_FULL.basic_n_full_top/cmd_blk/cmdram_regslice_r/datapath_reg[1][15]/Q and DEMO_i/axi_traffic_gen_1/inst/ATG_MODE_AXI_BASIC_FULL.basic_n_full_top/cmd_blk/cmdram_regslice_r/datapath_reg[0][15]/D with a direct connection and the CE pins connected to VCC (see constraint position 6 in the Timing Constraint window in Vivado IDE).  This may result in an inaccurate path requirement.
Related violations: <none>

TIMING-46#33 Warning
Multicycle path with tied CE pins  
One or more multicycle paths are defined between registers DEMO_i/axi_traffic_gen_1/inst/ATG_MODE_AXI_BASIC_FULL.basic_n_full_top/cmd_blk/cmdram_regslice_r/datapath_reg[1][16]/Q and DEMO_i/axi_traffic_gen_1/inst/ATG_MODE_AXI_BASIC_FULL.basic_n_full_top/cmd_blk/cmdram_regslice_r/datapath_reg[0][16]/D with a direct connection and the CE pins connected to VCC (see constraint position 6 in the Timing Constraint window in Vivado IDE).  This may result in an inaccurate path requirement.
Related violations: <none>

TIMING-46#34 Warning
Multicycle path with tied CE pins  
One or more multicycle paths are defined between registers DEMO_i/axi_traffic_gen_1/inst/ATG_MODE_AXI_BASIC_FULL.basic_n_full_top/cmd_blk/cmdram_regslice_r/datapath_reg[1][17]/Q and DEMO_i/axi_traffic_gen_1/inst/ATG_MODE_AXI_BASIC_FULL.basic_n_full_top/cmd_blk/cmdram_regslice_r/datapath_reg[0][17]/D with a direct connection and the CE pins connected to VCC (see constraint position 6 in the Timing Constraint window in Vivado IDE).  This may result in an inaccurate path requirement.
Related violations: <none>

TIMING-46#35 Warning
Multicycle path with tied CE pins  
One or more multicycle paths are defined between registers DEMO_i/axi_traffic_gen_1/inst/ATG_MODE_AXI_BASIC_FULL.basic_n_full_top/cmd_blk/cmdram_regslice_r/datapath_reg[1][18]/Q and DEMO_i/axi_traffic_gen_1/inst/ATG_MODE_AXI_BASIC_FULL.basic_n_full_top/cmd_blk/cmdram_regslice_r/datapath_reg[0][18]/D with a direct connection and the CE pins connected to VCC (see constraint position 6 in the Timing Constraint window in Vivado IDE).  This may result in an inaccurate path requirement.
Related violations: <none>

TIMING-46#36 Warning
Multicycle path with tied CE pins  
One or more multicycle paths are defined between registers DEMO_i/axi_traffic_gen_1/inst/ATG_MODE_AXI_BASIC_FULL.basic_n_full_top/cmd_blk/cmdram_regslice_r/datapath_reg[1][19]/Q and DEMO_i/axi_traffic_gen_1/inst/ATG_MODE_AXI_BASIC_FULL.basic_n_full_top/cmd_blk/cmdram_regslice_r/datapath_reg[0][19]/D with a direct connection and the CE pins connected to VCC (see constraint position 6 in the Timing Constraint window in Vivado IDE).  This may result in an inaccurate path requirement.
Related violations: <none>

TIMING-46#37 Warning
Multicycle path with tied CE pins  
One or more multicycle paths are defined between registers DEMO_i/axi_traffic_gen_1/inst/ATG_MODE_AXI_BASIC_FULL.basic_n_full_top/cmd_blk/cmdram_regslice_r/datapath_reg[1][1]/Q and DEMO_i/axi_traffic_gen_1/inst/ATG_MODE_AXI_BASIC_FULL.basic_n_full_top/ATG_PARARAM_INST_YES.paramram_blk/PARAMRAM_RD_ADVANCED_400_OFF.rand_base_chkr_t_ff_reg[1]/D with a direct connection and the CE pins connected to VCC (see constraint position 6 in the Timing Constraint window in Vivado IDE).  This may result in an inaccurate path requirement.
Related violations: <none>

TIMING-46#38 Warning
Multicycle path with tied CE pins  
One or more multicycle paths are defined between registers DEMO_i/axi_traffic_gen_1/inst/ATG_MODE_AXI_BASIC_FULL.basic_n_full_top/cmd_blk/cmdram_regslice_r/datapath_reg[1][1]/Q and DEMO_i/axi_traffic_gen_1/inst/ATG_MODE_AXI_BASIC_FULL.basic_n_full_top/cmd_blk/cmdram_regslice_r/datapath_reg[0][1]/D with a direct connection and the CE pins connected to VCC (see constraint position 6 in the Timing Constraint window in Vivado IDE).  This may result in an inaccurate path requirement.
Related violations: <none>

TIMING-46#39 Warning
Multicycle path with tied CE pins  
One or more multicycle paths are defined between registers DEMO_i/axi_traffic_gen_1/inst/ATG_MODE_AXI_BASIC_FULL.basic_n_full_top/cmd_blk/cmdram_regslice_r/datapath_reg[1][20]/Q and DEMO_i/axi_traffic_gen_1/inst/ATG_MODE_AXI_BASIC_FULL.basic_n_full_top/cmd_blk/cmdram_regslice_r/datapath_reg[0][20]/D with a direct connection and the CE pins connected to VCC (see constraint position 6 in the Timing Constraint window in Vivado IDE).  This may result in an inaccurate path requirement.
Related violations: <none>

TIMING-46#40 Warning
Multicycle path with tied CE pins  
One or more multicycle paths are defined between registers DEMO_i/axi_traffic_gen_1/inst/ATG_MODE_AXI_BASIC_FULL.basic_n_full_top/cmd_blk/cmdram_regslice_r/datapath_reg[1][21]/Q and DEMO_i/axi_traffic_gen_1/inst/ATG_MODE_AXI_BASIC_FULL.basic_n_full_top/cmd_blk/cmdram_regslice_r/datapath_reg[0][21]/D with a direct connection and the CE pins connected to VCC (see constraint position 6 in the Timing Constraint window in Vivado IDE).  This may result in an inaccurate path requirement.
Related violations: <none>

TIMING-46#41 Warning
Multicycle path with tied CE pins  
One or more multicycle paths are defined between registers DEMO_i/axi_traffic_gen_1/inst/ATG_MODE_AXI_BASIC_FULL.basic_n_full_top/cmd_blk/cmdram_regslice_r/datapath_reg[1][22]/Q and DEMO_i/axi_traffic_gen_1/inst/ATG_MODE_AXI_BASIC_FULL.basic_n_full_top/cmd_blk/cmdram_regslice_r/datapath_reg[0][22]/D with a direct connection and the CE pins connected to VCC (see constraint position 6 in the Timing Constraint window in Vivado IDE).  This may result in an inaccurate path requirement.
Related violations: <none>

TIMING-46#42 Warning
Multicycle path with tied CE pins  
One or more multicycle paths are defined between registers DEMO_i/axi_traffic_gen_1/inst/ATG_MODE_AXI_BASIC_FULL.basic_n_full_top/cmd_blk/cmdram_regslice_r/datapath_reg[1][23]/Q and DEMO_i/axi_traffic_gen_1/inst/ATG_MODE_AXI_BASIC_FULL.basic_n_full_top/cmd_blk/cmdram_regslice_r/datapath_reg[0][23]/D with a direct connection and the CE pins connected to VCC (see constraint position 6 in the Timing Constraint window in Vivado IDE).  This may result in an inaccurate path requirement.
Related violations: <none>

TIMING-46#43 Warning
Multicycle path with tied CE pins  
One or more multicycle paths are defined between registers DEMO_i/axi_traffic_gen_1/inst/ATG_MODE_AXI_BASIC_FULL.basic_n_full_top/cmd_blk/cmdram_regslice_r/datapath_reg[1][24]/Q and DEMO_i/axi_traffic_gen_1/inst/ATG_MODE_AXI_BASIC_FULL.basic_n_full_top/cmd_blk/cmdram_regslice_r/datapath_reg[0][24]/D with a direct connection and the CE pins connected to VCC (see constraint position 6 in the Timing Constraint window in Vivado IDE).  This may result in an inaccurate path requirement.
Related violations: <none>

TIMING-46#44 Warning
Multicycle path with tied CE pins  
One or more multicycle paths are defined between registers DEMO_i/axi_traffic_gen_1/inst/ATG_MODE_AXI_BASIC_FULL.basic_n_full_top/cmd_blk/cmdram_regslice_r/datapath_reg[1][25]/Q and DEMO_i/axi_traffic_gen_1/inst/ATG_MODE_AXI_BASIC_FULL.basic_n_full_top/cmd_blk/cmdram_regslice_r/datapath_reg[0][25]/D with a direct connection and the CE pins connected to VCC (see constraint position 6 in the Timing Constraint window in Vivado IDE).  This may result in an inaccurate path requirement.
Related violations: <none>

TIMING-46#45 Warning
Multicycle path with tied CE pins  
One or more multicycle paths are defined between registers DEMO_i/axi_traffic_gen_1/inst/ATG_MODE_AXI_BASIC_FULL.basic_n_full_top/cmd_blk/cmdram_regslice_r/datapath_reg[1][26]/Q and DEMO_i/axi_traffic_gen_1/inst/ATG_MODE_AXI_BASIC_FULL.basic_n_full_top/cmd_blk/cmdram_regslice_r/datapath_reg[0][26]/D with a direct connection and the CE pins connected to VCC (see constraint position 6 in the Timing Constraint window in Vivado IDE).  This may result in an inaccurate path requirement.
Related violations: <none>

TIMING-46#46 Warning
Multicycle path with tied CE pins  
One or more multicycle paths are defined between registers DEMO_i/axi_traffic_gen_1/inst/ATG_MODE_AXI_BASIC_FULL.basic_n_full_top/cmd_blk/cmdram_regslice_r/datapath_reg[1][27]/Q and DEMO_i/axi_traffic_gen_1/inst/ATG_MODE_AXI_BASIC_FULL.basic_n_full_top/cmd_blk/cmdram_regslice_r/datapath_reg[0][27]/D with a direct connection and the CE pins connected to VCC (see constraint position 6 in the Timing Constraint window in Vivado IDE).  This may result in an inaccurate path requirement.
Related violations: <none>

TIMING-46#47 Warning
Multicycle path with tied CE pins  
One or more multicycle paths are defined between registers DEMO_i/axi_traffic_gen_1/inst/ATG_MODE_AXI_BASIC_FULL.basic_n_full_top/cmd_blk/cmdram_regslice_r/datapath_reg[1][28]/Q and DEMO_i/axi_traffic_gen_1/inst/ATG_MODE_AXI_BASIC_FULL.basic_n_full_top/cmd_blk/cmdram_regslice_r/datapath_reg[0][28]/D with a direct connection and the CE pins connected to VCC (see constraint position 6 in the Timing Constraint window in Vivado IDE).  This may result in an inaccurate path requirement.
Related violations: <none>

TIMING-46#48 Warning
Multicycle path with tied CE pins  
One or more multicycle paths are defined between registers DEMO_i/axi_traffic_gen_1/inst/ATG_MODE_AXI_BASIC_FULL.basic_n_full_top/cmd_blk/cmdram_regslice_r/datapath_reg[1][29]/Q and DEMO_i/axi_traffic_gen_1/inst/ATG_MODE_AXI_BASIC_FULL.basic_n_full_top/cmd_blk/cmdram_regslice_r/datapath_reg[0][29]/D with a direct connection and the CE pins connected to VCC (see constraint position 6 in the Timing Constraint window in Vivado IDE).  This may result in an inaccurate path requirement.
Related violations: <none>

TIMING-46#49 Warning
Multicycle path with tied CE pins  
One or more multicycle paths are defined between registers DEMO_i/axi_traffic_gen_1/inst/ATG_MODE_AXI_BASIC_FULL.basic_n_full_top/cmd_blk/cmdram_regslice_r/datapath_reg[1][2]/Q and DEMO_i/axi_traffic_gen_1/inst/ATG_MODE_AXI_BASIC_FULL.basic_n_full_top/cmd_blk/cmdram_regslice_r/datapath_reg[0][2]/D with a direct connection and the CE pins connected to VCC (see constraint position 6 in the Timing Constraint window in Vivado IDE).  This may result in an inaccurate path requirement.
Related violations: <none>

TIMING-46#50 Warning
Multicycle path with tied CE pins  
One or more multicycle paths are defined between registers DEMO_i/axi_traffic_gen_1/inst/ATG_MODE_AXI_BASIC_FULL.basic_n_full_top/cmd_blk/cmdram_regslice_r/datapath_reg[1][30]/Q and DEMO_i/axi_traffic_gen_1/inst/ATG_MODE_AXI_BASIC_FULL.basic_n_full_top/cmd_blk/cmdram_regslice_r/datapath_reg[0][30]/D with a direct connection and the CE pins connected to VCC (see constraint position 6 in the Timing Constraint window in Vivado IDE).  This may result in an inaccurate path requirement.
Related violations: <none>

TIMING-46#51 Warning
Multicycle path with tied CE pins  
One or more multicycle paths are defined between registers DEMO_i/axi_traffic_gen_1/inst/ATG_MODE_AXI_BASIC_FULL.basic_n_full_top/cmd_blk/cmdram_regslice_r/datapath_reg[1][31]/Q and DEMO_i/axi_traffic_gen_1/inst/ATG_MODE_AXI_BASIC_FULL.basic_n_full_top/cmd_blk/cmdram_regslice_r/datapath_reg[0][31]/D with a direct connection and the CE pins connected to VCC (see constraint position 6 in the Timing Constraint window in Vivado IDE).  This may result in an inaccurate path requirement.
Related violations: <none>

TIMING-46#52 Warning
Multicycle path with tied CE pins  
One or more multicycle paths are defined between registers DEMO_i/axi_traffic_gen_1/inst/ATG_MODE_AXI_BASIC_FULL.basic_n_full_top/cmd_blk/cmdram_regslice_r/datapath_reg[1][32]/Q and DEMO_i/axi_traffic_gen_1/inst/ATG_MODE_AXI_BASIC_FULL.basic_n_full_top/ATG_PARARAM_INST_YES.paramram_blk/PARAMRAM_ON_2.cmd_out_mr_reg[32]/D with a direct connection and the CE pins connected to VCC (see constraint position 6 in the Timing Constraint window in Vivado IDE).  This may result in an inaccurate path requirement.
Related violations: <none>

TIMING-46#53 Warning
Multicycle path with tied CE pins  
One or more multicycle paths are defined between registers DEMO_i/axi_traffic_gen_1/inst/ATG_MODE_AXI_BASIC_FULL.basic_n_full_top/cmd_blk/cmdram_regslice_r/datapath_reg[1][33]/Q and DEMO_i/axi_traffic_gen_1/inst/ATG_MODE_AXI_BASIC_FULL.basic_n_full_top/ATG_PARARAM_INST_YES.paramram_blk/PARAMRAM_ON_2.cmd_out_mr_reg[33]/D with a direct connection and the CE pins connected to VCC (see constraint position 6 in the Timing Constraint window in Vivado IDE).  This may result in an inaccurate path requirement.
Related violations: <none>

TIMING-46#54 Warning
Multicycle path with tied CE pins  
One or more multicycle paths are defined between registers DEMO_i/axi_traffic_gen_1/inst/ATG_MODE_AXI_BASIC_FULL.basic_n_full_top/cmd_blk/cmdram_regslice_r/datapath_reg[1][34]/Q and DEMO_i/axi_traffic_gen_1/inst/ATG_MODE_AXI_BASIC_FULL.basic_n_full_top/ATG_PARARAM_INST_YES.paramram_blk/PARAMRAM_ON_2.cmd_out_mr_reg[34]/D with a direct connection and the CE pins connected to VCC (see constraint position 6 in the Timing Constraint window in Vivado IDE).  This may result in an inaccurate path requirement.
Related violations: <none>

TIMING-46#55 Warning
Multicycle path with tied CE pins  
One or more multicycle paths are defined between registers DEMO_i/axi_traffic_gen_1/inst/ATG_MODE_AXI_BASIC_FULL.basic_n_full_top/cmd_blk/cmdram_regslice_r/datapath_reg[1][35]/Q and DEMO_i/axi_traffic_gen_1/inst/ATG_MODE_AXI_BASIC_FULL.basic_n_full_top/ATG_PARARAM_INST_YES.paramram_blk/PARAMRAM_ON_2.cmd_out_mr_reg[35]/D with a direct connection and the CE pins connected to VCC (see constraint position 6 in the Timing Constraint window in Vivado IDE).  This may result in an inaccurate path requirement.
Related violations: <none>

TIMING-46#56 Warning
Multicycle path with tied CE pins  
One or more multicycle paths are defined between registers DEMO_i/axi_traffic_gen_1/inst/ATG_MODE_AXI_BASIC_FULL.basic_n_full_top/cmd_blk/cmdram_regslice_r/datapath_reg[1][36]/Q and DEMO_i/axi_traffic_gen_1/inst/ATG_MODE_AXI_BASIC_FULL.basic_n_full_top/ATG_PARARAM_INST_YES.paramram_blk/PARAMRAM_ON_2.cmd_out_mr_reg[36]/D with a direct connection and the CE pins connected to VCC (see constraint position 6 in the Timing Constraint window in Vivado IDE).  This may result in an inaccurate path requirement.
Related violations: <none>

TIMING-46#57 Warning
Multicycle path with tied CE pins  
One or more multicycle paths are defined between registers DEMO_i/axi_traffic_gen_1/inst/ATG_MODE_AXI_BASIC_FULL.basic_n_full_top/cmd_blk/cmdram_regslice_r/datapath_reg[1][37]/Q and DEMO_i/axi_traffic_gen_1/inst/ATG_MODE_AXI_BASIC_FULL.basic_n_full_top/ATG_PARARAM_INST_YES.paramram_blk/PARAMRAM_ON_2.cmd_out_mr_reg[37]/D with a direct connection and the CE pins connected to VCC (see constraint position 6 in the Timing Constraint window in Vivado IDE).  This may result in an inaccurate path requirement.
Related violations: <none>

TIMING-46#58 Warning
Multicycle path with tied CE pins  
One or more multicycle paths are defined between registers DEMO_i/axi_traffic_gen_1/inst/ATG_MODE_AXI_BASIC_FULL.basic_n_full_top/cmd_blk/cmdram_regslice_r/datapath_reg[1][38]/Q and DEMO_i/axi_traffic_gen_1/inst/ATG_MODE_AXI_BASIC_FULL.basic_n_full_top/ATG_PARARAM_INST_YES.paramram_blk/PARAMRAM_ON_2.cmd_out_mr_reg[38]/D with a direct connection and the CE pins connected to VCC (see constraint position 6 in the Timing Constraint window in Vivado IDE).  This may result in an inaccurate path requirement.
Related violations: <none>

TIMING-46#59 Warning
Multicycle path with tied CE pins  
One or more multicycle paths are defined between registers DEMO_i/axi_traffic_gen_1/inst/ATG_MODE_AXI_BASIC_FULL.basic_n_full_top/cmd_blk/cmdram_regslice_r/datapath_reg[1][39]/Q and DEMO_i/axi_traffic_gen_1/inst/ATG_MODE_AXI_BASIC_FULL.basic_n_full_top/ATG_PARARAM_INST_YES.paramram_blk/PARAMRAM_ON_2.cmd_out_mr_reg[39]/D with a direct connection and the CE pins connected to VCC (see constraint position 6 in the Timing Constraint window in Vivado IDE).  This may result in an inaccurate path requirement.
Related violations: <none>

TIMING-46#60 Warning
Multicycle path with tied CE pins  
One or more multicycle paths are defined between registers DEMO_i/axi_traffic_gen_1/inst/ATG_MODE_AXI_BASIC_FULL.basic_n_full_top/cmd_blk/cmdram_regslice_r/datapath_reg[1][3]/Q and DEMO_i/axi_traffic_gen_1/inst/ATG_MODE_AXI_BASIC_FULL.basic_n_full_top/cmd_blk/cmdram_regslice_r/datapath_reg[0][3]/D with a direct connection and the CE pins connected to VCC (see constraint position 6 in the Timing Constraint window in Vivado IDE).  This may result in an inaccurate path requirement.
Related violations: <none>

TIMING-46#61 Warning
Multicycle path with tied CE pins  
One or more multicycle paths are defined between registers DEMO_i/axi_traffic_gen_1/inst/ATG_MODE_AXI_BASIC_FULL.basic_n_full_top/cmd_blk/cmdram_regslice_r/datapath_reg[1][40]/Q and DEMO_i/axi_traffic_gen_1/inst/ATG_MODE_AXI_BASIC_FULL.basic_n_full_top/ATG_PARARAM_INST_YES.paramram_blk/PARAMRAM_ON_2.cmd_out_mr_reg[40]/D with a direct connection and the CE pins connected to VCC (see constraint position 6 in the Timing Constraint window in Vivado IDE).  This may result in an inaccurate path requirement.
Related violations: <none>

TIMING-46#62 Warning
Multicycle path with tied CE pins  
One or more multicycle paths are defined between registers DEMO_i/axi_traffic_gen_1/inst/ATG_MODE_AXI_BASIC_FULL.basic_n_full_top/cmd_blk/cmdram_regslice_r/datapath_reg[1][41]/Q and DEMO_i/axi_traffic_gen_1/inst/ATG_MODE_AXI_BASIC_FULL.basic_n_full_top/ATG_PARARAM_INST_YES.paramram_blk/PARAMRAM_ON_2.cmd_out_mr_reg[41]/D with a direct connection and the CE pins connected to VCC (see constraint position 6 in the Timing Constraint window in Vivado IDE).  This may result in an inaccurate path requirement.
Related violations: <none>

TIMING-46#63 Warning
Multicycle path with tied CE pins  
One or more multicycle paths are defined between registers DEMO_i/axi_traffic_gen_1/inst/ATG_MODE_AXI_BASIC_FULL.basic_n_full_top/cmd_blk/cmdram_regslice_r/datapath_reg[1][42]/Q and DEMO_i/axi_traffic_gen_1/inst/ATG_MODE_AXI_BASIC_FULL.basic_n_full_top/ATG_PARARAM_INST_YES.paramram_blk/PARAMRAM_ON_2.cmd_out_mr_reg[42]/D with a direct connection and the CE pins connected to VCC (see constraint position 6 in the Timing Constraint window in Vivado IDE).  This may result in an inaccurate path requirement.
Related violations: <none>

TIMING-46#64 Warning
Multicycle path with tied CE pins  
One or more multicycle paths are defined between registers DEMO_i/axi_traffic_gen_1/inst/ATG_MODE_AXI_BASIC_FULL.basic_n_full_top/cmd_blk/cmdram_regslice_r/datapath_reg[1][43]/Q and DEMO_i/axi_traffic_gen_1/inst/ATG_MODE_AXI_BASIC_FULL.basic_n_full_top/ATG_PARARAM_INST_YES.paramram_blk/PARAMRAM_ON_2.cmd_out_mr_reg[43]/D with a direct connection and the CE pins connected to VCC (see constraint position 6 in the Timing Constraint window in Vivado IDE).  This may result in an inaccurate path requirement.
Related violations: <none>

TIMING-46#65 Warning
Multicycle path with tied CE pins  
One or more multicycle paths are defined between registers DEMO_i/axi_traffic_gen_1/inst/ATG_MODE_AXI_BASIC_FULL.basic_n_full_top/cmd_blk/cmdram_regslice_r/datapath_reg[1][44]/Q and DEMO_i/axi_traffic_gen_1/inst/ATG_MODE_AXI_BASIC_FULL.basic_n_full_top/ATG_PARARAM_INST_YES.paramram_blk/PARAMRAM_ON_2.cmd_out_mr_reg[44]/D with a direct connection and the CE pins connected to VCC (see constraint position 6 in the Timing Constraint window in Vivado IDE).  This may result in an inaccurate path requirement.
Related violations: <none>

TIMING-46#66 Warning
Multicycle path with tied CE pins  
One or more multicycle paths are defined between registers DEMO_i/axi_traffic_gen_1/inst/ATG_MODE_AXI_BASIC_FULL.basic_n_full_top/cmd_blk/cmdram_regslice_r/datapath_reg[1][45]/Q and DEMO_i/axi_traffic_gen_1/inst/ATG_MODE_AXI_BASIC_FULL.basic_n_full_top/ATG_PARARAM_INST_YES.paramram_blk/PARAMRAM_ON_2.cmd_out_mr_reg[45]/D with a direct connection and the CE pins connected to VCC (see constraint position 6 in the Timing Constraint window in Vivado IDE).  This may result in an inaccurate path requirement.
Related violations: <none>

TIMING-46#67 Warning
Multicycle path with tied CE pins  
One or more multicycle paths are defined between registers DEMO_i/axi_traffic_gen_1/inst/ATG_MODE_AXI_BASIC_FULL.basic_n_full_top/cmd_blk/cmdram_regslice_r/datapath_reg[1][46]/Q and DEMO_i/axi_traffic_gen_1/inst/ATG_MODE_AXI_BASIC_FULL.basic_n_full_top/ATG_PARARAM_INST_YES.paramram_blk/PARAMRAM_ON_2.cmd_out_mr_reg[46]/D with a direct connection and the CE pins connected to VCC (see constraint position 6 in the Timing Constraint window in Vivado IDE).  This may result in an inaccurate path requirement.
Related violations: <none>

TIMING-46#68 Warning
Multicycle path with tied CE pins  
One or more multicycle paths are defined between registers DEMO_i/axi_traffic_gen_1/inst/ATG_MODE_AXI_BASIC_FULL.basic_n_full_top/cmd_blk/cmdram_regslice_r/datapath_reg[1][47]/Q and DEMO_i/axi_traffic_gen_1/inst/ATG_MODE_AXI_BASIC_FULL.basic_n_full_top/ATG_PARARAM_INST_YES.paramram_blk/PARAMRAM_ON_2.cmd_out_mr_reg[47]/D with a direct connection and the CE pins connected to VCC (see constraint position 6 in the Timing Constraint window in Vivado IDE).  This may result in an inaccurate path requirement.
Related violations: <none>

TIMING-46#69 Warning
Multicycle path with tied CE pins  
One or more multicycle paths are defined between registers DEMO_i/axi_traffic_gen_1/inst/ATG_MODE_AXI_BASIC_FULL.basic_n_full_top/cmd_blk/cmdram_regslice_r/datapath_reg[1][4]/Q and DEMO_i/axi_traffic_gen_1/inst/ATG_MODE_AXI_BASIC_FULL.basic_n_full_top/cmd_blk/cmdram_regslice_r/datapath_reg[0][4]/D with a direct connection and the CE pins connected to VCC (see constraint position 6 in the Timing Constraint window in Vivado IDE).  This may result in an inaccurate path requirement.
Related violations: <none>

TIMING-46#70 Warning
Multicycle path with tied CE pins  
One or more multicycle paths are defined between registers DEMO_i/axi_traffic_gen_1/inst/ATG_MODE_AXI_BASIC_FULL.basic_n_full_top/cmd_blk/cmdram_regslice_r/datapath_reg[1][56]/Q and DEMO_i/axi_traffic_gen_1/inst/ATG_MODE_AXI_BASIC_FULL.basic_n_full_top/ATG_PARARAM_INST_YES.paramram_blk/PARAMRAM_ON_2.cmd_out_mr_reg[56]/D with a direct connection and the CE pins connected to VCC (see constraint position 6 in the Timing Constraint window in Vivado IDE).  This may result in an inaccurate path requirement.
Related violations: <none>

TIMING-46#71 Warning
Multicycle path with tied CE pins  
One or more multicycle paths are defined between registers DEMO_i/axi_traffic_gen_1/inst/ATG_MODE_AXI_BASIC_FULL.basic_n_full_top/cmd_blk/cmdram_regslice_r/datapath_reg[1][57]/Q and DEMO_i/axi_traffic_gen_1/inst/ATG_MODE_AXI_BASIC_FULL.basic_n_full_top/ATG_PARARAM_INST_YES.paramram_blk/PARAMRAM_ON_2.cmd_out_mr_reg[57]/D with a direct connection and the CE pins connected to VCC (see constraint position 6 in the Timing Constraint window in Vivado IDE).  This may result in an inaccurate path requirement.
Related violations: <none>

TIMING-46#72 Warning
Multicycle path with tied CE pins  
One or more multicycle paths are defined between registers DEMO_i/axi_traffic_gen_1/inst/ATG_MODE_AXI_BASIC_FULL.basic_n_full_top/cmd_blk/cmdram_regslice_r/datapath_reg[1][58]/Q and DEMO_i/axi_traffic_gen_1/inst/ATG_MODE_AXI_BASIC_FULL.basic_n_full_top/ATG_PARARAM_INST_YES.paramram_blk/PARAMRAM_ON_2.cmd_out_mr_reg[58]/D with a direct connection and the CE pins connected to VCC (see constraint position 6 in the Timing Constraint window in Vivado IDE).  This may result in an inaccurate path requirement.
Related violations: <none>

TIMING-46#73 Warning
Multicycle path with tied CE pins  
One or more multicycle paths are defined between registers DEMO_i/axi_traffic_gen_1/inst/ATG_MODE_AXI_BASIC_FULL.basic_n_full_top/cmd_blk/cmdram_regslice_r/datapath_reg[1][59]/Q and DEMO_i/axi_traffic_gen_1/inst/ATG_MODE_AXI_BASIC_FULL.basic_n_full_top/ATG_PARARAM_INST_YES.paramram_blk/PARAMRAM_ON_2.cmd_out_mr_reg[59]/D with a direct connection and the CE pins connected to VCC (see constraint position 6 in the Timing Constraint window in Vivado IDE).  This may result in an inaccurate path requirement.
Related violations: <none>

TIMING-46#74 Warning
Multicycle path with tied CE pins  
One or more multicycle paths are defined between registers DEMO_i/axi_traffic_gen_1/inst/ATG_MODE_AXI_BASIC_FULL.basic_n_full_top/cmd_blk/cmdram_regslice_r/datapath_reg[1][5]/Q and DEMO_i/axi_traffic_gen_1/inst/ATG_MODE_AXI_BASIC_FULL.basic_n_full_top/cmd_blk/cmdram_regslice_r/datapath_reg[0][5]/D with a direct connection and the CE pins connected to VCC (see constraint position 6 in the Timing Constraint window in Vivado IDE).  This may result in an inaccurate path requirement.
Related violations: <none>

TIMING-46#75 Warning
Multicycle path with tied CE pins  
One or more multicycle paths are defined between registers DEMO_i/axi_traffic_gen_1/inst/ATG_MODE_AXI_BASIC_FULL.basic_n_full_top/cmd_blk/cmdram_regslice_r/datapath_reg[1][60]/Q and DEMO_i/axi_traffic_gen_1/inst/ATG_MODE_AXI_BASIC_FULL.basic_n_full_top/ATG_PARARAM_INST_YES.paramram_blk/PARAMRAM_ON_2.cmd_out_mr_reg[60]/D with a direct connection and the CE pins connected to VCC (see constraint position 6 in the Timing Constraint window in Vivado IDE).  This may result in an inaccurate path requirement.
Related violations: <none>

TIMING-46#76 Warning
Multicycle path with tied CE pins  
One or more multicycle paths are defined between registers DEMO_i/axi_traffic_gen_1/inst/ATG_MODE_AXI_BASIC_FULL.basic_n_full_top/cmd_blk/cmdram_regslice_r/datapath_reg[1][61]/Q and DEMO_i/axi_traffic_gen_1/inst/ATG_MODE_AXI_BASIC_FULL.basic_n_full_top/ATG_PARARAM_INST_YES.paramram_blk/PARAMRAM_ON_2.cmd_out_mr_reg[61]/D with a direct connection and the CE pins connected to VCC (see constraint position 6 in the Timing Constraint window in Vivado IDE).  This may result in an inaccurate path requirement.
Related violations: <none>

TIMING-46#77 Warning
Multicycle path with tied CE pins  
One or more multicycle paths are defined between registers DEMO_i/axi_traffic_gen_1/inst/ATG_MODE_AXI_BASIC_FULL.basic_n_full_top/cmd_blk/cmdram_regslice_r/datapath_reg[1][62]/Q and DEMO_i/axi_traffic_gen_1/inst/ATG_MODE_AXI_BASIC_FULL.basic_n_full_top/ATG_PARARAM_INST_YES.paramram_blk/PARAMRAM_ON_2.cmd_out_mr_reg[62]/D with a direct connection and the CE pins connected to VCC (see constraint position 6 in the Timing Constraint window in Vivado IDE).  This may result in an inaccurate path requirement.
Related violations: <none>

TIMING-46#78 Warning
Multicycle path with tied CE pins  
One or more multicycle paths are defined between registers DEMO_i/axi_traffic_gen_1/inst/ATG_MODE_AXI_BASIC_FULL.basic_n_full_top/cmd_blk/cmdram_regslice_r/datapath_reg[1][63]/Q and DEMO_i/axi_traffic_gen_1/inst/ATG_MODE_AXI_BASIC_FULL.basic_n_full_top/ATG_PARARAM_INST_YES.paramram_blk/PARAMRAM_ON_2.cmd_out_mr_reg[63]/D with a direct connection and the CE pins connected to VCC (see constraint position 6 in the Timing Constraint window in Vivado IDE).  This may result in an inaccurate path requirement.
Related violations: <none>

TIMING-46#79 Warning
Multicycle path with tied CE pins  
One or more multicycle paths are defined between registers DEMO_i/axi_traffic_gen_1/inst/ATG_MODE_AXI_BASIC_FULL.basic_n_full_top/cmd_blk/cmdram_regslice_r/datapath_reg[1][64]/Q and DEMO_i/axi_traffic_gen_1/inst/ATG_MODE_AXI_BASIC_FULL.basic_n_full_top/ATG_PARARAM_INST_YES.paramram_blk/PARAMRAM_ON_2.cmd_out_mr_reg[64]/D with a direct connection and the CE pins connected to VCC (see constraint position 6 in the Timing Constraint window in Vivado IDE).  This may result in an inaccurate path requirement.
Related violations: <none>

TIMING-46#80 Warning
Multicycle path with tied CE pins  
One or more multicycle paths are defined between registers DEMO_i/axi_traffic_gen_1/inst/ATG_MODE_AXI_BASIC_FULL.basic_n_full_top/cmd_blk/cmdram_regslice_r/datapath_reg[1][65]/Q and DEMO_i/axi_traffic_gen_1/inst/ATG_MODE_AXI_BASIC_FULL.basic_n_full_top/ATG_PARARAM_INST_YES.paramram_blk/PARAMRAM_ON_2.cmd_out_mr_reg[65]/D with a direct connection and the CE pins connected to VCC (see constraint position 6 in the Timing Constraint window in Vivado IDE).  This may result in an inaccurate path requirement.
Related violations: <none>

TIMING-46#81 Warning
Multicycle path with tied CE pins  
One or more multicycle paths are defined between registers DEMO_i/axi_traffic_gen_1/inst/ATG_MODE_AXI_BASIC_FULL.basic_n_full_top/cmd_blk/cmdram_regslice_r/datapath_reg[1][66]/Q and DEMO_i/axi_traffic_gen_1/inst/ATG_MODE_AXI_BASIC_FULL.basic_n_full_top/ATG_PARARAM_INST_YES.paramram_blk/PARAMRAM_ON_2.cmd_out_mr_reg[66]/D with a direct connection and the CE pins connected to VCC (see constraint position 6 in the Timing Constraint window in Vivado IDE).  This may result in an inaccurate path requirement.
Related violations: <none>

TIMING-46#82 Warning
Multicycle path with tied CE pins  
One or more multicycle paths are defined between registers DEMO_i/axi_traffic_gen_1/inst/ATG_MODE_AXI_BASIC_FULL.basic_n_full_top/cmd_blk/cmdram_regslice_r/datapath_reg[1][67]/Q and DEMO_i/axi_traffic_gen_1/inst/ATG_MODE_AXI_BASIC_FULL.basic_n_full_top/ATG_PARARAM_INST_YES.paramram_blk/PARAMRAM_ON_2.cmd_out_mr_reg[67]/D with a direct connection and the CE pins connected to VCC (see constraint position 6 in the Timing Constraint window in Vivado IDE).  This may result in an inaccurate path requirement.
Related violations: <none>

TIMING-46#83 Warning
Multicycle path with tied CE pins  
One or more multicycle paths are defined between registers DEMO_i/axi_traffic_gen_1/inst/ATG_MODE_AXI_BASIC_FULL.basic_n_full_top/cmd_blk/cmdram_regslice_r/datapath_reg[1][68]/Q and DEMO_i/axi_traffic_gen_1/inst/ATG_MODE_AXI_BASIC_FULL.basic_n_full_top/ATG_PARARAM_INST_YES.paramram_blk/PARAMRAM_ON_2.cmd_out_mr_reg[68]/D with a direct connection and the CE pins connected to VCC (see constraint position 6 in the Timing Constraint window in Vivado IDE).  This may result in an inaccurate path requirement.
Related violations: <none>

TIMING-46#84 Warning
Multicycle path with tied CE pins  
One or more multicycle paths are defined between registers DEMO_i/axi_traffic_gen_1/inst/ATG_MODE_AXI_BASIC_FULL.basic_n_full_top/cmd_blk/cmdram_regslice_r/datapath_reg[1][69]/Q and DEMO_i/axi_traffic_gen_1/inst/ATG_MODE_AXI_BASIC_FULL.basic_n_full_top/ATG_PARARAM_INST_YES.paramram_blk/PARAMRAM_ON_2.cmd_out_mr_reg[69]/D with a direct connection and the CE pins connected to VCC (see constraint position 6 in the Timing Constraint window in Vivado IDE).  This may result in an inaccurate path requirement.
Related violations: <none>

TIMING-46#85 Warning
Multicycle path with tied CE pins  
One or more multicycle paths are defined between registers DEMO_i/axi_traffic_gen_1/inst/ATG_MODE_AXI_BASIC_FULL.basic_n_full_top/cmd_blk/cmdram_regslice_r/datapath_reg[1][6]/Q and DEMO_i/axi_traffic_gen_1/inst/ATG_MODE_AXI_BASIC_FULL.basic_n_full_top/cmd_blk/cmdram_regslice_r/datapath_reg[0][6]/D with a direct connection and the CE pins connected to VCC (see constraint position 6 in the Timing Constraint window in Vivado IDE).  This may result in an inaccurate path requirement.
Related violations: <none>

TIMING-46#86 Warning
Multicycle path with tied CE pins  
One or more multicycle paths are defined between registers DEMO_i/axi_traffic_gen_1/inst/ATG_MODE_AXI_BASIC_FULL.basic_n_full_top/cmd_blk/cmdram_regslice_r/datapath_reg[1][70]/Q and DEMO_i/axi_traffic_gen_1/inst/ATG_MODE_AXI_BASIC_FULL.basic_n_full_top/ATG_PARARAM_INST_YES.paramram_blk/PARAMRAM_ON_2.cmd_out_mr_reg[70]/D with a direct connection and the CE pins connected to VCC (see constraint position 6 in the Timing Constraint window in Vivado IDE).  This may result in an inaccurate path requirement.
Related violations: <none>

TIMING-46#87 Warning
Multicycle path with tied CE pins  
One or more multicycle paths are defined between registers DEMO_i/axi_traffic_gen_1/inst/ATG_MODE_AXI_BASIC_FULL.basic_n_full_top/cmd_blk/cmdram_regslice_r/datapath_reg[1][71]/Q and DEMO_i/axi_traffic_gen_1/inst/ATG_MODE_AXI_BASIC_FULL.basic_n_full_top/ATG_PARARAM_INST_YES.paramram_blk/PARAMRAM_ON_2.cmd_out_mr_reg[71]/D with a direct connection and the CE pins connected to VCC (see constraint position 6 in the Timing Constraint window in Vivado IDE).  This may result in an inaccurate path requirement.
Related violations: <none>

TIMING-46#88 Warning
Multicycle path with tied CE pins  
One or more multicycle paths are defined between registers DEMO_i/axi_traffic_gen_1/inst/ATG_MODE_AXI_BASIC_FULL.basic_n_full_top/cmd_blk/cmdram_regslice_r/datapath_reg[1][72]/Q and DEMO_i/axi_traffic_gen_1/inst/ATG_MODE_AXI_BASIC_FULL.basic_n_full_top/ATG_PARARAM_INST_YES.paramram_blk/PARAMRAM_ON_2.cmd_out_mr_reg[72]/D with a direct connection and the CE pins connected to VCC (see constraint position 6 in the Timing Constraint window in Vivado IDE).  This may result in an inaccurate path requirement.
Related violations: <none>

TIMING-46#89 Warning
Multicycle path with tied CE pins  
One or more multicycle paths are defined between registers DEMO_i/axi_traffic_gen_1/inst/ATG_MODE_AXI_BASIC_FULL.basic_n_full_top/cmd_blk/cmdram_regslice_r/datapath_reg[1][73]/Q and DEMO_i/axi_traffic_gen_1/inst/ATG_MODE_AXI_BASIC_FULL.basic_n_full_top/ATG_PARARAM_INST_YES.paramram_blk/PARAMRAM_ON_2.cmd_out_mr_reg[73]/D with a direct connection and the CE pins connected to VCC (see constraint position 6 in the Timing Constraint window in Vivado IDE).  This may result in an inaccurate path requirement.
Related violations: <none>

TIMING-46#90 Warning
Multicycle path with tied CE pins  
One or more multicycle paths are defined between registers DEMO_i/axi_traffic_gen_1/inst/ATG_MODE_AXI_BASIC_FULL.basic_n_full_top/cmd_blk/cmdram_regslice_r/datapath_reg[1][74]/Q and DEMO_i/axi_traffic_gen_1/inst/ATG_MODE_AXI_BASIC_FULL.basic_n_full_top/ATG_PARARAM_INST_YES.paramram_blk/PARAMRAM_ON_2.cmd_out_mr_reg[74]/D with a direct connection and the CE pins connected to VCC (see constraint position 6 in the Timing Constraint window in Vivado IDE).  This may result in an inaccurate path requirement.
Related violations: <none>

TIMING-46#91 Warning
Multicycle path with tied CE pins  
One or more multicycle paths are defined between registers DEMO_i/axi_traffic_gen_1/inst/ATG_MODE_AXI_BASIC_FULL.basic_n_full_top/cmd_blk/cmdram_regslice_r/datapath_reg[1][75]/Q and DEMO_i/axi_traffic_gen_1/inst/ATG_MODE_AXI_BASIC_FULL.basic_n_full_top/ATG_PARARAM_INST_YES.paramram_blk/PARAMRAM_ON_2.cmd_out_mr_reg[75]/D with a direct connection and the CE pins connected to VCC (see constraint position 6 in the Timing Constraint window in Vivado IDE).  This may result in an inaccurate path requirement.
Related violations: <none>

TIMING-46#92 Warning
Multicycle path with tied CE pins  
One or more multicycle paths are defined between registers DEMO_i/axi_traffic_gen_1/inst/ATG_MODE_AXI_BASIC_FULL.basic_n_full_top/cmd_blk/cmdram_regslice_r/datapath_reg[1][76]/Q and DEMO_i/axi_traffic_gen_1/inst/ATG_MODE_AXI_BASIC_FULL.basic_n_full_top/ATG_PARARAM_INST_YES.paramram_blk/PARAMRAM_ON_2.cmd_out_mr_reg[76]/D with a direct connection and the CE pins connected to VCC (see constraint position 6 in the Timing Constraint window in Vivado IDE).  This may result in an inaccurate path requirement.
Related violations: <none>

TIMING-46#93 Warning
Multicycle path with tied CE pins  
One or more multicycle paths are defined between registers DEMO_i/axi_traffic_gen_1/inst/ATG_MODE_AXI_BASIC_FULL.basic_n_full_top/cmd_blk/cmdram_regslice_r/datapath_reg[1][77]/Q and DEMO_i/axi_traffic_gen_1/inst/ATG_MODE_AXI_BASIC_FULL.basic_n_full_top/ATG_PARARAM_INST_YES.paramram_blk/PARAMRAM_ON_2.cmd_out_mr_reg[77]/D with a direct connection and the CE pins connected to VCC (see constraint position 6 in the Timing Constraint window in Vivado IDE).  This may result in an inaccurate path requirement.
Related violations: <none>

TIMING-46#94 Warning
Multicycle path with tied CE pins  
One or more multicycle paths are defined between registers DEMO_i/axi_traffic_gen_1/inst/ATG_MODE_AXI_BASIC_FULL.basic_n_full_top/cmd_blk/cmdram_regslice_r/datapath_reg[1][78]/Q and DEMO_i/axi_traffic_gen_1/inst/ATG_MODE_AXI_BASIC_FULL.basic_n_full_top/ATG_PARARAM_INST_YES.paramram_blk/PARAMRAM_ON_2.cmd_out_mr_reg[78]/D with a direct connection and the CE pins connected to VCC (see constraint position 6 in the Timing Constraint window in Vivado IDE).  This may result in an inaccurate path requirement.
Related violations: <none>

TIMING-46#95 Warning
Multicycle path with tied CE pins  
One or more multicycle paths are defined between registers DEMO_i/axi_traffic_gen_1/inst/ATG_MODE_AXI_BASIC_FULL.basic_n_full_top/cmd_blk/cmdram_regslice_r/datapath_reg[1][79]/Q and DEMO_i/axi_traffic_gen_1/inst/ATG_MODE_AXI_BASIC_FULL.basic_n_full_top/ATG_PARARAM_INST_YES.paramram_blk/PARAMRAM_ON_2.cmd_out_mr_reg[79]/D with a direct connection and the CE pins connected to VCC (see constraint position 6 in the Timing Constraint window in Vivado IDE).  This may result in an inaccurate path requirement.
Related violations: <none>

TIMING-46#96 Warning
Multicycle path with tied CE pins  
One or more multicycle paths are defined between registers DEMO_i/axi_traffic_gen_1/inst/ATG_MODE_AXI_BASIC_FULL.basic_n_full_top/cmd_blk/cmdram_regslice_r/datapath_reg[1][7]/Q and DEMO_i/axi_traffic_gen_1/inst/ATG_MODE_AXI_BASIC_FULL.basic_n_full_top/cmd_blk/cmdram_regslice_r/datapath_reg[0][7]/D with a direct connection and the CE pins connected to VCC (see constraint position 6 in the Timing Constraint window in Vivado IDE).  This may result in an inaccurate path requirement.
Related violations: <none>

TIMING-46#97 Warning
Multicycle path with tied CE pins  
One or more multicycle paths are defined between registers DEMO_i/axi_traffic_gen_1/inst/ATG_MODE_AXI_BASIC_FULL.basic_n_full_top/cmd_blk/cmdram_regslice_r/datapath_reg[1][80]/Q and DEMO_i/axi_traffic_gen_1/inst/ATG_MODE_AXI_BASIC_FULL.basic_n_full_top/ATG_PARARAM_INST_YES.paramram_blk/PARAMRAM_ON_2.cmd_out_mr_reg[80]/D with a direct connection and the CE pins connected to VCC (see constraint position 6 in the Timing Constraint window in Vivado IDE).  This may result in an inaccurate path requirement.
Related violations: <none>

TIMING-46#98 Warning
Multicycle path with tied CE pins  
One or more multicycle paths are defined between registers DEMO_i/axi_traffic_gen_1/inst/ATG_MODE_AXI_BASIC_FULL.basic_n_full_top/cmd_blk/cmdram_regslice_r/datapath_reg[1][81]/Q and DEMO_i/axi_traffic_gen_1/inst/ATG_MODE_AXI_BASIC_FULL.basic_n_full_top/ATG_PARARAM_INST_YES.paramram_blk/PARAMRAM_ON_2.cmd_out_mr_reg[81]/D with a direct connection and the CE pins connected to VCC (see constraint position 6 in the Timing Constraint window in Vivado IDE).  This may result in an inaccurate path requirement.
Related violations: <none>

TIMING-46#99 Warning
Multicycle path with tied CE pins  
One or more multicycle paths are defined between registers DEMO_i/axi_traffic_gen_1/inst/ATG_MODE_AXI_BASIC_FULL.basic_n_full_top/cmd_blk/cmdram_regslice_r/datapath_reg[1][82]/Q and DEMO_i/axi_traffic_gen_1/inst/ATG_MODE_AXI_BASIC_FULL.basic_n_full_top/ATG_PARARAM_INST_YES.paramram_blk/PARAMRAM_ON_2.cmd_out_mr_reg[82]/D with a direct connection and the CE pins connected to VCC (see constraint position 6 in the Timing Constraint window in Vivado IDE).  This may result in an inaccurate path requirement.
Related violations: <none>

TIMING-46#100 Warning
Multicycle path with tied CE pins  
One or more multicycle paths are defined between registers DEMO_i/axi_traffic_gen_1/inst/ATG_MODE_AXI_BASIC_FULL.basic_n_full_top/cmd_blk/cmdram_regslice_r/datapath_reg[1][83]/Q and DEMO_i/axi_traffic_gen_1/inst/ATG_MODE_AXI_BASIC_FULL.basic_n_full_top/ATG_PARARAM_INST_YES.paramram_blk/PARAMRAM_ON_2.cmd_out_mr_reg[83]/D with a direct connection and the CE pins connected to VCC (see constraint position 6 in the Timing Constraint window in Vivado IDE).  This may result in an inaccurate path requirement.
Related violations: <none>

TIMING-46#101 Warning
Multicycle path with tied CE pins  
One or more multicycle paths are defined between registers DEMO_i/axi_traffic_gen_1/inst/ATG_MODE_AXI_BASIC_FULL.basic_n_full_top/cmd_blk/cmdram_regslice_r/datapath_reg[1][84]/Q and DEMO_i/axi_traffic_gen_1/inst/ATG_MODE_AXI_BASIC_FULL.basic_n_full_top/ATG_PARARAM_INST_YES.paramram_blk/PARAMRAM_ON_2.cmd_out_mr_reg[84]/D with a direct connection and the CE pins connected to VCC (see constraint position 6 in the Timing Constraint window in Vivado IDE).  This may result in an inaccurate path requirement.
Related violations: <none>

TIMING-46#102 Warning
Multicycle path with tied CE pins  
One or more multicycle paths are defined between registers DEMO_i/axi_traffic_gen_1/inst/ATG_MODE_AXI_BASIC_FULL.basic_n_full_top/cmd_blk/cmdram_regslice_r/datapath_reg[1][85]/Q and DEMO_i/axi_traffic_gen_1/inst/ATG_MODE_AXI_BASIC_FULL.basic_n_full_top/ATG_PARARAM_INST_YES.paramram_blk/PARAMRAM_ON_2.cmd_out_mr_reg[85]/D with a direct connection and the CE pins connected to VCC (see constraint position 6 in the Timing Constraint window in Vivado IDE).  This may result in an inaccurate path requirement.
Related violations: <none>

TIMING-46#103 Warning
Multicycle path with tied CE pins  
One or more multicycle paths are defined between registers DEMO_i/axi_traffic_gen_1/inst/ATG_MODE_AXI_BASIC_FULL.basic_n_full_top/cmd_blk/cmdram_regslice_r/datapath_reg[1][86]/Q and DEMO_i/axi_traffic_gen_1/inst/ATG_MODE_AXI_BASIC_FULL.basic_n_full_top/ATG_PARARAM_INST_YES.paramram_blk/PARAMRAM_ON_2.cmd_out_mr_reg[86]/D with a direct connection and the CE pins connected to VCC (see constraint position 6 in the Timing Constraint window in Vivado IDE).  This may result in an inaccurate path requirement.
Related violations: <none>

TIMING-46#104 Warning
Multicycle path with tied CE pins  
One or more multicycle paths are defined between registers DEMO_i/axi_traffic_gen_1/inst/ATG_MODE_AXI_BASIC_FULL.basic_n_full_top/cmd_blk/cmdram_regslice_r/datapath_reg[1][87]/Q and DEMO_i/axi_traffic_gen_1/inst/ATG_MODE_AXI_BASIC_FULL.basic_n_full_top/ATG_PARARAM_INST_YES.paramram_blk/PARAMRAM_ON_2.cmd_out_mr_reg[87]/D with a direct connection and the CE pins connected to VCC (see constraint position 6 in the Timing Constraint window in Vivado IDE).  This may result in an inaccurate path requirement.
Related violations: <none>

TIMING-46#105 Warning
Multicycle path with tied CE pins  
One or more multicycle paths are defined between registers DEMO_i/axi_traffic_gen_1/inst/ATG_MODE_AXI_BASIC_FULL.basic_n_full_top/cmd_blk/cmdram_regslice_r/datapath_reg[1][88]/Q and DEMO_i/axi_traffic_gen_1/inst/ATG_MODE_AXI_BASIC_FULL.basic_n_full_top/ATG_PARARAM_INST_YES.paramram_blk/PARAMRAM_ON_2.cmd_out_mr_reg[88]/D with a direct connection and the CE pins connected to VCC (see constraint position 6 in the Timing Constraint window in Vivado IDE).  This may result in an inaccurate path requirement.
Related violations: <none>

TIMING-46#106 Warning
Multicycle path with tied CE pins  
One or more multicycle paths are defined between registers DEMO_i/axi_traffic_gen_1/inst/ATG_MODE_AXI_BASIC_FULL.basic_n_full_top/cmd_blk/cmdram_regslice_r/datapath_reg[1][89]/Q and DEMO_i/axi_traffic_gen_1/inst/ATG_MODE_AXI_BASIC_FULL.basic_n_full_top/ATG_PARARAM_INST_YES.paramram_blk/PARAMRAM_ON_2.cmd_out_mr_reg[89]/D with a direct connection and the CE pins connected to VCC (see constraint position 6 in the Timing Constraint window in Vivado IDE).  This may result in an inaccurate path requirement.
Related violations: <none>

TIMING-46#107 Warning
Multicycle path with tied CE pins  
One or more multicycle paths are defined between registers DEMO_i/axi_traffic_gen_1/inst/ATG_MODE_AXI_BASIC_FULL.basic_n_full_top/cmd_blk/cmdram_regslice_r/datapath_reg[1][8]/Q and DEMO_i/axi_traffic_gen_1/inst/ATG_MODE_AXI_BASIC_FULL.basic_n_full_top/cmd_blk/cmdram_regslice_r/datapath_reg[0][8]/D with a direct connection and the CE pins connected to VCC (see constraint position 6 in the Timing Constraint window in Vivado IDE).  This may result in an inaccurate path requirement.
Related violations: <none>

TIMING-46#108 Warning
Multicycle path with tied CE pins  
One or more multicycle paths are defined between registers DEMO_i/axi_traffic_gen_1/inst/ATG_MODE_AXI_BASIC_FULL.basic_n_full_top/cmd_blk/cmdram_regslice_r/datapath_reg[1][90]/Q and DEMO_i/axi_traffic_gen_1/inst/ATG_MODE_AXI_BASIC_FULL.basic_n_full_top/ATG_PARARAM_INST_YES.paramram_blk/PARAMRAM_ON_2.cmd_out_mr_reg[90]/D with a direct connection and the CE pins connected to VCC (see constraint position 6 in the Timing Constraint window in Vivado IDE).  This may result in an inaccurate path requirement.
Related violations: <none>

TIMING-46#109 Warning
Multicycle path with tied CE pins  
One or more multicycle paths are defined between registers DEMO_i/axi_traffic_gen_1/inst/ATG_MODE_AXI_BASIC_FULL.basic_n_full_top/cmd_blk/cmdram_regslice_r/datapath_reg[1][91]/Q and DEMO_i/axi_traffic_gen_1/inst/ATG_MODE_AXI_BASIC_FULL.basic_n_full_top/ATG_PARARAM_INST_YES.paramram_blk/PARAMRAM_ON_2.cmd_out_mr_reg[91]/D with a direct connection and the CE pins connected to VCC (see constraint position 6 in the Timing Constraint window in Vivado IDE).  This may result in an inaccurate path requirement.
Related violations: <none>

TIMING-46#110 Warning
Multicycle path with tied CE pins  
One or more multicycle paths are defined between registers DEMO_i/axi_traffic_gen_1/inst/ATG_MODE_AXI_BASIC_FULL.basic_n_full_top/cmd_blk/cmdram_regslice_r/datapath_reg[1][92]/Q and DEMO_i/axi_traffic_gen_1/inst/ATG_MODE_AXI_BASIC_FULL.basic_n_full_top/ATG_PARARAM_INST_YES.paramram_blk/PARAMRAM_ON_2.cmd_out_mr_reg[92]/D with a direct connection and the CE pins connected to VCC (see constraint position 6 in the Timing Constraint window in Vivado IDE).  This may result in an inaccurate path requirement.
Related violations: <none>

TIMING-46#111 Warning
Multicycle path with tied CE pins  
One or more multicycle paths are defined between registers DEMO_i/axi_traffic_gen_1/inst/ATG_MODE_AXI_BASIC_FULL.basic_n_full_top/cmd_blk/cmdram_regslice_r/datapath_reg[1][93]/Q and DEMO_i/axi_traffic_gen_1/inst/ATG_MODE_AXI_BASIC_FULL.basic_n_full_top/ATG_PARARAM_INST_YES.paramram_blk/PARAMRAM_ON_2.cmd_out_mr_reg[93]/D with a direct connection and the CE pins connected to VCC (see constraint position 6 in the Timing Constraint window in Vivado IDE).  This may result in an inaccurate path requirement.
Related violations: <none>

TIMING-46#112 Warning
Multicycle path with tied CE pins  
One or more multicycle paths are defined between registers DEMO_i/axi_traffic_gen_1/inst/ATG_MODE_AXI_BASIC_FULL.basic_n_full_top/cmd_blk/cmdram_regslice_r/datapath_reg[1][94]/Q and DEMO_i/axi_traffic_gen_1/inst/ATG_MODE_AXI_BASIC_FULL.basic_n_full_top/ATG_PARARAM_INST_YES.paramram_blk/PARAMRAM_ON_2.cmd_out_mr_reg[94]/D with a direct connection and the CE pins connected to VCC (see constraint position 6 in the Timing Constraint window in Vivado IDE).  This may result in an inaccurate path requirement.
Related violations: <none>

TIMING-46#113 Warning
Multicycle path with tied CE pins  
One or more multicycle paths are defined between registers DEMO_i/axi_traffic_gen_1/inst/ATG_MODE_AXI_BASIC_FULL.basic_n_full_top/cmd_blk/cmdram_regslice_r/datapath_reg[1][96]/Q and DEMO_i/axi_traffic_gen_1/inst/ATG_MODE_AXI_BASIC_FULL.basic_n_full_top/ATG_PARARAM_INST_YES.paramram_blk/PARAMRAM_ON_2.cmd_out_mr_reg[96]/D with a direct connection and the CE pins connected to VCC (see constraint position 6 in the Timing Constraint window in Vivado IDE).  This may result in an inaccurate path requirement.
Related violations: <none>

TIMING-46#114 Warning
Multicycle path with tied CE pins  
One or more multicycle paths are defined between registers DEMO_i/axi_traffic_gen_1/inst/ATG_MODE_AXI_BASIC_FULL.basic_n_full_top/cmd_blk/cmdram_regslice_r/datapath_reg[1][97]/Q and DEMO_i/axi_traffic_gen_1/inst/ATG_MODE_AXI_BASIC_FULL.basic_n_full_top/ATG_PARARAM_INST_YES.paramram_blk/PARAMRAM_ON_2.cmd_out_mr_reg[97]/D with a direct connection and the CE pins connected to VCC (see constraint position 6 in the Timing Constraint window in Vivado IDE).  This may result in an inaccurate path requirement.
Related violations: <none>

TIMING-46#115 Warning
Multicycle path with tied CE pins  
One or more multicycle paths are defined between registers DEMO_i/axi_traffic_gen_1/inst/ATG_MODE_AXI_BASIC_FULL.basic_n_full_top/cmd_blk/cmdram_regslice_r/datapath_reg[1][98]/Q and DEMO_i/axi_traffic_gen_1/inst/ATG_MODE_AXI_BASIC_FULL.basic_n_full_top/ATG_PARARAM_INST_YES.paramram_blk/PARAMRAM_ON_2.cmd_out_mr_reg[98]/D with a direct connection and the CE pins connected to VCC (see constraint position 6 in the Timing Constraint window in Vivado IDE).  This may result in an inaccurate path requirement.
Related violations: <none>

TIMING-46#116 Warning
Multicycle path with tied CE pins  
One or more multicycle paths are defined between registers DEMO_i/axi_traffic_gen_1/inst/ATG_MODE_AXI_BASIC_FULL.basic_n_full_top/cmd_blk/cmdram_regslice_r/datapath_reg[1][9]/Q and DEMO_i/axi_traffic_gen_1/inst/ATG_MODE_AXI_BASIC_FULL.basic_n_full_top/cmd_blk/cmdram_regslice_r/datapath_reg[0][9]/D with a direct connection and the CE pins connected to VCC (see constraint position 6 in the Timing Constraint window in Vivado IDE).  This may result in an inaccurate path requirement.
Related violations: <none>

TIMING-46#117 Warning
Multicycle path with tied CE pins  
One or more multicycle paths are defined between registers DEMO_i/axi_traffic_gen_1/inst/ATG_MODE_AXI_BASIC_FULL.basic_n_full_top/cmd_blk/cmdram_regslice_w/datapath_reg[1][0]/Q and DEMO_i/axi_traffic_gen_1/inst/ATG_MODE_AXI_BASIC_FULL.basic_n_full_top/ATG_PARARAM_INST_YES.paramram_blk/PARAMRAM_ON_3.cmd_out_mw_comp_reg[0]/D with a direct connection and the CE pins connected to VCC (see constraint position 6 in the Timing Constraint window in Vivado IDE).  This may result in an inaccurate path requirement.
Related violations: <none>

TIMING-46#118 Warning
Multicycle path with tied CE pins  
One or more multicycle paths are defined between registers DEMO_i/axi_traffic_gen_1/inst/ATG_MODE_AXI_BASIC_FULL.basic_n_full_top/cmd_blk/cmdram_regslice_w/datapath_reg[1][0]/Q and DEMO_i/axi_traffic_gen_1/inst/ATG_MODE_AXI_BASIC_FULL.basic_n_full_top/cmd_blk/cmdram_regslice_w/datapath_reg[0][0]/D with a direct connection and the CE pins connected to VCC (see constraint position 6 in the Timing Constraint window in Vivado IDE).  This may result in an inaccurate path requirement.
Related violations: <none>

TIMING-46#119 Warning
Multicycle path with tied CE pins  
One or more multicycle paths are defined between registers DEMO_i/axi_traffic_gen_1/inst/ATG_MODE_AXI_BASIC_FULL.basic_n_full_top/cmd_blk/cmdram_regslice_w/datapath_reg[1][107]/Q and DEMO_i/axi_traffic_gen_1/inst/ATG_MODE_AXI_BASIC_FULL.basic_n_full_top/ATG_PARARAM_INST_YES.paramram_blk/PARAMRAM_ON_3.cmd_out_mw_reg[107]/D with a direct connection and the CE pins connected to VCC (see constraint position 6 in the Timing Constraint window in Vivado IDE).  This may result in an inaccurate path requirement.
Related violations: <none>

TIMING-46#120 Warning
Multicycle path with tied CE pins  
One or more multicycle paths are defined between registers DEMO_i/axi_traffic_gen_1/inst/ATG_MODE_AXI_BASIC_FULL.basic_n_full_top/cmd_blk/cmdram_regslice_w/datapath_reg[1][108]/Q and DEMO_i/axi_traffic_gen_1/inst/ATG_MODE_AXI_BASIC_FULL.basic_n_full_top/ATG_PARARAM_INST_YES.paramram_blk/PARAMRAM_ON_3.cmd_out_mw_reg[108]/D with a direct connection and the CE pins connected to VCC (see constraint position 6 in the Timing Constraint window in Vivado IDE).  This may result in an inaccurate path requirement.
Related violations: <none>

TIMING-46#121 Warning
Multicycle path with tied CE pins  
One or more multicycle paths are defined between registers DEMO_i/axi_traffic_gen_1/inst/ATG_MODE_AXI_BASIC_FULL.basic_n_full_top/cmd_blk/cmdram_regslice_w/datapath_reg[1][109]/Q and DEMO_i/axi_traffic_gen_1/inst/ATG_MODE_AXI_BASIC_FULL.basic_n_full_top/ATG_PARARAM_INST_YES.paramram_blk/PARAMRAM_ON_3.cmd_out_mw_reg[109]/D with a direct connection and the CE pins connected to VCC (see constraint position 6 in the Timing Constraint window in Vivado IDE).  This may result in an inaccurate path requirement.
Related violations: <none>

TIMING-46#122 Warning
Multicycle path with tied CE pins  
One or more multicycle paths are defined between registers DEMO_i/axi_traffic_gen_1/inst/ATG_MODE_AXI_BASIC_FULL.basic_n_full_top/cmd_blk/cmdram_regslice_w/datapath_reg[1][10]/Q and DEMO_i/axi_traffic_gen_1/inst/ATG_MODE_AXI_BASIC_FULL.basic_n_full_top/cmd_blk/cmdram_regslice_w/datapath_reg[0][10]/D with a direct connection and the CE pins connected to VCC (see constraint position 6 in the Timing Constraint window in Vivado IDE).  This may result in an inaccurate path requirement.
Related violations: <none>

TIMING-46#123 Warning
Multicycle path with tied CE pins  
One or more multicycle paths are defined between registers DEMO_i/axi_traffic_gen_1/inst/ATG_MODE_AXI_BASIC_FULL.basic_n_full_top/cmd_blk/cmdram_regslice_w/datapath_reg[1][110]/Q and DEMO_i/axi_traffic_gen_1/inst/ATG_MODE_AXI_BASIC_FULL.basic_n_full_top/ATG_PARARAM_INST_YES.paramram_blk/PARAMRAM_ON_3.cmd_out_mw_reg[110]/D with a direct connection and the CE pins connected to VCC (see constraint position 6 in the Timing Constraint window in Vivado IDE).  This may result in an inaccurate path requirement.
Related violations: <none>

TIMING-46#124 Warning
Multicycle path with tied CE pins  
One or more multicycle paths are defined between registers DEMO_i/axi_traffic_gen_1/inst/ATG_MODE_AXI_BASIC_FULL.basic_n_full_top/cmd_blk/cmdram_regslice_w/datapath_reg[1][111]/Q and DEMO_i/axi_traffic_gen_1/inst/ATG_MODE_AXI_BASIC_FULL.basic_n_full_top/ATG_PARARAM_INST_YES.paramram_blk/PARAMRAM_ON_3.cmd_out_mw_reg[111]/D with a direct connection and the CE pins connected to VCC (see constraint position 6 in the Timing Constraint window in Vivado IDE).  This may result in an inaccurate path requirement.
Related violations: <none>

TIMING-46#125 Warning
Multicycle path with tied CE pins  
One or more multicycle paths are defined between registers DEMO_i/axi_traffic_gen_1/inst/ATG_MODE_AXI_BASIC_FULL.basic_n_full_top/cmd_blk/cmdram_regslice_w/datapath_reg[1][112]/Q and DEMO_i/axi_traffic_gen_1/inst/ATG_MODE_AXI_BASIC_FULL.basic_n_full_top/ATG_PARARAM_INST_YES.paramram_blk/PARAMRAM_ON_3.cmd_out_mw_reg[112]/D with a direct connection and the CE pins connected to VCC (see constraint position 6 in the Timing Constraint window in Vivado IDE).  This may result in an inaccurate path requirement.
Related violations: <none>

TIMING-46#126 Warning
Multicycle path with tied CE pins  
One or more multicycle paths are defined between registers DEMO_i/axi_traffic_gen_1/inst/ATG_MODE_AXI_BASIC_FULL.basic_n_full_top/cmd_blk/cmdram_regslice_w/datapath_reg[1][11]/Q and DEMO_i/axi_traffic_gen_1/inst/ATG_MODE_AXI_BASIC_FULL.basic_n_full_top/cmd_blk/cmdram_regslice_w/datapath_reg[0][11]/D with a direct connection and the CE pins connected to VCC (see constraint position 6 in the Timing Constraint window in Vivado IDE).  This may result in an inaccurate path requirement.
Related violations: <none>

TIMING-46#127 Warning
Multicycle path with tied CE pins  
One or more multicycle paths are defined between registers DEMO_i/axi_traffic_gen_1/inst/ATG_MODE_AXI_BASIC_FULL.basic_n_full_top/cmd_blk/cmdram_regslice_w/datapath_reg[1][12]/Q and DEMO_i/axi_traffic_gen_1/inst/ATG_MODE_AXI_BASIC_FULL.basic_n_full_top/cmd_blk/cmdram_regslice_w/datapath_reg[0][12]/D with a direct connection and the CE pins connected to VCC (see constraint position 6 in the Timing Constraint window in Vivado IDE).  This may result in an inaccurate path requirement.
Related violations: <none>

TIMING-46#128 Warning
Multicycle path with tied CE pins  
One or more multicycle paths are defined between registers DEMO_i/axi_traffic_gen_1/inst/ATG_MODE_AXI_BASIC_FULL.basic_n_full_top/cmd_blk/cmdram_regslice_w/datapath_reg[1][13]/Q and DEMO_i/axi_traffic_gen_1/inst/ATG_MODE_AXI_BASIC_FULL.basic_n_full_top/cmd_blk/cmdram_regslice_w/datapath_reg[0][13]/D with a direct connection and the CE pins connected to VCC (see constraint position 6 in the Timing Constraint window in Vivado IDE).  This may result in an inaccurate path requirement.
Related violations: <none>

TIMING-46#129 Warning
Multicycle path with tied CE pins  
One or more multicycle paths are defined between registers DEMO_i/axi_traffic_gen_1/inst/ATG_MODE_AXI_BASIC_FULL.basic_n_full_top/cmd_blk/cmdram_regslice_w/datapath_reg[1][14]/Q and DEMO_i/axi_traffic_gen_1/inst/ATG_MODE_AXI_BASIC_FULL.basic_n_full_top/cmd_blk/cmdram_regslice_w/datapath_reg[0][14]/D with a direct connection and the CE pins connected to VCC (see constraint position 6 in the Timing Constraint window in Vivado IDE).  This may result in an inaccurate path requirement.
Related violations: <none>

TIMING-46#130 Warning
Multicycle path with tied CE pins  
One or more multicycle paths are defined between registers DEMO_i/axi_traffic_gen_1/inst/ATG_MODE_AXI_BASIC_FULL.basic_n_full_top/cmd_blk/cmdram_regslice_w/datapath_reg[1][15]/Q and DEMO_i/axi_traffic_gen_1/inst/ATG_MODE_AXI_BASIC_FULL.basic_n_full_top/cmd_blk/cmdram_regslice_w/datapath_reg[0][15]/D with a direct connection and the CE pins connected to VCC (see constraint position 6 in the Timing Constraint window in Vivado IDE).  This may result in an inaccurate path requirement.
Related violations: <none>

TIMING-46#131 Warning
Multicycle path with tied CE pins  
One or more multicycle paths are defined between registers DEMO_i/axi_traffic_gen_1/inst/ATG_MODE_AXI_BASIC_FULL.basic_n_full_top/cmd_blk/cmdram_regslice_w/datapath_reg[1][16]/Q and DEMO_i/axi_traffic_gen_1/inst/ATG_MODE_AXI_BASIC_FULL.basic_n_full_top/cmd_blk/cmdram_regslice_w/datapath_reg[0][16]/D with a direct connection and the CE pins connected to VCC (see constraint position 6 in the Timing Constraint window in Vivado IDE).  This may result in an inaccurate path requirement.
Related violations: <none>

TIMING-46#132 Warning
Multicycle path with tied CE pins  
One or more multicycle paths are defined between registers DEMO_i/axi_traffic_gen_1/inst/ATG_MODE_AXI_BASIC_FULL.basic_n_full_top/cmd_blk/cmdram_regslice_w/datapath_reg[1][17]/Q and DEMO_i/axi_traffic_gen_1/inst/ATG_MODE_AXI_BASIC_FULL.basic_n_full_top/cmd_blk/cmdram_regslice_w/datapath_reg[0][17]/D with a direct connection and the CE pins connected to VCC (see constraint position 6 in the Timing Constraint window in Vivado IDE).  This may result in an inaccurate path requirement.
Related violations: <none>

TIMING-46#133 Warning
Multicycle path with tied CE pins  
One or more multicycle paths are defined between registers DEMO_i/axi_traffic_gen_1/inst/ATG_MODE_AXI_BASIC_FULL.basic_n_full_top/cmd_blk/cmdram_regslice_w/datapath_reg[1][18]/Q and DEMO_i/axi_traffic_gen_1/inst/ATG_MODE_AXI_BASIC_FULL.basic_n_full_top/cmd_blk/cmdram_regslice_w/datapath_reg[0][18]/D with a direct connection and the CE pins connected to VCC (see constraint position 6 in the Timing Constraint window in Vivado IDE).  This may result in an inaccurate path requirement.
Related violations: <none>

TIMING-46#134 Warning
Multicycle path with tied CE pins  
One or more multicycle paths are defined between registers DEMO_i/axi_traffic_gen_1/inst/ATG_MODE_AXI_BASIC_FULL.basic_n_full_top/cmd_blk/cmdram_regslice_w/datapath_reg[1][19]/Q and DEMO_i/axi_traffic_gen_1/inst/ATG_MODE_AXI_BASIC_FULL.basic_n_full_top/cmd_blk/cmdram_regslice_w/datapath_reg[0][19]/D with a direct connection and the CE pins connected to VCC (see constraint position 6 in the Timing Constraint window in Vivado IDE).  This may result in an inaccurate path requirement.
Related violations: <none>

TIMING-46#135 Warning
Multicycle path with tied CE pins  
One or more multicycle paths are defined between registers DEMO_i/axi_traffic_gen_1/inst/ATG_MODE_AXI_BASIC_FULL.basic_n_full_top/cmd_blk/cmdram_regslice_w/datapath_reg[1][1]/Q and DEMO_i/axi_traffic_gen_1/inst/ATG_MODE_AXI_BASIC_FULL.basic_n_full_top/ATG_PARARAM_INST_YES.paramram_blk/PARAMRAM_WR_ADVANCED_400_OFF.rand_base_chkw_t_ff_reg[1]/D with a direct connection and the CE pins connected to VCC (see constraint position 6 in the Timing Constraint window in Vivado IDE).  This may result in an inaccurate path requirement.
Related violations: <none>

TIMING-46#136 Warning
Multicycle path with tied CE pins  
One or more multicycle paths are defined between registers DEMO_i/axi_traffic_gen_1/inst/ATG_MODE_AXI_BASIC_FULL.basic_n_full_top/cmd_blk/cmdram_regslice_w/datapath_reg[1][1]/Q and DEMO_i/axi_traffic_gen_1/inst/ATG_MODE_AXI_BASIC_FULL.basic_n_full_top/cmd_blk/cmdram_regslice_w/datapath_reg[0][1]/D with a direct connection and the CE pins connected to VCC (see constraint position 6 in the Timing Constraint window in Vivado IDE).  This may result in an inaccurate path requirement.
Related violations: <none>

TIMING-46#137 Warning
Multicycle path with tied CE pins  
One or more multicycle paths are defined between registers DEMO_i/axi_traffic_gen_1/inst/ATG_MODE_AXI_BASIC_FULL.basic_n_full_top/cmd_blk/cmdram_regslice_w/datapath_reg[1][20]/Q and DEMO_i/axi_traffic_gen_1/inst/ATG_MODE_AXI_BASIC_FULL.basic_n_full_top/cmd_blk/cmdram_regslice_w/datapath_reg[0][20]/D with a direct connection and the CE pins connected to VCC (see constraint position 6 in the Timing Constraint window in Vivado IDE).  This may result in an inaccurate path requirement.
Related violations: <none>

TIMING-46#138 Warning
Multicycle path with tied CE pins  
One or more multicycle paths are defined between registers DEMO_i/axi_traffic_gen_1/inst/ATG_MODE_AXI_BASIC_FULL.basic_n_full_top/cmd_blk/cmdram_regslice_w/datapath_reg[1][21]/Q and DEMO_i/axi_traffic_gen_1/inst/ATG_MODE_AXI_BASIC_FULL.basic_n_full_top/cmd_blk/cmdram_regslice_w/datapath_reg[0][21]/D with a direct connection and the CE pins connected to VCC (see constraint position 6 in the Timing Constraint window in Vivado IDE).  This may result in an inaccurate path requirement.
Related violations: <none>

TIMING-46#139 Warning
Multicycle path with tied CE pins  
One or more multicycle paths are defined between registers DEMO_i/axi_traffic_gen_1/inst/ATG_MODE_AXI_BASIC_FULL.basic_n_full_top/cmd_blk/cmdram_regslice_w/datapath_reg[1][22]/Q and DEMO_i/axi_traffic_gen_1/inst/ATG_MODE_AXI_BASIC_FULL.basic_n_full_top/cmd_blk/cmdram_regslice_w/datapath_reg[0][22]/D with a direct connection and the CE pins connected to VCC (see constraint position 6 in the Timing Constraint window in Vivado IDE).  This may result in an inaccurate path requirement.
Related violations: <none>

TIMING-46#140 Warning
Multicycle path with tied CE pins  
One or more multicycle paths are defined between registers DEMO_i/axi_traffic_gen_1/inst/ATG_MODE_AXI_BASIC_FULL.basic_n_full_top/cmd_blk/cmdram_regslice_w/datapath_reg[1][23]/Q and DEMO_i/axi_traffic_gen_1/inst/ATG_MODE_AXI_BASIC_FULL.basic_n_full_top/cmd_blk/cmdram_regslice_w/datapath_reg[0][23]/D with a direct connection and the CE pins connected to VCC (see constraint position 6 in the Timing Constraint window in Vivado IDE).  This may result in an inaccurate path requirement.
Related violations: <none>

TIMING-46#141 Warning
Multicycle path with tied CE pins  
One or more multicycle paths are defined between registers DEMO_i/axi_traffic_gen_1/inst/ATG_MODE_AXI_BASIC_FULL.basic_n_full_top/cmd_blk/cmdram_regslice_w/datapath_reg[1][24]/Q and DEMO_i/axi_traffic_gen_1/inst/ATG_MODE_AXI_BASIC_FULL.basic_n_full_top/cmd_blk/cmdram_regslice_w/datapath_reg[0][24]/D with a direct connection and the CE pins connected to VCC (see constraint position 6 in the Timing Constraint window in Vivado IDE).  This may result in an inaccurate path requirement.
Related violations: <none>

TIMING-46#142 Warning
Multicycle path with tied CE pins  
One or more multicycle paths are defined between registers DEMO_i/axi_traffic_gen_1/inst/ATG_MODE_AXI_BASIC_FULL.basic_n_full_top/cmd_blk/cmdram_regslice_w/datapath_reg[1][25]/Q and DEMO_i/axi_traffic_gen_1/inst/ATG_MODE_AXI_BASIC_FULL.basic_n_full_top/cmd_blk/cmdram_regslice_w/datapath_reg[0][25]/D with a direct connection and the CE pins connected to VCC (see constraint position 6 in the Timing Constraint window in Vivado IDE).  This may result in an inaccurate path requirement.
Related violations: <none>

TIMING-46#143 Warning
Multicycle path with tied CE pins  
One or more multicycle paths are defined between registers DEMO_i/axi_traffic_gen_1/inst/ATG_MODE_AXI_BASIC_FULL.basic_n_full_top/cmd_blk/cmdram_regslice_w/datapath_reg[1][26]/Q and DEMO_i/axi_traffic_gen_1/inst/ATG_MODE_AXI_BASIC_FULL.basic_n_full_top/cmd_blk/cmdram_regslice_w/datapath_reg[0][26]/D with a direct connection and the CE pins connected to VCC (see constraint position 6 in the Timing Constraint window in Vivado IDE).  This may result in an inaccurate path requirement.
Related violations: <none>

TIMING-46#144 Warning
Multicycle path with tied CE pins  
One or more multicycle paths are defined between registers DEMO_i/axi_traffic_gen_1/inst/ATG_MODE_AXI_BASIC_FULL.basic_n_full_top/cmd_blk/cmdram_regslice_w/datapath_reg[1][27]/Q and DEMO_i/axi_traffic_gen_1/inst/ATG_MODE_AXI_BASIC_FULL.basic_n_full_top/cmd_blk/cmdram_regslice_w/datapath_reg[0][27]/D with a direct connection and the CE pins connected to VCC (see constraint position 6 in the Timing Constraint window in Vivado IDE).  This may result in an inaccurate path requirement.
Related violations: <none>

TIMING-46#145 Warning
Multicycle path with tied CE pins  
One or more multicycle paths are defined between registers DEMO_i/axi_traffic_gen_1/inst/ATG_MODE_AXI_BASIC_FULL.basic_n_full_top/cmd_blk/cmdram_regslice_w/datapath_reg[1][28]/Q and DEMO_i/axi_traffic_gen_1/inst/ATG_MODE_AXI_BASIC_FULL.basic_n_full_top/cmd_blk/cmdram_regslice_w/datapath_reg[0][28]/D with a direct connection and the CE pins connected to VCC (see constraint position 6 in the Timing Constraint window in Vivado IDE).  This may result in an inaccurate path requirement.
Related violations: <none>

TIMING-46#146 Warning
Multicycle path with tied CE pins  
One or more multicycle paths are defined between registers DEMO_i/axi_traffic_gen_1/inst/ATG_MODE_AXI_BASIC_FULL.basic_n_full_top/cmd_blk/cmdram_regslice_w/datapath_reg[1][29]/Q and DEMO_i/axi_traffic_gen_1/inst/ATG_MODE_AXI_BASIC_FULL.basic_n_full_top/cmd_blk/cmdram_regslice_w/datapath_reg[0][29]/D with a direct connection and the CE pins connected to VCC (see constraint position 6 in the Timing Constraint window in Vivado IDE).  This may result in an inaccurate path requirement.
Related violations: <none>

TIMING-46#147 Warning
Multicycle path with tied CE pins  
One or more multicycle paths are defined between registers DEMO_i/axi_traffic_gen_1/inst/ATG_MODE_AXI_BASIC_FULL.basic_n_full_top/cmd_blk/cmdram_regslice_w/datapath_reg[1][2]/Q and DEMO_i/axi_traffic_gen_1/inst/ATG_MODE_AXI_BASIC_FULL.basic_n_full_top/cmd_blk/cmdram_regslice_w/datapath_reg[0][2]/D with a direct connection and the CE pins connected to VCC (see constraint position 6 in the Timing Constraint window in Vivado IDE).  This may result in an inaccurate path requirement.
Related violations: <none>

TIMING-46#148 Warning
Multicycle path with tied CE pins  
One or more multicycle paths are defined between registers DEMO_i/axi_traffic_gen_1/inst/ATG_MODE_AXI_BASIC_FULL.basic_n_full_top/cmd_blk/cmdram_regslice_w/datapath_reg[1][30]/Q and DEMO_i/axi_traffic_gen_1/inst/ATG_MODE_AXI_BASIC_FULL.basic_n_full_top/cmd_blk/cmdram_regslice_w/datapath_reg[0][30]/D with a direct connection and the CE pins connected to VCC (see constraint position 6 in the Timing Constraint window in Vivado IDE).  This may result in an inaccurate path requirement.
Related violations: <none>

TIMING-46#149 Warning
Multicycle path with tied CE pins  
One or more multicycle paths are defined between registers DEMO_i/axi_traffic_gen_1/inst/ATG_MODE_AXI_BASIC_FULL.basic_n_full_top/cmd_blk/cmdram_regslice_w/datapath_reg[1][31]/Q and DEMO_i/axi_traffic_gen_1/inst/ATG_MODE_AXI_BASIC_FULL.basic_n_full_top/cmd_blk/cmdram_regslice_w/datapath_reg[0][31]/D with a direct connection and the CE pins connected to VCC (see constraint position 6 in the Timing Constraint window in Vivado IDE).  This may result in an inaccurate path requirement.
Related violations: <none>

TIMING-46#150 Warning
Multicycle path with tied CE pins  
One or more multicycle paths are defined between registers DEMO_i/axi_traffic_gen_1/inst/ATG_MODE_AXI_BASIC_FULL.basic_n_full_top/cmd_blk/cmdram_regslice_w/datapath_reg[1][32]/Q and DEMO_i/axi_traffic_gen_1/inst/ATG_MODE_AXI_BASIC_FULL.basic_n_full_top/ATG_PARARAM_INST_YES.paramram_blk/PARAMRAM_ON_3.cmd_out_mw_reg[32]/D with a direct connection and the CE pins connected to VCC (see constraint position 6 in the Timing Constraint window in Vivado IDE).  This may result in an inaccurate path requirement.
Related violations: <none>

TIMING-46#151 Warning
Multicycle path with tied CE pins  
One or more multicycle paths are defined between registers DEMO_i/axi_traffic_gen_1/inst/ATG_MODE_AXI_BASIC_FULL.basic_n_full_top/cmd_blk/cmdram_regslice_w/datapath_reg[1][33]/Q and DEMO_i/axi_traffic_gen_1/inst/ATG_MODE_AXI_BASIC_FULL.basic_n_full_top/ATG_PARARAM_INST_YES.paramram_blk/PARAMRAM_ON_3.cmd_out_mw_reg[33]/D with a direct connection and the CE pins connected to VCC (see constraint position 6 in the Timing Constraint window in Vivado IDE).  This may result in an inaccurate path requirement.
Related violations: <none>

TIMING-46#152 Warning
Multicycle path with tied CE pins  
One or more multicycle paths are defined between registers DEMO_i/axi_traffic_gen_1/inst/ATG_MODE_AXI_BASIC_FULL.basic_n_full_top/cmd_blk/cmdram_regslice_w/datapath_reg[1][34]/Q and DEMO_i/axi_traffic_gen_1/inst/ATG_MODE_AXI_BASIC_FULL.basic_n_full_top/ATG_PARARAM_INST_YES.paramram_blk/PARAMRAM_ON_3.cmd_out_mw_reg[34]/D with a direct connection and the CE pins connected to VCC (see constraint position 6 in the Timing Constraint window in Vivado IDE).  This may result in an inaccurate path requirement.
Related violations: <none>

TIMING-46#153 Warning
Multicycle path with tied CE pins  
One or more multicycle paths are defined between registers DEMO_i/axi_traffic_gen_1/inst/ATG_MODE_AXI_BASIC_FULL.basic_n_full_top/cmd_blk/cmdram_regslice_w/datapath_reg[1][35]/Q and DEMO_i/axi_traffic_gen_1/inst/ATG_MODE_AXI_BASIC_FULL.basic_n_full_top/ATG_PARARAM_INST_YES.paramram_blk/PARAMRAM_ON_3.cmd_out_mw_reg[35]/D with a direct connection and the CE pins connected to VCC (see constraint position 6 in the Timing Constraint window in Vivado IDE).  This may result in an inaccurate path requirement.
Related violations: <none>

TIMING-46#154 Warning
Multicycle path with tied CE pins  
One or more multicycle paths are defined between registers DEMO_i/axi_traffic_gen_1/inst/ATG_MODE_AXI_BASIC_FULL.basic_n_full_top/cmd_blk/cmdram_regslice_w/datapath_reg[1][36]/Q and DEMO_i/axi_traffic_gen_1/inst/ATG_MODE_AXI_BASIC_FULL.basic_n_full_top/ATG_PARARAM_INST_YES.paramram_blk/PARAMRAM_ON_3.cmd_out_mw_reg[36]/D with a direct connection and the CE pins connected to VCC (see constraint position 6 in the Timing Constraint window in Vivado IDE).  This may result in an inaccurate path requirement.
Related violations: <none>

TIMING-46#155 Warning
Multicycle path with tied CE pins  
One or more multicycle paths are defined between registers DEMO_i/axi_traffic_gen_1/inst/ATG_MODE_AXI_BASIC_FULL.basic_n_full_top/cmd_blk/cmdram_regslice_w/datapath_reg[1][37]/Q and DEMO_i/axi_traffic_gen_1/inst/ATG_MODE_AXI_BASIC_FULL.basic_n_full_top/ATG_PARARAM_INST_YES.paramram_blk/PARAMRAM_ON_3.cmd_out_mw_reg[37]/D with a direct connection and the CE pins connected to VCC (see constraint position 6 in the Timing Constraint window in Vivado IDE).  This may result in an inaccurate path requirement.
Related violations: <none>

TIMING-46#156 Warning
Multicycle path with tied CE pins  
One or more multicycle paths are defined between registers DEMO_i/axi_traffic_gen_1/inst/ATG_MODE_AXI_BASIC_FULL.basic_n_full_top/cmd_blk/cmdram_regslice_w/datapath_reg[1][38]/Q and DEMO_i/axi_traffic_gen_1/inst/ATG_MODE_AXI_BASIC_FULL.basic_n_full_top/ATG_PARARAM_INST_YES.paramram_blk/PARAMRAM_ON_3.cmd_out_mw_reg[38]/D with a direct connection and the CE pins connected to VCC (see constraint position 6 in the Timing Constraint window in Vivado IDE).  This may result in an inaccurate path requirement.
Related violations: <none>

TIMING-46#157 Warning
Multicycle path with tied CE pins  
One or more multicycle paths are defined between registers DEMO_i/axi_traffic_gen_1/inst/ATG_MODE_AXI_BASIC_FULL.basic_n_full_top/cmd_blk/cmdram_regslice_w/datapath_reg[1][39]/Q and DEMO_i/axi_traffic_gen_1/inst/ATG_MODE_AXI_BASIC_FULL.basic_n_full_top/ATG_PARARAM_INST_YES.paramram_blk/PARAMRAM_ON_3.cmd_out_mw_reg[39]/D with a direct connection and the CE pins connected to VCC (see constraint position 6 in the Timing Constraint window in Vivado IDE).  This may result in an inaccurate path requirement.
Related violations: <none>

TIMING-46#158 Warning
Multicycle path with tied CE pins  
One or more multicycle paths are defined between registers DEMO_i/axi_traffic_gen_1/inst/ATG_MODE_AXI_BASIC_FULL.basic_n_full_top/cmd_blk/cmdram_regslice_w/datapath_reg[1][3]/Q and DEMO_i/axi_traffic_gen_1/inst/ATG_MODE_AXI_BASIC_FULL.basic_n_full_top/cmd_blk/cmdram_regslice_w/datapath_reg[0][3]/D with a direct connection and the CE pins connected to VCC (see constraint position 6 in the Timing Constraint window in Vivado IDE).  This may result in an inaccurate path requirement.
Related violations: <none>

TIMING-46#159 Warning
Multicycle path with tied CE pins  
One or more multicycle paths are defined between registers DEMO_i/axi_traffic_gen_1/inst/ATG_MODE_AXI_BASIC_FULL.basic_n_full_top/cmd_blk/cmdram_regslice_w/datapath_reg[1][40]/Q and DEMO_i/axi_traffic_gen_1/inst/ATG_MODE_AXI_BASIC_FULL.basic_n_full_top/ATG_PARARAM_INST_YES.paramram_blk/PARAMRAM_ON_3.cmd_out_mw_reg[40]/D with a direct connection and the CE pins connected to VCC (see constraint position 6 in the Timing Constraint window in Vivado IDE).  This may result in an inaccurate path requirement.
Related violations: <none>

TIMING-46#160 Warning
Multicycle path with tied CE pins  
One or more multicycle paths are defined between registers DEMO_i/axi_traffic_gen_1/inst/ATG_MODE_AXI_BASIC_FULL.basic_n_full_top/cmd_blk/cmdram_regslice_w/datapath_reg[1][41]/Q and DEMO_i/axi_traffic_gen_1/inst/ATG_MODE_AXI_BASIC_FULL.basic_n_full_top/ATG_PARARAM_INST_YES.paramram_blk/PARAMRAM_ON_3.cmd_out_mw_reg[41]/D with a direct connection and the CE pins connected to VCC (see constraint position 6 in the Timing Constraint window in Vivado IDE).  This may result in an inaccurate path requirement.
Related violations: <none>

TIMING-46#161 Warning
Multicycle path with tied CE pins  
One or more multicycle paths are defined between registers DEMO_i/axi_traffic_gen_1/inst/ATG_MODE_AXI_BASIC_FULL.basic_n_full_top/cmd_blk/cmdram_regslice_w/datapath_reg[1][42]/Q and DEMO_i/axi_traffic_gen_1/inst/ATG_MODE_AXI_BASIC_FULL.basic_n_full_top/ATG_PARARAM_INST_YES.paramram_blk/PARAMRAM_ON_3.cmd_out_mw_reg[42]/D with a direct connection and the CE pins connected to VCC (see constraint position 6 in the Timing Constraint window in Vivado IDE).  This may result in an inaccurate path requirement.
Related violations: <none>

TIMING-46#162 Warning
Multicycle path with tied CE pins  
One or more multicycle paths are defined between registers DEMO_i/axi_traffic_gen_1/inst/ATG_MODE_AXI_BASIC_FULL.basic_n_full_top/cmd_blk/cmdram_regslice_w/datapath_reg[1][43]/Q and DEMO_i/axi_traffic_gen_1/inst/ATG_MODE_AXI_BASIC_FULL.basic_n_full_top/ATG_PARARAM_INST_YES.paramram_blk/PARAMRAM_ON_3.cmd_out_mw_reg[43]/D with a direct connection and the CE pins connected to VCC (see constraint position 6 in the Timing Constraint window in Vivado IDE).  This may result in an inaccurate path requirement.
Related violations: <none>

TIMING-46#163 Warning
Multicycle path with tied CE pins  
One or more multicycle paths are defined between registers DEMO_i/axi_traffic_gen_1/inst/ATG_MODE_AXI_BASIC_FULL.basic_n_full_top/cmd_blk/cmdram_regslice_w/datapath_reg[1][44]/Q and DEMO_i/axi_traffic_gen_1/inst/ATG_MODE_AXI_BASIC_FULL.basic_n_full_top/ATG_PARARAM_INST_YES.paramram_blk/PARAMRAM_ON_3.cmd_out_mw_reg[44]/D with a direct connection and the CE pins connected to VCC (see constraint position 6 in the Timing Constraint window in Vivado IDE).  This may result in an inaccurate path requirement.
Related violations: <none>

TIMING-46#164 Warning
Multicycle path with tied CE pins  
One or more multicycle paths are defined between registers DEMO_i/axi_traffic_gen_1/inst/ATG_MODE_AXI_BASIC_FULL.basic_n_full_top/cmd_blk/cmdram_regslice_w/datapath_reg[1][45]/Q and DEMO_i/axi_traffic_gen_1/inst/ATG_MODE_AXI_BASIC_FULL.basic_n_full_top/ATG_PARARAM_INST_YES.paramram_blk/PARAMRAM_ON_3.cmd_out_mw_reg[45]/D with a direct connection and the CE pins connected to VCC (see constraint position 6 in the Timing Constraint window in Vivado IDE).  This may result in an inaccurate path requirement.
Related violations: <none>

TIMING-46#165 Warning
Multicycle path with tied CE pins  
One or more multicycle paths are defined between registers DEMO_i/axi_traffic_gen_1/inst/ATG_MODE_AXI_BASIC_FULL.basic_n_full_top/cmd_blk/cmdram_regslice_w/datapath_reg[1][46]/Q and DEMO_i/axi_traffic_gen_1/inst/ATG_MODE_AXI_BASIC_FULL.basic_n_full_top/ATG_PARARAM_INST_YES.paramram_blk/PARAMRAM_ON_3.cmd_out_mw_reg[46]/D with a direct connection and the CE pins connected to VCC (see constraint position 6 in the Timing Constraint window in Vivado IDE).  This may result in an inaccurate path requirement.
Related violations: <none>

TIMING-46#166 Warning
Multicycle path with tied CE pins  
One or more multicycle paths are defined between registers DEMO_i/axi_traffic_gen_1/inst/ATG_MODE_AXI_BASIC_FULL.basic_n_full_top/cmd_blk/cmdram_regslice_w/datapath_reg[1][47]/Q and DEMO_i/axi_traffic_gen_1/inst/ATG_MODE_AXI_BASIC_FULL.basic_n_full_top/ATG_PARARAM_INST_YES.paramram_blk/PARAMRAM_ON_3.cmd_out_mw_reg[47]/D with a direct connection and the CE pins connected to VCC (see constraint position 6 in the Timing Constraint window in Vivado IDE).  This may result in an inaccurate path requirement.
Related violations: <none>

TIMING-46#167 Warning
Multicycle path with tied CE pins  
One or more multicycle paths are defined between registers DEMO_i/axi_traffic_gen_1/inst/ATG_MODE_AXI_BASIC_FULL.basic_n_full_top/cmd_blk/cmdram_regslice_w/datapath_reg[1][48]/Q and DEMO_i/axi_traffic_gen_1/inst/ATG_MODE_AXI_BASIC_FULL.basic_n_full_top/ATG_PARARAM_INST_YES.paramram_blk/PARAMRAM_ON_3.cmd_out_mw_reg[48]/D with a direct connection and the CE pins connected to VCC (see constraint position 6 in the Timing Constraint window in Vivado IDE).  This may result in an inaccurate path requirement.
Related violations: <none>

TIMING-46#168 Warning
Multicycle path with tied CE pins  
One or more multicycle paths are defined between registers DEMO_i/axi_traffic_gen_1/inst/ATG_MODE_AXI_BASIC_FULL.basic_n_full_top/cmd_blk/cmdram_regslice_w/datapath_reg[1][49]/Q and DEMO_i/axi_traffic_gen_1/inst/ATG_MODE_AXI_BASIC_FULL.basic_n_full_top/ATG_PARARAM_INST_YES.paramram_blk/PARAMRAM_ON_3.cmd_out_mw_reg[49]/D with a direct connection and the CE pins connected to VCC (see constraint position 6 in the Timing Constraint window in Vivado IDE).  This may result in an inaccurate path requirement.
Related violations: <none>

TIMING-46#169 Warning
Multicycle path with tied CE pins  
One or more multicycle paths are defined between registers DEMO_i/axi_traffic_gen_1/inst/ATG_MODE_AXI_BASIC_FULL.basic_n_full_top/cmd_blk/cmdram_regslice_w/datapath_reg[1][4]/Q and DEMO_i/axi_traffic_gen_1/inst/ATG_MODE_AXI_BASIC_FULL.basic_n_full_top/cmd_blk/cmdram_regslice_w/datapath_reg[0][4]/D with a direct connection and the CE pins connected to VCC (see constraint position 6 in the Timing Constraint window in Vivado IDE).  This may result in an inaccurate path requirement.
Related violations: <none>

TIMING-46#170 Warning
Multicycle path with tied CE pins  
One or more multicycle paths are defined between registers DEMO_i/axi_traffic_gen_1/inst/ATG_MODE_AXI_BASIC_FULL.basic_n_full_top/cmd_blk/cmdram_regslice_w/datapath_reg[1][50]/Q and DEMO_i/axi_traffic_gen_1/inst/ATG_MODE_AXI_BASIC_FULL.basic_n_full_top/ATG_PARARAM_INST_YES.paramram_blk/PARAMRAM_ON_3.cmd_out_mw_reg[50]/D with a direct connection and the CE pins connected to VCC (see constraint position 6 in the Timing Constraint window in Vivado IDE).  This may result in an inaccurate path requirement.
Related violations: <none>

TIMING-46#171 Warning
Multicycle path with tied CE pins  
One or more multicycle paths are defined between registers DEMO_i/axi_traffic_gen_1/inst/ATG_MODE_AXI_BASIC_FULL.basic_n_full_top/cmd_blk/cmdram_regslice_w/datapath_reg[1][51]/Q and DEMO_i/axi_traffic_gen_1/inst/ATG_MODE_AXI_BASIC_FULL.basic_n_full_top/ATG_PARARAM_INST_YES.paramram_blk/PARAMRAM_ON_3.cmd_out_mw_reg[51]/D with a direct connection and the CE pins connected to VCC (see constraint position 6 in the Timing Constraint window in Vivado IDE).  This may result in an inaccurate path requirement.
Related violations: <none>

TIMING-46#172 Warning
Multicycle path with tied CE pins  
One or more multicycle paths are defined between registers DEMO_i/axi_traffic_gen_1/inst/ATG_MODE_AXI_BASIC_FULL.basic_n_full_top/cmd_blk/cmdram_regslice_w/datapath_reg[1][52]/Q and DEMO_i/axi_traffic_gen_1/inst/ATG_MODE_AXI_BASIC_FULL.basic_n_full_top/ATG_PARARAM_INST_YES.paramram_blk/PARAMRAM_ON_3.cmd_out_mw_reg[52]/D with a direct connection and the CE pins connected to VCC (see constraint position 6 in the Timing Constraint window in Vivado IDE).  This may result in an inaccurate path requirement.
Related violations: <none>

TIMING-46#173 Warning
Multicycle path with tied CE pins  
One or more multicycle paths are defined between registers DEMO_i/axi_traffic_gen_1/inst/ATG_MODE_AXI_BASIC_FULL.basic_n_full_top/cmd_blk/cmdram_regslice_w/datapath_reg[1][53]/Q and DEMO_i/axi_traffic_gen_1/inst/ATG_MODE_AXI_BASIC_FULL.basic_n_full_top/ATG_PARARAM_INST_YES.paramram_blk/PARAMRAM_ON_3.cmd_out_mw_reg[53]/D with a direct connection and the CE pins connected to VCC (see constraint position 6 in the Timing Constraint window in Vivado IDE).  This may result in an inaccurate path requirement.
Related violations: <none>

TIMING-46#174 Warning
Multicycle path with tied CE pins  
One or more multicycle paths are defined between registers DEMO_i/axi_traffic_gen_1/inst/ATG_MODE_AXI_BASIC_FULL.basic_n_full_top/cmd_blk/cmdram_regslice_w/datapath_reg[1][56]/Q and DEMO_i/axi_traffic_gen_1/inst/ATG_MODE_AXI_BASIC_FULL.basic_n_full_top/ATG_PARARAM_INST_YES.paramram_blk/PARAMRAM_ON_3.cmd_out_mw_reg[56]/D with a direct connection and the CE pins connected to VCC (see constraint position 6 in the Timing Constraint window in Vivado IDE).  This may result in an inaccurate path requirement.
Related violations: <none>

TIMING-46#175 Warning
Multicycle path with tied CE pins  
One or more multicycle paths are defined between registers DEMO_i/axi_traffic_gen_1/inst/ATG_MODE_AXI_BASIC_FULL.basic_n_full_top/cmd_blk/cmdram_regslice_w/datapath_reg[1][57]/Q and DEMO_i/axi_traffic_gen_1/inst/ATG_MODE_AXI_BASIC_FULL.basic_n_full_top/ATG_PARARAM_INST_YES.paramram_blk/PARAMRAM_ON_3.cmd_out_mw_reg[57]/D with a direct connection and the CE pins connected to VCC (see constraint position 6 in the Timing Constraint window in Vivado IDE).  This may result in an inaccurate path requirement.
Related violations: <none>

TIMING-46#176 Warning
Multicycle path with tied CE pins  
One or more multicycle paths are defined between registers DEMO_i/axi_traffic_gen_1/inst/ATG_MODE_AXI_BASIC_FULL.basic_n_full_top/cmd_blk/cmdram_regslice_w/datapath_reg[1][58]/Q and DEMO_i/axi_traffic_gen_1/inst/ATG_MODE_AXI_BASIC_FULL.basic_n_full_top/ATG_PARARAM_INST_YES.paramram_blk/PARAMRAM_ON_3.cmd_out_mw_reg[58]/D with a direct connection and the CE pins connected to VCC (see constraint position 6 in the Timing Constraint window in Vivado IDE).  This may result in an inaccurate path requirement.
Related violations: <none>

TIMING-46#177 Warning
Multicycle path with tied CE pins  
One or more multicycle paths are defined between registers DEMO_i/axi_traffic_gen_1/inst/ATG_MODE_AXI_BASIC_FULL.basic_n_full_top/cmd_blk/cmdram_regslice_w/datapath_reg[1][59]/Q and DEMO_i/axi_traffic_gen_1/inst/ATG_MODE_AXI_BASIC_FULL.basic_n_full_top/ATG_PARARAM_INST_YES.paramram_blk/PARAMRAM_ON_3.cmd_out_mw_reg[59]/D with a direct connection and the CE pins connected to VCC (see constraint position 6 in the Timing Constraint window in Vivado IDE).  This may result in an inaccurate path requirement.
Related violations: <none>

TIMING-46#178 Warning
Multicycle path with tied CE pins  
One or more multicycle paths are defined between registers DEMO_i/axi_traffic_gen_1/inst/ATG_MODE_AXI_BASIC_FULL.basic_n_full_top/cmd_blk/cmdram_regslice_w/datapath_reg[1][5]/Q and DEMO_i/axi_traffic_gen_1/inst/ATG_MODE_AXI_BASIC_FULL.basic_n_full_top/cmd_blk/cmdram_regslice_w/datapath_reg[0][5]/D with a direct connection and the CE pins connected to VCC (see constraint position 6 in the Timing Constraint window in Vivado IDE).  This may result in an inaccurate path requirement.
Related violations: <none>

TIMING-46#179 Warning
Multicycle path with tied CE pins  
One or more multicycle paths are defined between registers DEMO_i/axi_traffic_gen_1/inst/ATG_MODE_AXI_BASIC_FULL.basic_n_full_top/cmd_blk/cmdram_regslice_w/datapath_reg[1][60]/Q and DEMO_i/axi_traffic_gen_1/inst/ATG_MODE_AXI_BASIC_FULL.basic_n_full_top/ATG_PARARAM_INST_YES.paramram_blk/PARAMRAM_ON_3.cmd_out_mw_reg[60]/D with a direct connection and the CE pins connected to VCC (see constraint position 6 in the Timing Constraint window in Vivado IDE).  This may result in an inaccurate path requirement.
Related violations: <none>

TIMING-46#180 Warning
Multicycle path with tied CE pins  
One or more multicycle paths are defined between registers DEMO_i/axi_traffic_gen_1/inst/ATG_MODE_AXI_BASIC_FULL.basic_n_full_top/cmd_blk/cmdram_regslice_w/datapath_reg[1][61]/Q and DEMO_i/axi_traffic_gen_1/inst/ATG_MODE_AXI_BASIC_FULL.basic_n_full_top/ATG_PARARAM_INST_YES.paramram_blk/PARAMRAM_ON_3.cmd_out_mw_reg[61]/D with a direct connection and the CE pins connected to VCC (see constraint position 6 in the Timing Constraint window in Vivado IDE).  This may result in an inaccurate path requirement.
Related violations: <none>

TIMING-46#181 Warning
Multicycle path with tied CE pins  
One or more multicycle paths are defined between registers DEMO_i/axi_traffic_gen_1/inst/ATG_MODE_AXI_BASIC_FULL.basic_n_full_top/cmd_blk/cmdram_regslice_w/datapath_reg[1][62]/Q and DEMO_i/axi_traffic_gen_1/inst/ATG_MODE_AXI_BASIC_FULL.basic_n_full_top/ATG_PARARAM_INST_YES.paramram_blk/PARAMRAM_ON_3.cmd_out_mw_reg[62]/D with a direct connection and the CE pins connected to VCC (see constraint position 6 in the Timing Constraint window in Vivado IDE).  This may result in an inaccurate path requirement.
Related violations: <none>

TIMING-46#182 Warning
Multicycle path with tied CE pins  
One or more multicycle paths are defined between registers DEMO_i/axi_traffic_gen_1/inst/ATG_MODE_AXI_BASIC_FULL.basic_n_full_top/cmd_blk/cmdram_regslice_w/datapath_reg[1][63]/Q and DEMO_i/axi_traffic_gen_1/inst/ATG_MODE_AXI_BASIC_FULL.basic_n_full_top/ATG_PARARAM_INST_YES.paramram_blk/PARAMRAM_ON_3.cmd_out_mw_reg[63]/D with a direct connection and the CE pins connected to VCC (see constraint position 6 in the Timing Constraint window in Vivado IDE).  This may result in an inaccurate path requirement.
Related violations: <none>

TIMING-46#183 Warning
Multicycle path with tied CE pins  
One or more multicycle paths are defined between registers DEMO_i/axi_traffic_gen_1/inst/ATG_MODE_AXI_BASIC_FULL.basic_n_full_top/cmd_blk/cmdram_regslice_w/datapath_reg[1][64]/Q and DEMO_i/axi_traffic_gen_1/inst/ATG_MODE_AXI_BASIC_FULL.basic_n_full_top/ATG_PARARAM_INST_YES.paramram_blk/PARAMRAM_ON_3.cmd_out_mw_reg[64]/D with a direct connection and the CE pins connected to VCC (see constraint position 6 in the Timing Constraint window in Vivado IDE).  This may result in an inaccurate path requirement.
Related violations: <none>

TIMING-46#184 Warning
Multicycle path with tied CE pins  
One or more multicycle paths are defined between registers DEMO_i/axi_traffic_gen_1/inst/ATG_MODE_AXI_BASIC_FULL.basic_n_full_top/cmd_blk/cmdram_regslice_w/datapath_reg[1][65]/Q and DEMO_i/axi_traffic_gen_1/inst/ATG_MODE_AXI_BASIC_FULL.basic_n_full_top/ATG_PARARAM_INST_YES.paramram_blk/PARAMRAM_ON_3.cmd_out_mw_reg[65]/D with a direct connection and the CE pins connected to VCC (see constraint position 6 in the Timing Constraint window in Vivado IDE).  This may result in an inaccurate path requirement.
Related violations: <none>

TIMING-46#185 Warning
Multicycle path with tied CE pins  
One or more multicycle paths are defined between registers DEMO_i/axi_traffic_gen_1/inst/ATG_MODE_AXI_BASIC_FULL.basic_n_full_top/cmd_blk/cmdram_regslice_w/datapath_reg[1][66]/Q and DEMO_i/axi_traffic_gen_1/inst/ATG_MODE_AXI_BASIC_FULL.basic_n_full_top/ATG_PARARAM_INST_YES.paramram_blk/PARAMRAM_ON_3.cmd_out_mw_reg[66]/D with a direct connection and the CE pins connected to VCC (see constraint position 6 in the Timing Constraint window in Vivado IDE).  This may result in an inaccurate path requirement.
Related violations: <none>

TIMING-46#186 Warning
Multicycle path with tied CE pins  
One or more multicycle paths are defined between registers DEMO_i/axi_traffic_gen_1/inst/ATG_MODE_AXI_BASIC_FULL.basic_n_full_top/cmd_blk/cmdram_regslice_w/datapath_reg[1][67]/Q and DEMO_i/axi_traffic_gen_1/inst/ATG_MODE_AXI_BASIC_FULL.basic_n_full_top/ATG_PARARAM_INST_YES.paramram_blk/PARAMRAM_ON_3.cmd_out_mw_reg[67]/D with a direct connection and the CE pins connected to VCC (see constraint position 6 in the Timing Constraint window in Vivado IDE).  This may result in an inaccurate path requirement.
Related violations: <none>

TIMING-46#187 Warning
Multicycle path with tied CE pins  
One or more multicycle paths are defined between registers DEMO_i/axi_traffic_gen_1/inst/ATG_MODE_AXI_BASIC_FULL.basic_n_full_top/cmd_blk/cmdram_regslice_w/datapath_reg[1][68]/Q and DEMO_i/axi_traffic_gen_1/inst/ATG_MODE_AXI_BASIC_FULL.basic_n_full_top/ATG_PARARAM_INST_YES.paramram_blk/PARAMRAM_ON_3.cmd_out_mw_reg[68]/D with a direct connection and the CE pins connected to VCC (see constraint position 6 in the Timing Constraint window in Vivado IDE).  This may result in an inaccurate path requirement.
Related violations: <none>

TIMING-46#188 Warning
Multicycle path with tied CE pins  
One or more multicycle paths are defined between registers DEMO_i/axi_traffic_gen_1/inst/ATG_MODE_AXI_BASIC_FULL.basic_n_full_top/cmd_blk/cmdram_regslice_w/datapath_reg[1][69]/Q and DEMO_i/axi_traffic_gen_1/inst/ATG_MODE_AXI_BASIC_FULL.basic_n_full_top/ATG_PARARAM_INST_YES.paramram_blk/PARAMRAM_ON_3.cmd_out_mw_reg[69]/D with a direct connection and the CE pins connected to VCC (see constraint position 6 in the Timing Constraint window in Vivado IDE).  This may result in an inaccurate path requirement.
Related violations: <none>

TIMING-46#189 Warning
Multicycle path with tied CE pins  
One or more multicycle paths are defined between registers DEMO_i/axi_traffic_gen_1/inst/ATG_MODE_AXI_BASIC_FULL.basic_n_full_top/cmd_blk/cmdram_regslice_w/datapath_reg[1][6]/Q and DEMO_i/axi_traffic_gen_1/inst/ATG_MODE_AXI_BASIC_FULL.basic_n_full_top/cmd_blk/cmdram_regslice_w/datapath_reg[0][6]/D with a direct connection and the CE pins connected to VCC (see constraint position 6 in the Timing Constraint window in Vivado IDE).  This may result in an inaccurate path requirement.
Related violations: <none>

TIMING-46#190 Warning
Multicycle path with tied CE pins  
One or more multicycle paths are defined between registers DEMO_i/axi_traffic_gen_1/inst/ATG_MODE_AXI_BASIC_FULL.basic_n_full_top/cmd_blk/cmdram_regslice_w/datapath_reg[1][70]/Q and DEMO_i/axi_traffic_gen_1/inst/ATG_MODE_AXI_BASIC_FULL.basic_n_full_top/ATG_PARARAM_INST_YES.paramram_blk/PARAMRAM_ON_3.cmd_out_mw_reg[70]/D with a direct connection and the CE pins connected to VCC (see constraint position 6 in the Timing Constraint window in Vivado IDE).  This may result in an inaccurate path requirement.
Related violations: <none>

TIMING-46#191 Warning
Multicycle path with tied CE pins  
One or more multicycle paths are defined between registers DEMO_i/axi_traffic_gen_1/inst/ATG_MODE_AXI_BASIC_FULL.basic_n_full_top/cmd_blk/cmdram_regslice_w/datapath_reg[1][71]/Q and DEMO_i/axi_traffic_gen_1/inst/ATG_MODE_AXI_BASIC_FULL.basic_n_full_top/ATG_PARARAM_INST_YES.paramram_blk/PARAMRAM_ON_3.cmd_out_mw_reg[71]/D with a direct connection and the CE pins connected to VCC (see constraint position 6 in the Timing Constraint window in Vivado IDE).  This may result in an inaccurate path requirement.
Related violations: <none>

TIMING-46#192 Warning
Multicycle path with tied CE pins  
One or more multicycle paths are defined between registers DEMO_i/axi_traffic_gen_1/inst/ATG_MODE_AXI_BASIC_FULL.basic_n_full_top/cmd_blk/cmdram_regslice_w/datapath_reg[1][72]/Q and DEMO_i/axi_traffic_gen_1/inst/ATG_MODE_AXI_BASIC_FULL.basic_n_full_top/ATG_PARARAM_INST_YES.paramram_blk/PARAMRAM_ON_3.cmd_out_mw_reg[72]/D with a direct connection and the CE pins connected to VCC (see constraint position 6 in the Timing Constraint window in Vivado IDE).  This may result in an inaccurate path requirement.
Related violations: <none>

TIMING-46#193 Warning
Multicycle path with tied CE pins  
One or more multicycle paths are defined between registers DEMO_i/axi_traffic_gen_1/inst/ATG_MODE_AXI_BASIC_FULL.basic_n_full_top/cmd_blk/cmdram_regslice_w/datapath_reg[1][73]/Q and DEMO_i/axi_traffic_gen_1/inst/ATG_MODE_AXI_BASIC_FULL.basic_n_full_top/ATG_PARARAM_INST_YES.paramram_blk/PARAMRAM_ON_3.cmd_out_mw_reg[73]/D with a direct connection and the CE pins connected to VCC (see constraint position 6 in the Timing Constraint window in Vivado IDE).  This may result in an inaccurate path requirement.
Related violations: <none>

TIMING-46#194 Warning
Multicycle path with tied CE pins  
One or more multicycle paths are defined between registers DEMO_i/axi_traffic_gen_1/inst/ATG_MODE_AXI_BASIC_FULL.basic_n_full_top/cmd_blk/cmdram_regslice_w/datapath_reg[1][74]/Q and DEMO_i/axi_traffic_gen_1/inst/ATG_MODE_AXI_BASIC_FULL.basic_n_full_top/ATG_PARARAM_INST_YES.paramram_blk/PARAMRAM_ON_3.cmd_out_mw_reg[74]/D with a direct connection and the CE pins connected to VCC (see constraint position 6 in the Timing Constraint window in Vivado IDE).  This may result in an inaccurate path requirement.
Related violations: <none>

TIMING-46#195 Warning
Multicycle path with tied CE pins  
One or more multicycle paths are defined between registers DEMO_i/axi_traffic_gen_1/inst/ATG_MODE_AXI_BASIC_FULL.basic_n_full_top/cmd_blk/cmdram_regslice_w/datapath_reg[1][75]/Q and DEMO_i/axi_traffic_gen_1/inst/ATG_MODE_AXI_BASIC_FULL.basic_n_full_top/ATG_PARARAM_INST_YES.paramram_blk/PARAMRAM_ON_3.cmd_out_mw_reg[75]/D with a direct connection and the CE pins connected to VCC (see constraint position 6 in the Timing Constraint window in Vivado IDE).  This may result in an inaccurate path requirement.
Related violations: <none>

TIMING-46#196 Warning
Multicycle path with tied CE pins  
One or more multicycle paths are defined between registers DEMO_i/axi_traffic_gen_1/inst/ATG_MODE_AXI_BASIC_FULL.basic_n_full_top/cmd_blk/cmdram_regslice_w/datapath_reg[1][76]/Q and DEMO_i/axi_traffic_gen_1/inst/ATG_MODE_AXI_BASIC_FULL.basic_n_full_top/ATG_PARARAM_INST_YES.paramram_blk/PARAMRAM_ON_3.cmd_out_mw_reg[76]/D with a direct connection and the CE pins connected to VCC (see constraint position 6 in the Timing Constraint window in Vivado IDE).  This may result in an inaccurate path requirement.
Related violations: <none>

TIMING-46#197 Warning
Multicycle path with tied CE pins  
One or more multicycle paths are defined between registers DEMO_i/axi_traffic_gen_1/inst/ATG_MODE_AXI_BASIC_FULL.basic_n_full_top/cmd_blk/cmdram_regslice_w/datapath_reg[1][77]/Q and DEMO_i/axi_traffic_gen_1/inst/ATG_MODE_AXI_BASIC_FULL.basic_n_full_top/ATG_PARARAM_INST_YES.paramram_blk/PARAMRAM_ON_3.cmd_out_mw_reg[77]/D with a direct connection and the CE pins connected to VCC (see constraint position 6 in the Timing Constraint window in Vivado IDE).  This may result in an inaccurate path requirement.
Related violations: <none>

TIMING-46#198 Warning
Multicycle path with tied CE pins  
One or more multicycle paths are defined between registers DEMO_i/axi_traffic_gen_1/inst/ATG_MODE_AXI_BASIC_FULL.basic_n_full_top/cmd_blk/cmdram_regslice_w/datapath_reg[1][78]/Q and DEMO_i/axi_traffic_gen_1/inst/ATG_MODE_AXI_BASIC_FULL.basic_n_full_top/ATG_PARARAM_INST_YES.paramram_blk/PARAMRAM_ON_3.cmd_out_mw_reg[78]/D with a direct connection and the CE pins connected to VCC (see constraint position 6 in the Timing Constraint window in Vivado IDE).  This may result in an inaccurate path requirement.
Related violations: <none>

TIMING-46#199 Warning
Multicycle path with tied CE pins  
One or more multicycle paths are defined between registers DEMO_i/axi_traffic_gen_1/inst/ATG_MODE_AXI_BASIC_FULL.basic_n_full_top/cmd_blk/cmdram_regslice_w/datapath_reg[1][79]/Q and DEMO_i/axi_traffic_gen_1/inst/ATG_MODE_AXI_BASIC_FULL.basic_n_full_top/ATG_PARARAM_INST_YES.paramram_blk/PARAMRAM_ON_3.cmd_out_mw_reg[79]/D with a direct connection and the CE pins connected to VCC (see constraint position 6 in the Timing Constraint window in Vivado IDE).  This may result in an inaccurate path requirement.
Related violations: <none>

TIMING-46#200 Warning
Multicycle path with tied CE pins  
One or more multicycle paths are defined between registers DEMO_i/axi_traffic_gen_1/inst/ATG_MODE_AXI_BASIC_FULL.basic_n_full_top/cmd_blk/cmdram_regslice_w/datapath_reg[1][7]/Q and DEMO_i/axi_traffic_gen_1/inst/ATG_MODE_AXI_BASIC_FULL.basic_n_full_top/cmd_blk/cmdram_regslice_w/datapath_reg[0][7]/D with a direct connection and the CE pins connected to VCC (see constraint position 6 in the Timing Constraint window in Vivado IDE).  This may result in an inaccurate path requirement.
Related violations: <none>

TIMING-46#201 Warning
Multicycle path with tied CE pins  
One or more multicycle paths are defined between registers DEMO_i/axi_traffic_gen_1/inst/ATG_MODE_AXI_BASIC_FULL.basic_n_full_top/cmd_blk/cmdram_regslice_w/datapath_reg[1][80]/Q and DEMO_i/axi_traffic_gen_1/inst/ATG_MODE_AXI_BASIC_FULL.basic_n_full_top/ATG_PARARAM_INST_YES.paramram_blk/PARAMRAM_ON_3.cmd_out_mw_reg[80]/D with a direct connection and the CE pins connected to VCC (see constraint position 6 in the Timing Constraint window in Vivado IDE).  This may result in an inaccurate path requirement.
Related violations: <none>

TIMING-46#202 Warning
Multicycle path with tied CE pins  
One or more multicycle paths are defined between registers DEMO_i/axi_traffic_gen_1/inst/ATG_MODE_AXI_BASIC_FULL.basic_n_full_top/cmd_blk/cmdram_regslice_w/datapath_reg[1][81]/Q and DEMO_i/axi_traffic_gen_1/inst/ATG_MODE_AXI_BASIC_FULL.basic_n_full_top/ATG_PARARAM_INST_YES.paramram_blk/PARAMRAM_ON_3.cmd_out_mw_reg[81]/D with a direct connection and the CE pins connected to VCC (see constraint position 6 in the Timing Constraint window in Vivado IDE).  This may result in an inaccurate path requirement.
Related violations: <none>

TIMING-46#203 Warning
Multicycle path with tied CE pins  
One or more multicycle paths are defined between registers DEMO_i/axi_traffic_gen_1/inst/ATG_MODE_AXI_BASIC_FULL.basic_n_full_top/cmd_blk/cmdram_regslice_w/datapath_reg[1][82]/Q and DEMO_i/axi_traffic_gen_1/inst/ATG_MODE_AXI_BASIC_FULL.basic_n_full_top/ATG_PARARAM_INST_YES.paramram_blk/PARAMRAM_ON_3.cmd_out_mw_reg[82]/D with a direct connection and the CE pins connected to VCC (see constraint position 6 in the Timing Constraint window in Vivado IDE).  This may result in an inaccurate path requirement.
Related violations: <none>

TIMING-46#204 Warning
Multicycle path with tied CE pins  
One or more multicycle paths are defined between registers DEMO_i/axi_traffic_gen_1/inst/ATG_MODE_AXI_BASIC_FULL.basic_n_full_top/cmd_blk/cmdram_regslice_w/datapath_reg[1][83]/Q and DEMO_i/axi_traffic_gen_1/inst/ATG_MODE_AXI_BASIC_FULL.basic_n_full_top/ATG_PARARAM_INST_YES.paramram_blk/PARAMRAM_ON_3.cmd_out_mw_reg[83]/D with a direct connection and the CE pins connected to VCC (see constraint position 6 in the Timing Constraint window in Vivado IDE).  This may result in an inaccurate path requirement.
Related violations: <none>

TIMING-46#205 Warning
Multicycle path with tied CE pins  
One or more multicycle paths are defined between registers DEMO_i/axi_traffic_gen_1/inst/ATG_MODE_AXI_BASIC_FULL.basic_n_full_top/cmd_blk/cmdram_regslice_w/datapath_reg[1][84]/Q and DEMO_i/axi_traffic_gen_1/inst/ATG_MODE_AXI_BASIC_FULL.basic_n_full_top/ATG_PARARAM_INST_YES.paramram_blk/PARAMRAM_ON_3.cmd_out_mw_reg[84]/D with a direct connection and the CE pins connected to VCC (see constraint position 6 in the Timing Constraint window in Vivado IDE).  This may result in an inaccurate path requirement.
Related violations: <none>

TIMING-46#206 Warning
Multicycle path with tied CE pins  
One or more multicycle paths are defined between registers DEMO_i/axi_traffic_gen_1/inst/ATG_MODE_AXI_BASIC_FULL.basic_n_full_top/cmd_blk/cmdram_regslice_w/datapath_reg[1][86]/Q and DEMO_i/axi_traffic_gen_1/inst/ATG_MODE_AXI_BASIC_FULL.basic_n_full_top/ATG_PARARAM_INST_YES.paramram_blk/PARAMRAM_ON_3.cmd_out_mw_reg[86]/D with a direct connection and the CE pins connected to VCC (see constraint position 6 in the Timing Constraint window in Vivado IDE).  This may result in an inaccurate path requirement.
Related violations: <none>

TIMING-46#207 Warning
Multicycle path with tied CE pins  
One or more multicycle paths are defined between registers DEMO_i/axi_traffic_gen_1/inst/ATG_MODE_AXI_BASIC_FULL.basic_n_full_top/cmd_blk/cmdram_regslice_w/datapath_reg[1][87]/Q and DEMO_i/axi_traffic_gen_1/inst/ATG_MODE_AXI_BASIC_FULL.basic_n_full_top/ATG_PARARAM_INST_YES.paramram_blk/PARAMRAM_ON_3.cmd_out_mw_reg[87]/D with a direct connection and the CE pins connected to VCC (see constraint position 6 in the Timing Constraint window in Vivado IDE).  This may result in an inaccurate path requirement.
Related violations: <none>

TIMING-46#208 Warning
Multicycle path with tied CE pins  
One or more multicycle paths are defined between registers DEMO_i/axi_traffic_gen_1/inst/ATG_MODE_AXI_BASIC_FULL.basic_n_full_top/cmd_blk/cmdram_regslice_w/datapath_reg[1][88]/Q and DEMO_i/axi_traffic_gen_1/inst/ATG_MODE_AXI_BASIC_FULL.basic_n_full_top/ATG_PARARAM_INST_YES.paramram_blk/PARAMRAM_ON_3.cmd_out_mw_reg[88]/D with a direct connection and the CE pins connected to VCC (see constraint position 6 in the Timing Constraint window in Vivado IDE).  This may result in an inaccurate path requirement.
Related violations: <none>

TIMING-46#209 Warning
Multicycle path with tied CE pins  
One or more multicycle paths are defined between registers DEMO_i/axi_traffic_gen_1/inst/ATG_MODE_AXI_BASIC_FULL.basic_n_full_top/cmd_blk/cmdram_regslice_w/datapath_reg[1][89]/Q and DEMO_i/axi_traffic_gen_1/inst/ATG_MODE_AXI_BASIC_FULL.basic_n_full_top/ATG_PARARAM_INST_YES.paramram_blk/PARAMRAM_ON_3.cmd_out_mw_reg[89]/D with a direct connection and the CE pins connected to VCC (see constraint position 6 in the Timing Constraint window in Vivado IDE).  This may result in an inaccurate path requirement.
Related violations: <none>

TIMING-46#210 Warning
Multicycle path with tied CE pins  
One or more multicycle paths are defined between registers DEMO_i/axi_traffic_gen_1/inst/ATG_MODE_AXI_BASIC_FULL.basic_n_full_top/cmd_blk/cmdram_regslice_w/datapath_reg[1][8]/Q and DEMO_i/axi_traffic_gen_1/inst/ATG_MODE_AXI_BASIC_FULL.basic_n_full_top/cmd_blk/cmdram_regslice_w/datapath_reg[0][8]/D with a direct connection and the CE pins connected to VCC (see constraint position 6 in the Timing Constraint window in Vivado IDE).  This may result in an inaccurate path requirement.
Related violations: <none>

TIMING-46#211 Warning
Multicycle path with tied CE pins  
One or more multicycle paths are defined between registers DEMO_i/axi_traffic_gen_1/inst/ATG_MODE_AXI_BASIC_FULL.basic_n_full_top/cmd_blk/cmdram_regslice_w/datapath_reg[1][90]/Q and DEMO_i/axi_traffic_gen_1/inst/ATG_MODE_AXI_BASIC_FULL.basic_n_full_top/ATG_PARARAM_INST_YES.paramram_blk/PARAMRAM_ON_3.cmd_out_mw_reg[90]/D with a direct connection and the CE pins connected to VCC (see constraint position 6 in the Timing Constraint window in Vivado IDE).  This may result in an inaccurate path requirement.
Related violations: <none>

TIMING-46#212 Warning
Multicycle path with tied CE pins  
One or more multicycle paths are defined between registers DEMO_i/axi_traffic_gen_1/inst/ATG_MODE_AXI_BASIC_FULL.basic_n_full_top/cmd_blk/cmdram_regslice_w/datapath_reg[1][91]/Q and DEMO_i/axi_traffic_gen_1/inst/ATG_MODE_AXI_BASIC_FULL.basic_n_full_top/ATG_PARARAM_INST_YES.paramram_blk/PARAMRAM_ON_3.cmd_out_mw_reg[91]/D with a direct connection and the CE pins connected to VCC (see constraint position 6 in the Timing Constraint window in Vivado IDE).  This may result in an inaccurate path requirement.
Related violations: <none>

TIMING-46#213 Warning
Multicycle path with tied CE pins  
One or more multicycle paths are defined between registers DEMO_i/axi_traffic_gen_1/inst/ATG_MODE_AXI_BASIC_FULL.basic_n_full_top/cmd_blk/cmdram_regslice_w/datapath_reg[1][92]/Q and DEMO_i/axi_traffic_gen_1/inst/ATG_MODE_AXI_BASIC_FULL.basic_n_full_top/ATG_PARARAM_INST_YES.paramram_blk/PARAMRAM_ON_3.cmd_out_mw_reg[92]/D with a direct connection and the CE pins connected to VCC (see constraint position 6 in the Timing Constraint window in Vivado IDE).  This may result in an inaccurate path requirement.
Related violations: <none>

TIMING-46#214 Warning
Multicycle path with tied CE pins  
One or more multicycle paths are defined between registers DEMO_i/axi_traffic_gen_1/inst/ATG_MODE_AXI_BASIC_FULL.basic_n_full_top/cmd_blk/cmdram_regslice_w/datapath_reg[1][93]/Q and DEMO_i/axi_traffic_gen_1/inst/ATG_MODE_AXI_BASIC_FULL.basic_n_full_top/ATG_PARARAM_INST_YES.paramram_blk/PARAMRAM_ON_3.cmd_out_mw_reg[93]/D with a direct connection and the CE pins connected to VCC (see constraint position 6 in the Timing Constraint window in Vivado IDE).  This may result in an inaccurate path requirement.
Related violations: <none>

TIMING-46#215 Warning
Multicycle path with tied CE pins  
One or more multicycle paths are defined between registers DEMO_i/axi_traffic_gen_1/inst/ATG_MODE_AXI_BASIC_FULL.basic_n_full_top/cmd_blk/cmdram_regslice_w/datapath_reg[1][96]/Q and DEMO_i/axi_traffic_gen_1/inst/ATG_MODE_AXI_BASIC_FULL.basic_n_full_top/ATG_PARARAM_INST_YES.paramram_blk/PARAMRAM_ON_3.cmd_out_mw_reg[96]/D with a direct connection and the CE pins connected to VCC (see constraint position 6 in the Timing Constraint window in Vivado IDE).  This may result in an inaccurate path requirement.
Related violations: <none>

TIMING-46#216 Warning
Multicycle path with tied CE pins  
One or more multicycle paths are defined between registers DEMO_i/axi_traffic_gen_1/inst/ATG_MODE_AXI_BASIC_FULL.basic_n_full_top/cmd_blk/cmdram_regslice_w/datapath_reg[1][97]/Q and DEMO_i/axi_traffic_gen_1/inst/ATG_MODE_AXI_BASIC_FULL.basic_n_full_top/ATG_PARARAM_INST_YES.paramram_blk/PARAMRAM_ON_3.cmd_out_mw_reg[97]/D with a direct connection and the CE pins connected to VCC (see constraint position 6 in the Timing Constraint window in Vivado IDE).  This may result in an inaccurate path requirement.
Related violations: <none>

TIMING-46#217 Warning
Multicycle path with tied CE pins  
One or more multicycle paths are defined between registers DEMO_i/axi_traffic_gen_1/inst/ATG_MODE_AXI_BASIC_FULL.basic_n_full_top/cmd_blk/cmdram_regslice_w/datapath_reg[1][98]/Q and DEMO_i/axi_traffic_gen_1/inst/ATG_MODE_AXI_BASIC_FULL.basic_n_full_top/ATG_PARARAM_INST_YES.paramram_blk/PARAMRAM_ON_3.cmd_out_mw_reg[98]/D with a direct connection and the CE pins connected to VCC (see constraint position 6 in the Timing Constraint window in Vivado IDE).  This may result in an inaccurate path requirement.
Related violations: <none>

TIMING-46#218 Warning
Multicycle path with tied CE pins  
One or more multicycle paths are defined between registers DEMO_i/axi_traffic_gen_1/inst/ATG_MODE_AXI_BASIC_FULL.basic_n_full_top/cmd_blk/cmdram_regslice_w/datapath_reg[1][99]/Q and DEMO_i/axi_traffic_gen_1/inst/ATG_MODE_AXI_BASIC_FULL.basic_n_full_top/ATG_PARARAM_INST_YES.paramram_blk/PARAMRAM_ON_3.cmd_out_mw_reg[99]/D with a direct connection and the CE pins connected to VCC (see constraint position 6 in the Timing Constraint window in Vivado IDE).  This may result in an inaccurate path requirement.
Related violations: <none>

TIMING-46#219 Warning
Multicycle path with tied CE pins  
One or more multicycle paths are defined between registers DEMO_i/axi_traffic_gen_1/inst/ATG_MODE_AXI_BASIC_FULL.basic_n_full_top/cmd_blk/cmdram_regslice_w/datapath_reg[1][9]/Q and DEMO_i/axi_traffic_gen_1/inst/ATG_MODE_AXI_BASIC_FULL.basic_n_full_top/cmd_blk/cmdram_regslice_w/datapath_reg[0][9]/D with a direct connection and the CE pins connected to VCC (see constraint position 6 in the Timing Constraint window in Vivado IDE).  This may result in an inaccurate path requirement.
Related violations: <none>

TIMING-46#220 Warning
Multicycle path with tied CE pins  
One or more multicycle paths are defined between registers DEMO_i/axi_traffic_gen_1/inst/ATG_MODE_AXI_BASIC_FULL.basic_n_full_top/mst_rd/marfifopush_regslice/datapath_reg[1][0]/Q and DEMO_i/axi_traffic_gen_1/inst/ATG_MODE_AXI_BASIC_FULL.basic_n_full_top/mst_rd/marfifopush_regslice/datapath_reg[0][0]/D with a direct connection and the CE pins connected to VCC (see constraint position 6 in the Timing Constraint window in Vivado IDE).  This may result in an inaccurate path requirement.
Related violations: <none>

TIMING-46#221 Warning
Multicycle path with tied CE pins  
One or more multicycle paths are defined between registers DEMO_i/axi_traffic_gen_1/inst/ATG_MODE_AXI_BASIC_FULL.basic_n_full_top/mst_rd/marfifopush_regslice/datapath_reg[2][0]/Q and DEMO_i/axi_traffic_gen_1/inst/ATG_MODE_AXI_BASIC_FULL.basic_n_full_top/mst_rd/marfifopush_regslice/datapath_reg[1][0]/D with a direct connection and the CE pins connected to VCC (see constraint position 6 in the Timing Constraint window in Vivado IDE).  This may result in an inaccurate path requirement.
Related violations: <none>

TIMING-46#222 Warning
Multicycle path with tied CE pins  
One or more multicycle paths are defined between registers DEMO_i/axi_traffic_gen_1/inst/ATG_MODE_AXI_BASIC_FULL.basic_n_full_top/mst_rd/marfifopush_regslice/datapath_reg[3][0]/Q and DEMO_i/axi_traffic_gen_1/inst/ATG_MODE_AXI_BASIC_FULL.basic_n_full_top/mst_rd/marfifopush_regslice/datapath_reg[2][0]/D with a direct connection and the CE pins connected to VCC (see constraint position 6 in the Timing Constraint window in Vivado IDE).  This may result in an inaccurate path requirement.
Related violations: <none>

TIMING-46#223 Warning
Multicycle path with tied CE pins  
One or more multicycle paths are defined between registers DEMO_i/axi_traffic_gen_1/inst/ATG_MODE_AXI_BASIC_FULL.basic_n_full_top/mst_wr/mawfifopush_regslice/datapath_reg[1][0]/Q and DEMO_i/axi_traffic_gen_1/inst/ATG_MODE_AXI_BASIC_FULL.basic_n_full_top/mst_wr/mawfifopush_regslice/datapath_reg[0][0]/D with a direct connection and the CE pins connected to VCC (see constraint position 6 in the Timing Constraint window in Vivado IDE).  This may result in an inaccurate path requirement.
Related violations: <none>

TIMING-46#224 Warning
Multicycle path with tied CE pins  
One or more multicycle paths are defined between registers DEMO_i/axi_traffic_gen_1/inst/ATG_MODE_AXI_BASIC_FULL.basic_n_full_top/mst_wr/mawfifopush_regslice/datapath_reg[2][0]/Q and DEMO_i/axi_traffic_gen_1/inst/ATG_MODE_AXI_BASIC_FULL.basic_n_full_top/mst_wr/mawfifopush_regslice/datapath_reg[1][0]/D with a direct connection and the CE pins connected to VCC (see constraint position 6 in the Timing Constraint window in Vivado IDE).  This may result in an inaccurate path requirement.
Related violations: <none>

TIMING-46#225 Warning
Multicycle path with tied CE pins  
One or more multicycle paths are defined between registers DEMO_i/axi_traffic_gen_1/inst/ATG_MODE_AXI_BASIC_FULL.basic_n_full_top/mst_wr/mawfifopush_regslice/datapath_reg[3][0]/Q and DEMO_i/axi_traffic_gen_1/inst/ATG_MODE_AXI_BASIC_FULL.basic_n_full_top/mst_wr/mawfifopush_regslice/datapath_reg[2][0]/D with a direct connection and the CE pins connected to VCC (see constraint position 6 in the Timing Constraint window in Vivado IDE).  This may result in an inaccurate path requirement.
Related violations: <none>

TIMING-46#226 Warning
Multicycle path with tied CE pins  
One or more multicycle paths are defined between registers DEMO_i/axi_traffic_gen_1/inst/ATG_MODE_AXI_BASIC_FULL.basic_n_full_top/reg_blk/regenable_regslice/datapath_reg[1][0]/Q and DEMO_i/axi_traffic_gen_1/inst/ATG_MODE_AXI_BASIC_FULL.basic_n_full_top/reg_blk/regenable_regslice/datapath_reg[0][0]/D with a direct connection and the CE pins connected to VCC (see constraint position 6 in the Timing Constraint window in Vivado IDE).  This may result in an inaccurate path requirement.
Related violations: <none>

TIMING-46#227 Warning
Multicycle path with tied CE pins  
One or more multicycle paths are defined between registers DEMO_i/axi_traffic_gen_1/inst/ATG_MODE_AXI_BASIC_FULL.basic_n_full_top/reg_blk/regenable_regslice/datapath_reg[2][0]/Q and DEMO_i/axi_traffic_gen_1/inst/ATG_MODE_AXI_BASIC_FULL.basic_n_full_top/reg_blk/regenable_regslice/datapath_reg[1][0]/D with a direct connection and the CE pins connected to VCC (see constraint position 6 in the Timing Constraint window in Vivado IDE).  This may result in an inaccurate path requirement.
Related violations: <none>

TIMING-46#228 Warning
Multicycle path with tied CE pins  
One or more multicycle paths are defined between registers DEMO_i/axi_traffic_gen_1/inst/ATG_MODE_AXI_BASIC_FULL.basic_n_full_top/reg_blk/regenable_regslice/datapath_reg[3][0]/Q and DEMO_i/axi_traffic_gen_1/inst/ATG_MODE_AXI_BASIC_FULL.basic_n_full_top/reg_blk/regenable_regslice/datapath_reg[2][0]/D with a direct connection and the CE pins connected to VCC (see constraint position 6 in the Timing Constraint window in Vivado IDE).  This may result in an inaccurate path requirement.
Related violations: <none>

TIMING-46#229 Warning
Multicycle path with tied CE pins  
One or more multicycle paths are defined between registers DEMO_i/axi_traffic_gen_1/inst/ATG_MODE_AXI_BASIC_FULL.basic_n_full_top/reg_blk/regenable_regslice/datapath_reg[4][0]/Q and DEMO_i/axi_traffic_gen_1/inst/ATG_MODE_AXI_BASIC_FULL.basic_n_full_top/reg_blk/regenable_regslice/datapath_reg[3][0]/D with a direct connection and the CE pins connected to VCC (see constraint position 6 in the Timing Constraint window in Vivado IDE).  This may result in an inaccurate path requirement.
Related violations: <none>

TIMING-46#230 Warning
Multicycle path with tied CE pins  
One or more multicycle paths are defined between registers DEMO_i/axi_traffic_gen_1/inst/ATG_MODE_AXI_BASIC_FULL.basic_n_full_top/reg_blk/regenable_regslice/datapath_reg[5][0]/Q and DEMO_i/axi_traffic_gen_1/inst/ATG_MODE_AXI_BASIC_FULL.basic_n_full_top/reg_blk/regenable_regslice/datapath_reg[4][0]/D with a direct connection and the CE pins connected to VCC (see constraint position 6 in the Timing Constraint window in Vivado IDE).  This may result in an inaccurate path requirement.
Related violations: <none>

ULMTCS-2#1 Warning
Control Sets use limits require reduction  
This design uses 736 control sets (vs. available limit of 4400, determined by 1 control set per CLB). This exceeds the control set use guideline of 15 percent. This is at a level where reduction is REQUIRED (see UG949). Use report_control_sets to get more details.
Related violations: <none>


