
*** Running vivado
    with args -log DEMO_wrapper.vdi -applog -m64 -product Vivado -messageDb vivado.pb -mode batch -source DEMO_wrapper.tcl -notrace



****** Vivado v2020.1 (64-bit)
  **** SW Build 2902540 on Wed May 27 19:54:49 MDT 2020
  **** IP Build 2902112 on Wed May 27 22:43:36 MDT 2020
    ** Copyright 1986-2020 Xilinx, Inc. All Rights Reserved.

source DEMO_wrapper.tcl -notrace
INFO: [IP_Flow 19-234] Refreshing IP repositories
WARNING: [IP_Flow 19-2248] Failed to load user IP repository 'c:/Users/linnh/Sep-repository-2-main/Sep-repository-2-main/IPCores'; Can't find the specified path.
If this directory should no longer be in your list of user repositories, go to the IP Settings dialog and remove it.
INFO: [IP_Flow 19-1700] Loaded user IP repository 'c:/Users/linnh/Sep-repository-2/IPCores'.
INFO: [IP_Flow 19-1700] Loaded user IP repository 'c:/Users/linnh/Sep-repository-2/ip_repo'.
INFO: [IP_Flow 19-1700] Loaded user IP repository 'c:/Users/linnh/Sep-repository-2/Buzzer_repo'.
WARNING: [IP_Flow 19-2248] Failed to load user IP repository 'c:/Users/linnh/Sep-repository-2-main/Sep-repository-2-main/ip_repo'; Can't find the specified path.
If this directory should no longer be in your list of user repositories, go to the IP Settings dialog and remove it.
INFO: [IP_Flow 19-2313] Loaded Vivado IP repository 'C:/Xilinx/Vivado/2020.1/data/ip'.
add_files: Time (s): cpu = 00:00:09 ; elapsed = 00:00:10 . Memory (MB): peak = 1062.578 ; gain = 0.000
Command: link_design -top DEMO_wrapper -part xc7z010clg400-1
Design is defaulting to srcset: sources_1
Design is defaulting to constrset: constrs_1
INFO: [Device 21-403] Loading part xc7z010clg400-1
Netlist sorting complete. Time (s): cpu = 00:00:02 ; elapsed = 00:00:01 . Memory (MB): peak = 1062.578 ; gain = 0.000
INFO: [Netlist 29-17] Analyzing 1790 Unisim elements for replacement
INFO: [Netlist 29-28] Unisim Transformation completed in 0 CPU seconds
INFO: [Project 1-479] Netlist was created with Vivado 2020.1
INFO: [Project 1-570] Preparing netlist for logic optimization
Parsing XDC File [c:/Users/linnh/Sep-repository-2/Avancefinal/Avancefinal.srcs/sources_1/bd/DEMO/ip/DEMO_axi_quad_spi_0_0/DEMO_axi_quad_spi_0_0_board.xdc] for cell 'DEMO_i/axi_quad_spi_0/U0'
Finished Parsing XDC File [c:/Users/linnh/Sep-repository-2/Avancefinal/Avancefinal.srcs/sources_1/bd/DEMO/ip/DEMO_axi_quad_spi_0_0/DEMO_axi_quad_spi_0_0_board.xdc] for cell 'DEMO_i/axi_quad_spi_0/U0'
Parsing XDC File [c:/Users/linnh/Sep-repository-2/Avancefinal/Avancefinal.srcs/sources_1/bd/DEMO/ip/DEMO_axi_quad_spi_0_0/DEMO_axi_quad_spi_0_0.xdc] for cell 'DEMO_i/axi_quad_spi_0/U0'
Finished Parsing XDC File [c:/Users/linnh/Sep-repository-2/Avancefinal/Avancefinal.srcs/sources_1/bd/DEMO/ip/DEMO_axi_quad_spi_0_0/DEMO_axi_quad_spi_0_0.xdc] for cell 'DEMO_i/axi_quad_spi_0/U0'
Parsing XDC File [c:/Users/linnh/Sep-repository-2/Avancefinal/Avancefinal.srcs/sources_1/bd/DEMO/ip/DEMO_processing_system7_0_0/DEMO_processing_system7_0_0.xdc] for cell 'DEMO_i/processing_system7_0/inst'
Finished Parsing XDC File [c:/Users/linnh/Sep-repository-2/Avancefinal/Avancefinal.srcs/sources_1/bd/DEMO/ip/DEMO_processing_system7_0_0/DEMO_processing_system7_0_0.xdc] for cell 'DEMO_i/processing_system7_0/inst'
Parsing XDC File [c:/Users/linnh/Sep-repository-2/Avancefinal/Avancefinal.srcs/sources_1/bd/DEMO/ip/DEMO_axi_gpio_0_0/DEMO_axi_gpio_0_0_board.xdc] for cell 'DEMO_i/axi_gpio_0/U0'
Finished Parsing XDC File [c:/Users/linnh/Sep-repository-2/Avancefinal/Avancefinal.srcs/sources_1/bd/DEMO/ip/DEMO_axi_gpio_0_0/DEMO_axi_gpio_0_0_board.xdc] for cell 'DEMO_i/axi_gpio_0/U0'
Parsing XDC File [c:/Users/linnh/Sep-repository-2/Avancefinal/Avancefinal.srcs/sources_1/bd/DEMO/ip/DEMO_axi_gpio_0_0/DEMO_axi_gpio_0_0.xdc] for cell 'DEMO_i/axi_gpio_0/U0'
Finished Parsing XDC File [c:/Users/linnh/Sep-repository-2/Avancefinal/Avancefinal.srcs/sources_1/bd/DEMO/ip/DEMO_axi_gpio_0_0/DEMO_axi_gpio_0_0.xdc] for cell 'DEMO_i/axi_gpio_0/U0'
Parsing XDC File [c:/Users/linnh/Sep-repository-2/Avancefinal/Avancefinal.srcs/sources_1/bd/DEMO/ip/DEMO_rst_ps7_0_50M_0/DEMO_rst_ps7_0_50M_0_board.xdc] for cell 'DEMO_i/rst_ps7_0_50M/U0'
Finished Parsing XDC File [c:/Users/linnh/Sep-repository-2/Avancefinal/Avancefinal.srcs/sources_1/bd/DEMO/ip/DEMO_rst_ps7_0_50M_0/DEMO_rst_ps7_0_50M_0_board.xdc] for cell 'DEMO_i/rst_ps7_0_50M/U0'
Parsing XDC File [c:/Users/linnh/Sep-repository-2/Avancefinal/Avancefinal.srcs/sources_1/bd/DEMO/ip/DEMO_rst_ps7_0_50M_0/DEMO_rst_ps7_0_50M_0.xdc] for cell 'DEMO_i/rst_ps7_0_50M/U0'
Finished Parsing XDC File [c:/Users/linnh/Sep-repository-2/Avancefinal/Avancefinal.srcs/sources_1/bd/DEMO/ip/DEMO_rst_ps7_0_50M_0/DEMO_rst_ps7_0_50M_0.xdc] for cell 'DEMO_i/rst_ps7_0_50M/U0'
Parsing XDC File [c:/Users/linnh/Sep-repository-2/Avancefinal/Avancefinal.srcs/sources_1/bd/DEMO/ip/DEMO_axi_quad_spi_1_0/DEMO_axi_quad_spi_1_0_board.xdc] for cell 'DEMO_i/axi_quad_spi_1/U0'
Finished Parsing XDC File [c:/Users/linnh/Sep-repository-2/Avancefinal/Avancefinal.srcs/sources_1/bd/DEMO/ip/DEMO_axi_quad_spi_1_0/DEMO_axi_quad_spi_1_0_board.xdc] for cell 'DEMO_i/axi_quad_spi_1/U0'
Parsing XDC File [c:/Users/linnh/Sep-repository-2/Avancefinal/Avancefinal.srcs/sources_1/bd/DEMO/ip/DEMO_axi_quad_spi_1_0/DEMO_axi_quad_spi_1_0.xdc] for cell 'DEMO_i/axi_quad_spi_1/U0'
Finished Parsing XDC File [c:/Users/linnh/Sep-repository-2/Avancefinal/Avancefinal.srcs/sources_1/bd/DEMO/ip/DEMO_axi_quad_spi_1_0/DEMO_axi_quad_spi_1_0.xdc] for cell 'DEMO_i/axi_quad_spi_1/U0'
Parsing XDC File [c:/Users/linnh/Sep-repository-2/Avancefinal/Avancefinal.srcs/sources_1/bd/DEMO/ip/DEMO_axi_iic_0_1/DEMO_axi_iic_0_1_board.xdc] for cell 'DEMO_i/axi_iic_0/U0'
Finished Parsing XDC File [c:/Users/linnh/Sep-repository-2/Avancefinal/Avancefinal.srcs/sources_1/bd/DEMO/ip/DEMO_axi_iic_0_1/DEMO_axi_iic_0_1_board.xdc] for cell 'DEMO_i/axi_iic_0/U0'
Parsing XDC File [c:/Users/linnh/Sep-repository-2/Avancefinal/Avancefinal.srcs/sources_1/bd/DEMO/ip/DEMO_axi_traffic_gen_1_0/DEMO_axi_traffic_gen_1_0.xdc] for cell 'DEMO_i/axi_traffic_gen_1/inst'
Finished Parsing XDC File [c:/Users/linnh/Sep-repository-2/Avancefinal/Avancefinal.srcs/sources_1/bd/DEMO/ip/DEMO_axi_traffic_gen_1_0/DEMO_axi_traffic_gen_1_0.xdc] for cell 'DEMO_i/axi_traffic_gen_1/inst'
Parsing XDC File [c:/Users/linnh/Sep-repository-2/Avancefinal/Avancefinal.srcs/sources_1/bd/DEMO/ip/DEMO_vio_0_0/DEMO_vio_0_0.xdc] for cell 'DEMO_i/vio_0'
Finished Parsing XDC File [c:/Users/linnh/Sep-repository-2/Avancefinal/Avancefinal.srcs/sources_1/bd/DEMO/ip/DEMO_vio_0_0/DEMO_vio_0_0.xdc] for cell 'DEMO_i/vio_0'
Parsing XDC File [c:/Users/linnh/Sep-repository-2/Avancefinal/Avancefinal.srcs/sources_1/bd/DEMO/ip/DEMO_axi_smc_4/bd_0/ip/ip_1/bd_2e8b_psr_aclk_0_board.xdc] for cell 'DEMO_i/axi_smc/inst/clk_map/psr_aclk/U0'
Finished Parsing XDC File [c:/Users/linnh/Sep-repository-2/Avancefinal/Avancefinal.srcs/sources_1/bd/DEMO/ip/DEMO_axi_smc_4/bd_0/ip/ip_1/bd_2e8b_psr_aclk_0_board.xdc] for cell 'DEMO_i/axi_smc/inst/clk_map/psr_aclk/U0'
Parsing XDC File [c:/Users/linnh/Sep-repository-2/Avancefinal/Avancefinal.srcs/sources_1/bd/DEMO/ip/DEMO_axi_smc_4/bd_0/ip/ip_1/bd_2e8b_psr_aclk_0.xdc] for cell 'DEMO_i/axi_smc/inst/clk_map/psr_aclk/U0'
Finished Parsing XDC File [c:/Users/linnh/Sep-repository-2/Avancefinal/Avancefinal.srcs/sources_1/bd/DEMO/ip/DEMO_axi_smc_4/bd_0/ip/ip_1/bd_2e8b_psr_aclk_0.xdc] for cell 'DEMO_i/axi_smc/inst/clk_map/psr_aclk/U0'
Parsing XDC File [c:/Users/linnh/Sep-repository-2/Avancefinal/Avancefinal.srcs/sources_1/bd/DEMO/ip/DEMO_rst_clk_125M_2/DEMO_rst_clk_125M_2_board.xdc] for cell 'DEMO_i/rst_clk_125M/U0'
Finished Parsing XDC File [c:/Users/linnh/Sep-repository-2/Avancefinal/Avancefinal.srcs/sources_1/bd/DEMO/ip/DEMO_rst_clk_125M_2/DEMO_rst_clk_125M_2_board.xdc] for cell 'DEMO_i/rst_clk_125M/U0'
Parsing XDC File [c:/Users/linnh/Sep-repository-2/Avancefinal/Avancefinal.srcs/sources_1/bd/DEMO/ip/DEMO_rst_clk_125M_2/DEMO_rst_clk_125M_2.xdc] for cell 'DEMO_i/rst_clk_125M/U0'
Finished Parsing XDC File [c:/Users/linnh/Sep-repository-2/Avancefinal/Avancefinal.srcs/sources_1/bd/DEMO/ip/DEMO_rst_clk_125M_2/DEMO_rst_clk_125M_2.xdc] for cell 'DEMO_i/rst_clk_125M/U0'
Parsing XDC File [c:/Users/linnh/Sep-repository-2/Avancefinal/Avancefinal.srcs/sources_1/bd/DEMO/ip/DEMO_axi_smc_1_3/bd_0/ip/ip_1/bd_088f_psr_aclk_0_board.xdc] for cell 'DEMO_i/axi_smc_1/inst/clk_map/psr_aclk/U0'
Finished Parsing XDC File [c:/Users/linnh/Sep-repository-2/Avancefinal/Avancefinal.srcs/sources_1/bd/DEMO/ip/DEMO_axi_smc_1_3/bd_0/ip/ip_1/bd_088f_psr_aclk_0_board.xdc] for cell 'DEMO_i/axi_smc_1/inst/clk_map/psr_aclk/U0'
Parsing XDC File [c:/Users/linnh/Sep-repository-2/Avancefinal/Avancefinal.srcs/sources_1/bd/DEMO/ip/DEMO_axi_smc_1_3/bd_0/ip/ip_1/bd_088f_psr_aclk_0.xdc] for cell 'DEMO_i/axi_smc_1/inst/clk_map/psr_aclk/U0'
Finished Parsing XDC File [c:/Users/linnh/Sep-repository-2/Avancefinal/Avancefinal.srcs/sources_1/bd/DEMO/ip/DEMO_axi_smc_1_3/bd_0/ip/ip_1/bd_088f_psr_aclk_0.xdc] for cell 'DEMO_i/axi_smc_1/inst/clk_map/psr_aclk/U0'
Parsing XDC File [c:/Users/linnh/Sep-repository-2/Avancefinal/Avancefinal.srcs/sources_1/bd/DEMO/ip/DEMO_vio_1_0/DEMO_vio_1_0.xdc] for cell 'DEMO_i/vio_1'
Finished Parsing XDC File [c:/Users/linnh/Sep-repository-2/Avancefinal/Avancefinal.srcs/sources_1/bd/DEMO/ip/DEMO_vio_1_0/DEMO_vio_1_0.xdc] for cell 'DEMO_i/vio_1'
Parsing XDC File [c:/Users/linnh/Sep-repository-2/Avancefinal/Avancefinal.srcs/sources_1/bd/DEMO/ip/DEMO_vio_2_0/DEMO_vio_2_0.xdc] for cell 'DEMO_i/vio_2'
Finished Parsing XDC File [c:/Users/linnh/Sep-repository-2/Avancefinal/Avancefinal.srcs/sources_1/bd/DEMO/ip/DEMO_vio_2_0/DEMO_vio_2_0.xdc] for cell 'DEMO_i/vio_2'
Parsing XDC File [c:/Users/linnh/Sep-repository-2/Avancefinal/Avancefinal.srcs/sources_1/bd/DEMO/ip/DEMO_ila_0_0/ila_v6_2/constraints/ila_impl.xdc] for cell 'DEMO_i/ila_0/U0'
Finished Parsing XDC File [c:/Users/linnh/Sep-repository-2/Avancefinal/Avancefinal.srcs/sources_1/bd/DEMO/ip/DEMO_ila_0_0/ila_v6_2/constraints/ila_impl.xdc] for cell 'DEMO_i/ila_0/U0'
Parsing XDC File [c:/Users/linnh/Sep-repository-2/Avancefinal/Avancefinal.srcs/sources_1/bd/DEMO/ip/DEMO_ila_0_0/ila_v6_2/constraints/ila.xdc] for cell 'DEMO_i/ila_0/U0'
Finished Parsing XDC File [c:/Users/linnh/Sep-repository-2/Avancefinal/Avancefinal.srcs/sources_1/bd/DEMO/ip/DEMO_ila_0_0/ila_v6_2/constraints/ila.xdc] for cell 'DEMO_i/ila_0/U0'
Parsing XDC File [c:/Users/linnh/Sep-repository-2/Avancefinal/Avancefinal.srcs/sources_1/bd/DEMO/ip/DEMO_axi_timer_0_0/DEMO_axi_timer_0_0.xdc] for cell 'DEMO_i/axi_timer_0/U0'
Finished Parsing XDC File [c:/Users/linnh/Sep-repository-2/Avancefinal/Avancefinal.srcs/sources_1/bd/DEMO/ip/DEMO_axi_timer_0_0/DEMO_axi_timer_0_0.xdc] for cell 'DEMO_i/axi_timer_0/U0'
Parsing XDC File [c:/Users/linnh/Sep-repository-2/Avancefinal/Avancefinal.srcs/sources_1/bd/DEMO/ip/DEMO_axi_timer_1_0/DEMO_axi_timer_1_0.xdc] for cell 'DEMO_i/axi_timer_1/U0'
Finished Parsing XDC File [c:/Users/linnh/Sep-repository-2/Avancefinal/Avancefinal.srcs/sources_1/bd/DEMO/ip/DEMO_axi_timer_1_0/DEMO_axi_timer_1_0.xdc] for cell 'DEMO_i/axi_timer_1/U0'
Parsing XDC File [c:/Users/linnh/Sep-repository-2/Avancefinal/Avancefinal.srcs/sources_1/bd/DEMO/ip/DEMO_axi_gpio_1_0/DEMO_axi_gpio_1_0_board.xdc] for cell 'DEMO_i/axi_gpio_1/U0'
Finished Parsing XDC File [c:/Users/linnh/Sep-repository-2/Avancefinal/Avancefinal.srcs/sources_1/bd/DEMO/ip/DEMO_axi_gpio_1_0/DEMO_axi_gpio_1_0_board.xdc] for cell 'DEMO_i/axi_gpio_1/U0'
Parsing XDC File [c:/Users/linnh/Sep-repository-2/Avancefinal/Avancefinal.srcs/sources_1/bd/DEMO/ip/DEMO_axi_gpio_1_0/DEMO_axi_gpio_1_0.xdc] for cell 'DEMO_i/axi_gpio_1/U0'
Finished Parsing XDC File [c:/Users/linnh/Sep-repository-2/Avancefinal/Avancefinal.srcs/sources_1/bd/DEMO/ip/DEMO_axi_gpio_1_0/DEMO_axi_gpio_1_0.xdc] for cell 'DEMO_i/axi_gpio_1/U0'
Parsing XDC File [c:/Users/linnh/Sep-repository-2/Avancefinal/Avancefinal.srcs/sources_1/bd/DEMO/ip/DEMO_axi_timer_2_0/DEMO_axi_timer_2_0.xdc] for cell 'DEMO_i/axi_timer_2/U0'
Finished Parsing XDC File [c:/Users/linnh/Sep-repository-2/Avancefinal/Avancefinal.srcs/sources_1/bd/DEMO/ip/DEMO_axi_timer_2_0/DEMO_axi_timer_2_0.xdc] for cell 'DEMO_i/axi_timer_2/U0'
Parsing XDC File [c:/Users/linnh/Sep-repository-2/Avancefinal/Avancefinal.srcs/sources_1/bd/DEMO/ip/DEMO_axi_timer_3_0/DEMO_axi_timer_3_0.xdc] for cell 'DEMO_i/axi_timer_3/U0'
Finished Parsing XDC File [c:/Users/linnh/Sep-repository-2/Avancefinal/Avancefinal.srcs/sources_1/bd/DEMO/ip/DEMO_axi_timer_3_0/DEMO_axi_timer_3_0.xdc] for cell 'DEMO_i/axi_timer_3/U0'
Parsing XDC File [C:/Users/linnh/Sep-repository-2/Avancefinal/Avancefinal.srcs/constrs_1/imports/Downloads/Zybo-Z7-Master.xdc]
WARNING: [Vivado 12-584] No ports matched 'BTN0_tri_i'. [C:/Users/linnh/Sep-repository-2/Avancefinal/Avancefinal.srcs/constrs_1/imports/Downloads/Zybo-Z7-Master.xdc:138]
CRITICAL WARNING: [Common 17-55] 'set_property' expects at least one object. [C:/Users/linnh/Sep-repository-2/Avancefinal/Avancefinal.srcs/constrs_1/imports/Downloads/Zybo-Z7-Master.xdc:138]
Resolution: If [get_<value>] was used to populate the object, check to make sure this command returns at least one valid object.
WARNING: [Vivado 12-584] No ports matched 'BTN1_tri_i'. [C:/Users/linnh/Sep-repository-2/Avancefinal/Avancefinal.srcs/constrs_1/imports/Downloads/Zybo-Z7-Master.xdc:139]
CRITICAL WARNING: [Common 17-55] 'set_property' expects at least one object. [C:/Users/linnh/Sep-repository-2/Avancefinal/Avancefinal.srcs/constrs_1/imports/Downloads/Zybo-Z7-Master.xdc:139]
Resolution: If [get_<value>] was used to populate the object, check to make sure this command returns at least one valid object.
Finished Parsing XDC File [C:/Users/linnh/Sep-repository-2/Avancefinal/Avancefinal.srcs/constrs_1/imports/Downloads/Zybo-Z7-Master.xdc]
Parsing XDC File [c:/Users/linnh/Sep-repository-2/Avancefinal/Avancefinal.srcs/sources_1/bd/DEMO/ip/DEMO_axi_quad_spi_0_0/DEMO_axi_quad_spi_0_0_clocks.xdc] for cell 'DEMO_i/axi_quad_spi_0/U0'
INFO: [Timing 38-35] Done setting XDC timing constraints. [c:/Users/linnh/Sep-repository-2/Avancefinal/Avancefinal.srcs/sources_1/bd/DEMO/ip/DEMO_axi_quad_spi_0_0/DEMO_axi_quad_spi_0_0_clocks.xdc:50]
get_clocks: Time (s): cpu = 00:00:17 ; elapsed = 00:00:16 . Memory (MB): peak = 1671.734 ; gain = 573.977
Finished Parsing XDC File [c:/Users/linnh/Sep-repository-2/Avancefinal/Avancefinal.srcs/sources_1/bd/DEMO/ip/DEMO_axi_quad_spi_0_0/DEMO_axi_quad_spi_0_0_clocks.xdc] for cell 'DEMO_i/axi_quad_spi_0/U0'
Parsing XDC File [c:/Users/linnh/Sep-repository-2/Avancefinal/Avancefinal.srcs/sources_1/bd/DEMO/ip/DEMO_axi_quad_spi_1_0/DEMO_axi_quad_spi_1_0_clocks.xdc] for cell 'DEMO_i/axi_quad_spi_1/U0'
Finished Parsing XDC File [c:/Users/linnh/Sep-repository-2/Avancefinal/Avancefinal.srcs/sources_1/bd/DEMO/ip/DEMO_axi_quad_spi_1_0/DEMO_axi_quad_spi_1_0_clocks.xdc] for cell 'DEMO_i/axi_quad_spi_1/U0'
Sourcing Tcl File [C:/Xilinx/Vivado/2020.1/data/ip/xpm/xpm_cdc/tcl/xpm_cdc_gray.tcl] for cell 'DEMO_i/axi_quad_spi_1/U0/NO_DUAL_QUAD_MODE.QSPI_NORMAL/QSPI_LEGACY_MD_GEN.QSPI_CORE_INTERFACE_I/FIFO_EXISTS.RX_FIFO_II/gnuram_async_fifo.xpm_fifo_base_inst/gen_cdc_pntr.rd_pntr_cdc_inst'
INFO: [Vivado 12-3272] Current instance is the top level cell 'DEMO_i/axi_quad_spi_1/U0/NO_DUAL_QUAD_MODE.QSPI_NORMAL/QSPI_LEGACY_MD_GEN.QSPI_CORE_INTERFACE_I/FIFO_EXISTS.RX_FIFO_II/gnuram_async_fifo.xpm_fifo_base_inst/gen_cdc_pntr.rd_pntr_cdc_inst' of design 'design_1' [C:/Xilinx/Vivado/2020.1/data/ip/xpm/xpm_cdc/tcl/xpm_cdc_gray.tcl:16]
WARNING: [XPM_CDC_GRAY: TCL-1000] The source and destination clocks are the same. 
     Instance: DEMO_i/axi_quad_spi_1/U0/NO_DUAL_QUAD_MODE.QSPI_NORMAL/QSPI_LEGACY_MD_GEN.QSPI_CORE_INTERFACE_I/FIFO_EXISTS.RX_FIFO_II/gnuram_async_fifo.xpm_fifo_base_inst/gen_cdc_pntr.rd_pntr_cdc_inst 
  This will add unnecessary latency to the design. Please check the design for the following: 
 1) Manually instantiated XPM_CDC modules: Xilinx recommends that you remove these modules. 
 2) Xilinx IP that contains XPM_CDC modules: Verify the connections to the IP to determine whether you can safely ignore this message.
 [C:/Xilinx/Vivado/2020.1/data/ip/xpm/xpm_cdc/tcl/xpm_cdc_gray.tcl:16]
Finished Sourcing Tcl File [C:/Xilinx/Vivado/2020.1/data/ip/xpm/xpm_cdc/tcl/xpm_cdc_gray.tcl] for cell 'DEMO_i/axi_quad_spi_1/U0/NO_DUAL_QUAD_MODE.QSPI_NORMAL/QSPI_LEGACY_MD_GEN.QSPI_CORE_INTERFACE_I/FIFO_EXISTS.RX_FIFO_II/gnuram_async_fifo.xpm_fifo_base_inst/gen_cdc_pntr.rd_pntr_cdc_inst'
Sourcing Tcl File [C:/Xilinx/Vivado/2020.1/data/ip/xpm/xpm_cdc/tcl/xpm_cdc_gray.tcl] for cell 'DEMO_i/axi_quad_spi_0/U0/NO_DUAL_QUAD_MODE.QSPI_NORMAL/QSPI_LEGACY_MD_GEN.QSPI_CORE_INTERFACE_I/FIFO_EXISTS.TX_FIFO_II/xpm_fifo_instance.xpm_fifo_async_inst/gnuram_async_fifo.xpm_fifo_base_inst/gen_cdc_pntr.wr_pntr_cdc_inst'
INFO: [Vivado 12-3272] Current instance is the top level cell 'DEMO_i/axi_quad_spi_0/U0/NO_DUAL_QUAD_MODE.QSPI_NORMAL/QSPI_LEGACY_MD_GEN.QSPI_CORE_INTERFACE_I/FIFO_EXISTS.TX_FIFO_II/xpm_fifo_instance.xpm_fifo_async_inst/gnuram_async_fifo.xpm_fifo_base_inst/gen_cdc_pntr.wr_pntr_cdc_inst' of design 'design_1' [C:/Xilinx/Vivado/2020.1/data/ip/xpm/xpm_cdc/tcl/xpm_cdc_gray.tcl:16]
WARNING: [XPM_CDC_GRAY: TCL-1000] The source and destination clocks are the same. 
     Instance: DEMO_i/axi_quad_spi_0/U0/NO_DUAL_QUAD_MODE.QSPI_NORMAL/QSPI_LEGACY_MD_GEN.QSPI_CORE_INTERFACE_I/FIFO_EXISTS.TX_FIFO_II/xpm_fifo_instance.xpm_fifo_async_inst/gnuram_async_fifo.xpm_fifo_base_inst/gen_cdc_pntr.wr_pntr_cdc_inst 
  This will add unnecessary latency to the design. Please check the design for the following: 
 1) Manually instantiated XPM_CDC modules: Xilinx recommends that you remove these modules. 
 2) Xilinx IP that contains XPM_CDC modules: Verify the connections to the IP to determine whether you can safely ignore this message.
 [C:/Xilinx/Vivado/2020.1/data/ip/xpm/xpm_cdc/tcl/xpm_cdc_gray.tcl:16]
Finished Sourcing Tcl File [C:/Xilinx/Vivado/2020.1/data/ip/xpm/xpm_cdc/tcl/xpm_cdc_gray.tcl] for cell 'DEMO_i/axi_quad_spi_0/U0/NO_DUAL_QUAD_MODE.QSPI_NORMAL/QSPI_LEGACY_MD_GEN.QSPI_CORE_INTERFACE_I/FIFO_EXISTS.TX_FIFO_II/xpm_fifo_instance.xpm_fifo_async_inst/gnuram_async_fifo.xpm_fifo_base_inst/gen_cdc_pntr.wr_pntr_cdc_inst'
Sourcing Tcl File [C:/Xilinx/Vivado/2020.1/data/ip/xpm/xpm_cdc/tcl/xpm_cdc_gray.tcl] for cell 'DEMO_i/axi_quad_spi_0/U0/NO_DUAL_QUAD_MODE.QSPI_NORMAL/QSPI_LEGACY_MD_GEN.QSPI_CORE_INTERFACE_I/FIFO_EXISTS.TX_FIFO_II/xpm_fifo_instance.xpm_fifo_async_inst/gnuram_async_fifo.xpm_fifo_base_inst/gen_cdc_pntr.rd_pntr_cdc_inst'
INFO: [Vivado 12-3272] Current instance is the top level cell 'DEMO_i/axi_quad_spi_0/U0/NO_DUAL_QUAD_MODE.QSPI_NORMAL/QSPI_LEGACY_MD_GEN.QSPI_CORE_INTERFACE_I/FIFO_EXISTS.TX_FIFO_II/xpm_fifo_instance.xpm_fifo_async_inst/gnuram_async_fifo.xpm_fifo_base_inst/gen_cdc_pntr.rd_pntr_cdc_inst' of design 'design_1' [C:/Xilinx/Vivado/2020.1/data/ip/xpm/xpm_cdc/tcl/xpm_cdc_gray.tcl:16]
WARNING: [XPM_CDC_GRAY: TCL-1000] The source and destination clocks are the same. 
     Instance: DEMO_i/axi_quad_spi_0/U0/NO_DUAL_QUAD_MODE.QSPI_NORMAL/QSPI_LEGACY_MD_GEN.QSPI_CORE_INTERFACE_I/FIFO_EXISTS.TX_FIFO_II/xpm_fifo_instance.xpm_fifo_async_inst/gnuram_async_fifo.xpm_fifo_base_inst/gen_cdc_pntr.rd_pntr_cdc_inst 
  This will add unnecessary latency to the design. Please check the design for the following: 
 1) Manually instantiated XPM_CDC modules: Xilinx recommends that you remove these modules. 
 2) Xilinx IP that contains XPM_CDC modules: Verify the connections to the IP to determine whether you can safely ignore this message.
 [C:/Xilinx/Vivado/2020.1/data/ip/xpm/xpm_cdc/tcl/xpm_cdc_gray.tcl:16]
Finished Sourcing Tcl File [C:/Xilinx/Vivado/2020.1/data/ip/xpm/xpm_cdc/tcl/xpm_cdc_gray.tcl] for cell 'DEMO_i/axi_quad_spi_0/U0/NO_DUAL_QUAD_MODE.QSPI_NORMAL/QSPI_LEGACY_MD_GEN.QSPI_CORE_INTERFACE_I/FIFO_EXISTS.TX_FIFO_II/xpm_fifo_instance.xpm_fifo_async_inst/gnuram_async_fifo.xpm_fifo_base_inst/gen_cdc_pntr.rd_pntr_cdc_inst'
Sourcing Tcl File [C:/Xilinx/Vivado/2020.1/data/ip/xpm/xpm_cdc/tcl/xpm_cdc_gray.tcl] for cell 'DEMO_i/axi_quad_spi_0/U0/NO_DUAL_QUAD_MODE.QSPI_NORMAL/QSPI_LEGACY_MD_GEN.QSPI_CORE_INTERFACE_I/FIFO_EXISTS.RX_FIFO_II/gnuram_async_fifo.xpm_fifo_base_inst/gen_cdc_pntr.wr_pntr_cdc_inst'
INFO: [Vivado 12-3272] Current instance is the top level cell 'DEMO_i/axi_quad_spi_0/U0/NO_DUAL_QUAD_MODE.QSPI_NORMAL/QSPI_LEGACY_MD_GEN.QSPI_CORE_INTERFACE_I/FIFO_EXISTS.RX_FIFO_II/gnuram_async_fifo.xpm_fifo_base_inst/gen_cdc_pntr.wr_pntr_cdc_inst' of design 'design_1' [C:/Xilinx/Vivado/2020.1/data/ip/xpm/xpm_cdc/tcl/xpm_cdc_gray.tcl:16]
WARNING: [XPM_CDC_GRAY: TCL-1000] The source and destination clocks are the same. 
     Instance: DEMO_i/axi_quad_spi_0/U0/NO_DUAL_QUAD_MODE.QSPI_NORMAL/QSPI_LEGACY_MD_GEN.QSPI_CORE_INTERFACE_I/FIFO_EXISTS.RX_FIFO_II/gnuram_async_fifo.xpm_fifo_base_inst/gen_cdc_pntr.wr_pntr_cdc_inst 
  This will add unnecessary latency to the design. Please check the design for the following: 
 1) Manually instantiated XPM_CDC modules: Xilinx recommends that you remove these modules. 
 2) Xilinx IP that contains XPM_CDC modules: Verify the connections to the IP to determine whether you can safely ignore this message.
 [C:/Xilinx/Vivado/2020.1/data/ip/xpm/xpm_cdc/tcl/xpm_cdc_gray.tcl:16]
Finished Sourcing Tcl File [C:/Xilinx/Vivado/2020.1/data/ip/xpm/xpm_cdc/tcl/xpm_cdc_gray.tcl] for cell 'DEMO_i/axi_quad_spi_0/U0/NO_DUAL_QUAD_MODE.QSPI_NORMAL/QSPI_LEGACY_MD_GEN.QSPI_CORE_INTERFACE_I/FIFO_EXISTS.RX_FIFO_II/gnuram_async_fifo.xpm_fifo_base_inst/gen_cdc_pntr.wr_pntr_cdc_inst'
Sourcing Tcl File [C:/Xilinx/Vivado/2020.1/data/ip/xpm/xpm_cdc/tcl/xpm_cdc_gray.tcl] for cell 'DEMO_i/axi_quad_spi_0/U0/NO_DUAL_QUAD_MODE.QSPI_NORMAL/QSPI_LEGACY_MD_GEN.QSPI_CORE_INTERFACE_I/FIFO_EXISTS.RX_FIFO_II/gnuram_async_fifo.xpm_fifo_base_inst/gen_cdc_pntr.rd_pntr_cdc_inst'
INFO: [Vivado 12-3272] Current instance is the top level cell 'DEMO_i/axi_quad_spi_0/U0/NO_DUAL_QUAD_MODE.QSPI_NORMAL/QSPI_LEGACY_MD_GEN.QSPI_CORE_INTERFACE_I/FIFO_EXISTS.RX_FIFO_II/gnuram_async_fifo.xpm_fifo_base_inst/gen_cdc_pntr.rd_pntr_cdc_inst' of design 'design_1' [C:/Xilinx/Vivado/2020.1/data/ip/xpm/xpm_cdc/tcl/xpm_cdc_gray.tcl:16]
WARNING: [XPM_CDC_GRAY: TCL-1000] The source and destination clocks are the same. 
     Instance: DEMO_i/axi_quad_spi_0/U0/NO_DUAL_QUAD_MODE.QSPI_NORMAL/QSPI_LEGACY_MD_GEN.QSPI_CORE_INTERFACE_I/FIFO_EXISTS.RX_FIFO_II/gnuram_async_fifo.xpm_fifo_base_inst/gen_cdc_pntr.rd_pntr_cdc_inst 
  This will add unnecessary latency to the design. Please check the design for the following: 
 1) Manually instantiated XPM_CDC modules: Xilinx recommends that you remove these modules. 
 2) Xilinx IP that contains XPM_CDC modules: Verify the connections to the IP to determine whether you can safely ignore this message.
 [C:/Xilinx/Vivado/2020.1/data/ip/xpm/xpm_cdc/tcl/xpm_cdc_gray.tcl:16]
Finished Sourcing Tcl File [C:/Xilinx/Vivado/2020.1/data/ip/xpm/xpm_cdc/tcl/xpm_cdc_gray.tcl] for cell 'DEMO_i/axi_quad_spi_0/U0/NO_DUAL_QUAD_MODE.QSPI_NORMAL/QSPI_LEGACY_MD_GEN.QSPI_CORE_INTERFACE_I/FIFO_EXISTS.RX_FIFO_II/gnuram_async_fifo.xpm_fifo_base_inst/gen_cdc_pntr.rd_pntr_cdc_inst'
Sourcing Tcl File [C:/Xilinx/Vivado/2020.1/data/ip/xpm/xpm_cdc/tcl/xpm_cdc_gray.tcl] for cell 'DEMO_i/axi_quad_spi_1/U0/NO_DUAL_QUAD_MODE.QSPI_NORMAL/QSPI_LEGACY_MD_GEN.QSPI_CORE_INTERFACE_I/FIFO_EXISTS.TX_FIFO_II/xpm_fifo_instance.xpm_fifo_async_inst/gnuram_async_fifo.xpm_fifo_base_inst/gen_cdc_pntr.wr_pntr_cdc_inst'
INFO: [Vivado 12-3272] Current instance is the top level cell 'DEMO_i/axi_quad_spi_1/U0/NO_DUAL_QUAD_MODE.QSPI_NORMAL/QSPI_LEGACY_MD_GEN.QSPI_CORE_INTERFACE_I/FIFO_EXISTS.TX_FIFO_II/xpm_fifo_instance.xpm_fifo_async_inst/gnuram_async_fifo.xpm_fifo_base_inst/gen_cdc_pntr.wr_pntr_cdc_inst' of design 'design_1' [C:/Xilinx/Vivado/2020.1/data/ip/xpm/xpm_cdc/tcl/xpm_cdc_gray.tcl:16]
WARNING: [XPM_CDC_GRAY: TCL-1000] The source and destination clocks are the same. 
     Instance: DEMO_i/axi_quad_spi_1/U0/NO_DUAL_QUAD_MODE.QSPI_NORMAL/QSPI_LEGACY_MD_GEN.QSPI_CORE_INTERFACE_I/FIFO_EXISTS.TX_FIFO_II/xpm_fifo_instance.xpm_fifo_async_inst/gnuram_async_fifo.xpm_fifo_base_inst/gen_cdc_pntr.wr_pntr_cdc_inst 
  This will add unnecessary latency to the design. Please check the design for the following: 
 1) Manually instantiated XPM_CDC modules: Xilinx recommends that you remove these modules. 
 2) Xilinx IP that contains XPM_CDC modules: Verify the connections to the IP to determine whether you can safely ignore this message.
 [C:/Xilinx/Vivado/2020.1/data/ip/xpm/xpm_cdc/tcl/xpm_cdc_gray.tcl:16]
Finished Sourcing Tcl File [C:/Xilinx/Vivado/2020.1/data/ip/xpm/xpm_cdc/tcl/xpm_cdc_gray.tcl] for cell 'DEMO_i/axi_quad_spi_1/U0/NO_DUAL_QUAD_MODE.QSPI_NORMAL/QSPI_LEGACY_MD_GEN.QSPI_CORE_INTERFACE_I/FIFO_EXISTS.TX_FIFO_II/xpm_fifo_instance.xpm_fifo_async_inst/gnuram_async_fifo.xpm_fifo_base_inst/gen_cdc_pntr.wr_pntr_cdc_inst'
Sourcing Tcl File [C:/Xilinx/Vivado/2020.1/data/ip/xpm/xpm_cdc/tcl/xpm_cdc_gray.tcl] for cell 'DEMO_i/axi_quad_spi_1/U0/NO_DUAL_QUAD_MODE.QSPI_NORMAL/QSPI_LEGACY_MD_GEN.QSPI_CORE_INTERFACE_I/FIFO_EXISTS.TX_FIFO_II/xpm_fifo_instance.xpm_fifo_async_inst/gnuram_async_fifo.xpm_fifo_base_inst/gen_cdc_pntr.rd_pntr_cdc_inst'
INFO: [Vivado 12-3272] Current instance is the top level cell 'DEMO_i/axi_quad_spi_1/U0/NO_DUAL_QUAD_MODE.QSPI_NORMAL/QSPI_LEGACY_MD_GEN.QSPI_CORE_INTERFACE_I/FIFO_EXISTS.TX_FIFO_II/xpm_fifo_instance.xpm_fifo_async_inst/gnuram_async_fifo.xpm_fifo_base_inst/gen_cdc_pntr.rd_pntr_cdc_inst' of design 'design_1' [C:/Xilinx/Vivado/2020.1/data/ip/xpm/xpm_cdc/tcl/xpm_cdc_gray.tcl:16]
WARNING: [XPM_CDC_GRAY: TCL-1000] The source and destination clocks are the same. 
     Instance: DEMO_i/axi_quad_spi_1/U0/NO_DUAL_QUAD_MODE.QSPI_NORMAL/QSPI_LEGACY_MD_GEN.QSPI_CORE_INTERFACE_I/FIFO_EXISTS.TX_FIFO_II/xpm_fifo_instance.xpm_fifo_async_inst/gnuram_async_fifo.xpm_fifo_base_inst/gen_cdc_pntr.rd_pntr_cdc_inst 
  This will add unnecessary latency to the design. Please check the design for the following: 
 1) Manually instantiated XPM_CDC modules: Xilinx recommends that you remove these modules. 
 2) Xilinx IP that contains XPM_CDC modules: Verify the connections to the IP to determine whether you can safely ignore this message.
 [C:/Xilinx/Vivado/2020.1/data/ip/xpm/xpm_cdc/tcl/xpm_cdc_gray.tcl:16]
Finished Sourcing Tcl File [C:/Xilinx/Vivado/2020.1/data/ip/xpm/xpm_cdc/tcl/xpm_cdc_gray.tcl] for cell 'DEMO_i/axi_quad_spi_1/U0/NO_DUAL_QUAD_MODE.QSPI_NORMAL/QSPI_LEGACY_MD_GEN.QSPI_CORE_INTERFACE_I/FIFO_EXISTS.TX_FIFO_II/xpm_fifo_instance.xpm_fifo_async_inst/gnuram_async_fifo.xpm_fifo_base_inst/gen_cdc_pntr.rd_pntr_cdc_inst'
Sourcing Tcl File [C:/Xilinx/Vivado/2020.1/data/ip/xpm/xpm_cdc/tcl/xpm_cdc_gray.tcl] for cell 'DEMO_i/axi_quad_spi_1/U0/NO_DUAL_QUAD_MODE.QSPI_NORMAL/QSPI_LEGACY_MD_GEN.QSPI_CORE_INTERFACE_I/FIFO_EXISTS.RX_FIFO_II/gnuram_async_fifo.xpm_fifo_base_inst/gen_cdc_pntr.wr_pntr_cdc_inst'
INFO: [Vivado 12-3272] Current instance is the top level cell 'DEMO_i/axi_quad_spi_1/U0/NO_DUAL_QUAD_MODE.QSPI_NORMAL/QSPI_LEGACY_MD_GEN.QSPI_CORE_INTERFACE_I/FIFO_EXISTS.RX_FIFO_II/gnuram_async_fifo.xpm_fifo_base_inst/gen_cdc_pntr.wr_pntr_cdc_inst' of design 'design_1' [C:/Xilinx/Vivado/2020.1/data/ip/xpm/xpm_cdc/tcl/xpm_cdc_gray.tcl:16]
WARNING: [XPM_CDC_GRAY: TCL-1000] The source and destination clocks are the same. 
     Instance: DEMO_i/axi_quad_spi_1/U0/NO_DUAL_QUAD_MODE.QSPI_NORMAL/QSPI_LEGACY_MD_GEN.QSPI_CORE_INTERFACE_I/FIFO_EXISTS.RX_FIFO_II/gnuram_async_fifo.xpm_fifo_base_inst/gen_cdc_pntr.wr_pntr_cdc_inst 
  This will add unnecessary latency to the design. Please check the design for the following: 
 1) Manually instantiated XPM_CDC modules: Xilinx recommends that you remove these modules. 
 2) Xilinx IP that contains XPM_CDC modules: Verify the connections to the IP to determine whether you can safely ignore this message.
 [C:/Xilinx/Vivado/2020.1/data/ip/xpm/xpm_cdc/tcl/xpm_cdc_gray.tcl:16]
Finished Sourcing Tcl File [C:/Xilinx/Vivado/2020.1/data/ip/xpm/xpm_cdc/tcl/xpm_cdc_gray.tcl] for cell 'DEMO_i/axi_quad_spi_1/U0/NO_DUAL_QUAD_MODE.QSPI_NORMAL/QSPI_LEGACY_MD_GEN.QSPI_CORE_INTERFACE_I/FIFO_EXISTS.RX_FIFO_II/gnuram_async_fifo.xpm_fifo_base_inst/gen_cdc_pntr.wr_pntr_cdc_inst'
Sourcing Tcl File [C:/Xilinx/Vivado/2020.1/data/ip/xpm/xpm_cdc/tcl/xpm_cdc_gray.tcl] for cell 'DEMO_i/axi_quad_spi_1/U0/NO_DUAL_QUAD_MODE.QSPI_NORMAL/QSPI_LEGACY_MD_GEN.QSPI_CORE_INTERFACE_I/FIFO_EXISTS.RX_FIFO_II/gnuram_async_fifo.xpm_fifo_base_inst/gen_cdc_pntr.wr_pntr_cdc_dc_inst'
INFO: [Vivado 12-3272] Current instance is the top level cell 'DEMO_i/axi_quad_spi_1/U0/NO_DUAL_QUAD_MODE.QSPI_NORMAL/QSPI_LEGACY_MD_GEN.QSPI_CORE_INTERFACE_I/FIFO_EXISTS.RX_FIFO_II/gnuram_async_fifo.xpm_fifo_base_inst/gen_cdc_pntr.wr_pntr_cdc_dc_inst' of design 'design_1' [C:/Xilinx/Vivado/2020.1/data/ip/xpm/xpm_cdc/tcl/xpm_cdc_gray.tcl:16]
WARNING: [XPM_CDC_GRAY: TCL-1000] The source and destination clocks are the same. 
     Instance: DEMO_i/axi_quad_spi_1/U0/NO_DUAL_QUAD_MODE.QSPI_NORMAL/QSPI_LEGACY_MD_GEN.QSPI_CORE_INTERFACE_I/FIFO_EXISTS.RX_FIFO_II/gnuram_async_fifo.xpm_fifo_base_inst/gen_cdc_pntr.wr_pntr_cdc_dc_inst 
  This will add unnecessary latency to the design. Please check the design for the following: 
 1) Manually instantiated XPM_CDC modules: Xilinx recommends that you remove these modules. 
 2) Xilinx IP that contains XPM_CDC modules: Verify the connections to the IP to determine whether you can safely ignore this message.
 [C:/Xilinx/Vivado/2020.1/data/ip/xpm/xpm_cdc/tcl/xpm_cdc_gray.tcl:16]
Finished Sourcing Tcl File [C:/Xilinx/Vivado/2020.1/data/ip/xpm/xpm_cdc/tcl/xpm_cdc_gray.tcl] for cell 'DEMO_i/axi_quad_spi_1/U0/NO_DUAL_QUAD_MODE.QSPI_NORMAL/QSPI_LEGACY_MD_GEN.QSPI_CORE_INTERFACE_I/FIFO_EXISTS.RX_FIFO_II/gnuram_async_fifo.xpm_fifo_base_inst/gen_cdc_pntr.wr_pntr_cdc_dc_inst'
Sourcing Tcl File [C:/Xilinx/Vivado/2020.1/data/ip/xpm/xpm_cdc/tcl/xpm_cdc_gray.tcl] for cell 'DEMO_i/axi_quad_spi_0/U0/NO_DUAL_QUAD_MODE.QSPI_NORMAL/QSPI_LEGACY_MD_GEN.QSPI_CORE_INTERFACE_I/FIFO_EXISTS.TX_FIFO_II/xpm_fifo_instance.xpm_fifo_async_inst/gnuram_async_fifo.xpm_fifo_base_inst/gen_cdc_pntr.wr_pntr_cdc_dc_inst'
INFO: [Vivado 12-3272] Current instance is the top level cell 'DEMO_i/axi_quad_spi_0/U0/NO_DUAL_QUAD_MODE.QSPI_NORMAL/QSPI_LEGACY_MD_GEN.QSPI_CORE_INTERFACE_I/FIFO_EXISTS.TX_FIFO_II/xpm_fifo_instance.xpm_fifo_async_inst/gnuram_async_fifo.xpm_fifo_base_inst/gen_cdc_pntr.wr_pntr_cdc_dc_inst' of design 'design_1' [C:/Xilinx/Vivado/2020.1/data/ip/xpm/xpm_cdc/tcl/xpm_cdc_gray.tcl:16]
WARNING: [XPM_CDC_GRAY: TCL-1000] The source and destination clocks are the same. 
     Instance: DEMO_i/axi_quad_spi_0/U0/NO_DUAL_QUAD_MODE.QSPI_NORMAL/QSPI_LEGACY_MD_GEN.QSPI_CORE_INTERFACE_I/FIFO_EXISTS.TX_FIFO_II/xpm_fifo_instance.xpm_fifo_async_inst/gnuram_async_fifo.xpm_fifo_base_inst/gen_cdc_pntr.wr_pntr_cdc_dc_inst 
  This will add unnecessary latency to the design. Please check the design for the following: 
 1) Manually instantiated XPM_CDC modules: Xilinx recommends that you remove these modules. 
 2) Xilinx IP that contains XPM_CDC modules: Verify the connections to the IP to determine whether you can safely ignore this message.
 [C:/Xilinx/Vivado/2020.1/data/ip/xpm/xpm_cdc/tcl/xpm_cdc_gray.tcl:16]
Finished Sourcing Tcl File [C:/Xilinx/Vivado/2020.1/data/ip/xpm/xpm_cdc/tcl/xpm_cdc_gray.tcl] for cell 'DEMO_i/axi_quad_spi_0/U0/NO_DUAL_QUAD_MODE.QSPI_NORMAL/QSPI_LEGACY_MD_GEN.QSPI_CORE_INTERFACE_I/FIFO_EXISTS.TX_FIFO_II/xpm_fifo_instance.xpm_fifo_async_inst/gnuram_async_fifo.xpm_fifo_base_inst/gen_cdc_pntr.wr_pntr_cdc_dc_inst'
Sourcing Tcl File [C:/Xilinx/Vivado/2020.1/data/ip/xpm/xpm_cdc/tcl/xpm_cdc_gray.tcl] for cell 'DEMO_i/axi_quad_spi_0/U0/NO_DUAL_QUAD_MODE.QSPI_NORMAL/QSPI_LEGACY_MD_GEN.QSPI_CORE_INTERFACE_I/FIFO_EXISTS.RX_FIFO_II/gnuram_async_fifo.xpm_fifo_base_inst/gen_cdc_pntr.wr_pntr_cdc_dc_inst'
INFO: [Vivado 12-3272] Current instance is the top level cell 'DEMO_i/axi_quad_spi_0/U0/NO_DUAL_QUAD_MODE.QSPI_NORMAL/QSPI_LEGACY_MD_GEN.QSPI_CORE_INTERFACE_I/FIFO_EXISTS.RX_FIFO_II/gnuram_async_fifo.xpm_fifo_base_inst/gen_cdc_pntr.wr_pntr_cdc_dc_inst' of design 'design_1' [C:/Xilinx/Vivado/2020.1/data/ip/xpm/xpm_cdc/tcl/xpm_cdc_gray.tcl:16]
WARNING: [XPM_CDC_GRAY: TCL-1000] The source and destination clocks are the same. 
     Instance: DEMO_i/axi_quad_spi_0/U0/NO_DUAL_QUAD_MODE.QSPI_NORMAL/QSPI_LEGACY_MD_GEN.QSPI_CORE_INTERFACE_I/FIFO_EXISTS.RX_FIFO_II/gnuram_async_fifo.xpm_fifo_base_inst/gen_cdc_pntr.wr_pntr_cdc_dc_inst 
  This will add unnecessary latency to the design. Please check the design for the following: 
 1) Manually instantiated XPM_CDC modules: Xilinx recommends that you remove these modules. 
 2) Xilinx IP that contains XPM_CDC modules: Verify the connections to the IP to determine whether you can safely ignore this message.
 [C:/Xilinx/Vivado/2020.1/data/ip/xpm/xpm_cdc/tcl/xpm_cdc_gray.tcl:16]
Finished Sourcing Tcl File [C:/Xilinx/Vivado/2020.1/data/ip/xpm/xpm_cdc/tcl/xpm_cdc_gray.tcl] for cell 'DEMO_i/axi_quad_spi_0/U0/NO_DUAL_QUAD_MODE.QSPI_NORMAL/QSPI_LEGACY_MD_GEN.QSPI_CORE_INTERFACE_I/FIFO_EXISTS.RX_FIFO_II/gnuram_async_fifo.xpm_fifo_base_inst/gen_cdc_pntr.wr_pntr_cdc_dc_inst'
Sourcing Tcl File [C:/Xilinx/Vivado/2020.1/data/ip/xpm/xpm_cdc/tcl/xpm_cdc_gray.tcl] for cell 'DEMO_i/axi_quad_spi_1/U0/NO_DUAL_QUAD_MODE.QSPI_NORMAL/QSPI_LEGACY_MD_GEN.QSPI_CORE_INTERFACE_I/FIFO_EXISTS.TX_FIFO_II/xpm_fifo_instance.xpm_fifo_async_inst/gnuram_async_fifo.xpm_fifo_base_inst/gen_cdc_pntr.wr_pntr_cdc_dc_inst'
INFO: [Vivado 12-3272] Current instance is the top level cell 'DEMO_i/axi_quad_spi_1/U0/NO_DUAL_QUAD_MODE.QSPI_NORMAL/QSPI_LEGACY_MD_GEN.QSPI_CORE_INTERFACE_I/FIFO_EXISTS.TX_FIFO_II/xpm_fifo_instance.xpm_fifo_async_inst/gnuram_async_fifo.xpm_fifo_base_inst/gen_cdc_pntr.wr_pntr_cdc_dc_inst' of design 'design_1' [C:/Xilinx/Vivado/2020.1/data/ip/xpm/xpm_cdc/tcl/xpm_cdc_gray.tcl:16]
WARNING: [XPM_CDC_GRAY: TCL-1000] The source and destination clocks are the same. 
     Instance: DEMO_i/axi_quad_spi_1/U0/NO_DUAL_QUAD_MODE.QSPI_NORMAL/QSPI_LEGACY_MD_GEN.QSPI_CORE_INTERFACE_I/FIFO_EXISTS.TX_FIFO_II/xpm_fifo_instance.xpm_fifo_async_inst/gnuram_async_fifo.xpm_fifo_base_inst/gen_cdc_pntr.wr_pntr_cdc_dc_inst 
  This will add unnecessary latency to the design. Please check the design for the following: 
 1) Manually instantiated XPM_CDC modules: Xilinx recommends that you remove these modules. 
 2) Xilinx IP that contains XPM_CDC modules: Verify the connections to the IP to determine whether you can safely ignore this message.
 [C:/Xilinx/Vivado/2020.1/data/ip/xpm/xpm_cdc/tcl/xpm_cdc_gray.tcl:16]
Finished Sourcing Tcl File [C:/Xilinx/Vivado/2020.1/data/ip/xpm/xpm_cdc/tcl/xpm_cdc_gray.tcl] for cell 'DEMO_i/axi_quad_spi_1/U0/NO_DUAL_QUAD_MODE.QSPI_NORMAL/QSPI_LEGACY_MD_GEN.QSPI_CORE_INTERFACE_I/FIFO_EXISTS.TX_FIFO_II/xpm_fifo_instance.xpm_fifo_async_inst/gnuram_async_fifo.xpm_fifo_base_inst/gen_cdc_pntr.wr_pntr_cdc_dc_inst'
Sourcing Tcl File [C:/Xilinx/Vivado/2020.1/data/ip/xpm/xpm_cdc/tcl/xpm_cdc_gray.tcl] for cell 'DEMO_i/axi_quad_spi_1/U0/NO_DUAL_QUAD_MODE.QSPI_NORMAL/QSPI_LEGACY_MD_GEN.QSPI_CORE_INTERFACE_I/FIFO_EXISTS.RX_FIFO_II/gnuram_async_fifo.xpm_fifo_base_inst/gen_cdc_pntr.rd_pntr_cdc_dc_inst'
INFO: [Vivado 12-3272] Current instance is the top level cell 'DEMO_i/axi_quad_spi_1/U0/NO_DUAL_QUAD_MODE.QSPI_NORMAL/QSPI_LEGACY_MD_GEN.QSPI_CORE_INTERFACE_I/FIFO_EXISTS.RX_FIFO_II/gnuram_async_fifo.xpm_fifo_base_inst/gen_cdc_pntr.rd_pntr_cdc_dc_inst' of design 'design_1' [C:/Xilinx/Vivado/2020.1/data/ip/xpm/xpm_cdc/tcl/xpm_cdc_gray.tcl:16]
WARNING: [XPM_CDC_GRAY: TCL-1000] The source and destination clocks are the same. 
     Instance: DEMO_i/axi_quad_spi_1/U0/NO_DUAL_QUAD_MODE.QSPI_NORMAL/QSPI_LEGACY_MD_GEN.QSPI_CORE_INTERFACE_I/FIFO_EXISTS.RX_FIFO_II/gnuram_async_fifo.xpm_fifo_base_inst/gen_cdc_pntr.rd_pntr_cdc_dc_inst 
  This will add unnecessary latency to the design. Please check the design for the following: 
 1) Manually instantiated XPM_CDC modules: Xilinx recommends that you remove these modules. 
 2) Xilinx IP that contains XPM_CDC modules: Verify the connections to the IP to determine whether you can safely ignore this message.
 [C:/Xilinx/Vivado/2020.1/data/ip/xpm/xpm_cdc/tcl/xpm_cdc_gray.tcl:16]
Finished Sourcing Tcl File [C:/Xilinx/Vivado/2020.1/data/ip/xpm/xpm_cdc/tcl/xpm_cdc_gray.tcl] for cell 'DEMO_i/axi_quad_spi_1/U0/NO_DUAL_QUAD_MODE.QSPI_NORMAL/QSPI_LEGACY_MD_GEN.QSPI_CORE_INTERFACE_I/FIFO_EXISTS.RX_FIFO_II/gnuram_async_fifo.xpm_fifo_base_inst/gen_cdc_pntr.rd_pntr_cdc_dc_inst'
Sourcing Tcl File [C:/Xilinx/Vivado/2020.1/data/ip/xpm/xpm_cdc/tcl/xpm_cdc_gray.tcl] for cell 'DEMO_i/axi_quad_spi_0/U0/NO_DUAL_QUAD_MODE.QSPI_NORMAL/QSPI_LEGACY_MD_GEN.QSPI_CORE_INTERFACE_I/FIFO_EXISTS.TX_FIFO_II/xpm_fifo_instance.xpm_fifo_async_inst/gnuram_async_fifo.xpm_fifo_base_inst/gen_cdc_pntr.rd_pntr_cdc_dc_inst'
INFO: [Vivado 12-3272] Current instance is the top level cell 'DEMO_i/axi_quad_spi_0/U0/NO_DUAL_QUAD_MODE.QSPI_NORMAL/QSPI_LEGACY_MD_GEN.QSPI_CORE_INTERFACE_I/FIFO_EXISTS.TX_FIFO_II/xpm_fifo_instance.xpm_fifo_async_inst/gnuram_async_fifo.xpm_fifo_base_inst/gen_cdc_pntr.rd_pntr_cdc_dc_inst' of design 'design_1' [C:/Xilinx/Vivado/2020.1/data/ip/xpm/xpm_cdc/tcl/xpm_cdc_gray.tcl:16]
WARNING: [XPM_CDC_GRAY: TCL-1000] The source and destination clocks are the same. 
     Instance: DEMO_i/axi_quad_spi_0/U0/NO_DUAL_QUAD_MODE.QSPI_NORMAL/QSPI_LEGACY_MD_GEN.QSPI_CORE_INTERFACE_I/FIFO_EXISTS.TX_FIFO_II/xpm_fifo_instance.xpm_fifo_async_inst/gnuram_async_fifo.xpm_fifo_base_inst/gen_cdc_pntr.rd_pntr_cdc_dc_inst 
  This will add unnecessary latency to the design. Please check the design for the following: 
 1) Manually instantiated XPM_CDC modules: Xilinx recommends that you remove these modules. 
 2) Xilinx IP that contains XPM_CDC modules: Verify the connections to the IP to determine whether you can safely ignore this message.
 [C:/Xilinx/Vivado/2020.1/data/ip/xpm/xpm_cdc/tcl/xpm_cdc_gray.tcl:16]
Finished Sourcing Tcl File [C:/Xilinx/Vivado/2020.1/data/ip/xpm/xpm_cdc/tcl/xpm_cdc_gray.tcl] for cell 'DEMO_i/axi_quad_spi_0/U0/NO_DUAL_QUAD_MODE.QSPI_NORMAL/QSPI_LEGACY_MD_GEN.QSPI_CORE_INTERFACE_I/FIFO_EXISTS.TX_FIFO_II/xpm_fifo_instance.xpm_fifo_async_inst/gnuram_async_fifo.xpm_fifo_base_inst/gen_cdc_pntr.rd_pntr_cdc_dc_inst'
Sourcing Tcl File [C:/Xilinx/Vivado/2020.1/data/ip/xpm/xpm_cdc/tcl/xpm_cdc_gray.tcl] for cell 'DEMO_i/axi_quad_spi_0/U0/NO_DUAL_QUAD_MODE.QSPI_NORMAL/QSPI_LEGACY_MD_GEN.QSPI_CORE_INTERFACE_I/FIFO_EXISTS.RX_FIFO_II/gnuram_async_fifo.xpm_fifo_base_inst/gen_cdc_pntr.rd_pntr_cdc_dc_inst'
INFO: [Vivado 12-3272] Current instance is the top level cell 'DEMO_i/axi_quad_spi_0/U0/NO_DUAL_QUAD_MODE.QSPI_NORMAL/QSPI_LEGACY_MD_GEN.QSPI_CORE_INTERFACE_I/FIFO_EXISTS.RX_FIFO_II/gnuram_async_fifo.xpm_fifo_base_inst/gen_cdc_pntr.rd_pntr_cdc_dc_inst' of design 'design_1' [C:/Xilinx/Vivado/2020.1/data/ip/xpm/xpm_cdc/tcl/xpm_cdc_gray.tcl:16]
WARNING: [XPM_CDC_GRAY: TCL-1000] The source and destination clocks are the same. 
     Instance: DEMO_i/axi_quad_spi_0/U0/NO_DUAL_QUAD_MODE.QSPI_NORMAL/QSPI_LEGACY_MD_GEN.QSPI_CORE_INTERFACE_I/FIFO_EXISTS.RX_FIFO_II/gnuram_async_fifo.xpm_fifo_base_inst/gen_cdc_pntr.rd_pntr_cdc_dc_inst 
  This will add unnecessary latency to the design. Please check the design for the following: 
 1) Manually instantiated XPM_CDC modules: Xilinx recommends that you remove these modules. 
 2) Xilinx IP that contains XPM_CDC modules: Verify the connections to the IP to determine whether you can safely ignore this message.
 [C:/Xilinx/Vivado/2020.1/data/ip/xpm/xpm_cdc/tcl/xpm_cdc_gray.tcl:16]
Finished Sourcing Tcl File [C:/Xilinx/Vivado/2020.1/data/ip/xpm/xpm_cdc/tcl/xpm_cdc_gray.tcl] for cell 'DEMO_i/axi_quad_spi_0/U0/NO_DUAL_QUAD_MODE.QSPI_NORMAL/QSPI_LEGACY_MD_GEN.QSPI_CORE_INTERFACE_I/FIFO_EXISTS.RX_FIFO_II/gnuram_async_fifo.xpm_fifo_base_inst/gen_cdc_pntr.rd_pntr_cdc_dc_inst'
Sourcing Tcl File [C:/Xilinx/Vivado/2020.1/data/ip/xpm/xpm_cdc/tcl/xpm_cdc_gray.tcl] for cell 'DEMO_i/axi_quad_spi_1/U0/NO_DUAL_QUAD_MODE.QSPI_NORMAL/QSPI_LEGACY_MD_GEN.QSPI_CORE_INTERFACE_I/FIFO_EXISTS.TX_FIFO_II/xpm_fifo_instance.xpm_fifo_async_inst/gnuram_async_fifo.xpm_fifo_base_inst/gen_cdc_pntr.rd_pntr_cdc_dc_inst'
INFO: [Vivado 12-3272] Current instance is the top level cell 'DEMO_i/axi_quad_spi_1/U0/NO_DUAL_QUAD_MODE.QSPI_NORMAL/QSPI_LEGACY_MD_GEN.QSPI_CORE_INTERFACE_I/FIFO_EXISTS.TX_FIFO_II/xpm_fifo_instance.xpm_fifo_async_inst/gnuram_async_fifo.xpm_fifo_base_inst/gen_cdc_pntr.rd_pntr_cdc_dc_inst' of design 'design_1' [C:/Xilinx/Vivado/2020.1/data/ip/xpm/xpm_cdc/tcl/xpm_cdc_gray.tcl:16]
WARNING: [XPM_CDC_GRAY: TCL-1000] The source and destination clocks are the same. 
     Instance: DEMO_i/axi_quad_spi_1/U0/NO_DUAL_QUAD_MODE.QSPI_NORMAL/QSPI_LEGACY_MD_GEN.QSPI_CORE_INTERFACE_I/FIFO_EXISTS.TX_FIFO_II/xpm_fifo_instance.xpm_fifo_async_inst/gnuram_async_fifo.xpm_fifo_base_inst/gen_cdc_pntr.rd_pntr_cdc_dc_inst 
  This will add unnecessary latency to the design. Please check the design for the following: 
 1) Manually instantiated XPM_CDC modules: Xilinx recommends that you remove these modules. 
 2) Xilinx IP that contains XPM_CDC modules: Verify the connections to the IP to determine whether you can safely ignore this message.
 [C:/Xilinx/Vivado/2020.1/data/ip/xpm/xpm_cdc/tcl/xpm_cdc_gray.tcl:16]
Finished Sourcing Tcl File [C:/Xilinx/Vivado/2020.1/data/ip/xpm/xpm_cdc/tcl/xpm_cdc_gray.tcl] for cell 'DEMO_i/axi_quad_spi_1/U0/NO_DUAL_QUAD_MODE.QSPI_NORMAL/QSPI_LEGACY_MD_GEN.QSPI_CORE_INTERFACE_I/FIFO_EXISTS.TX_FIFO_II/xpm_fifo_instance.xpm_fifo_async_inst/gnuram_async_fifo.xpm_fifo_base_inst/gen_cdc_pntr.rd_pntr_cdc_dc_inst'
Sourcing Tcl File [C:/Xilinx/Vivado/2020.1/data/ip/xpm/xpm_cdc/tcl/xpm_cdc_sync_rst.tcl] for cell 'DEMO_i/axi_quad_spi_1/U0/NO_DUAL_QUAD_MODE.QSPI_NORMAL/QSPI_LEGACY_MD_GEN.QSPI_CORE_INTERFACE_I/FIFO_EXISTS.RX_FIFO_II/gnuram_async_fifo.xpm_fifo_base_inst/xpm_fifo_rst_inst/gen_rst_ic.rrst_wr_inst'
Finished Sourcing Tcl File [C:/Xilinx/Vivado/2020.1/data/ip/xpm/xpm_cdc/tcl/xpm_cdc_sync_rst.tcl] for cell 'DEMO_i/axi_quad_spi_1/U0/NO_DUAL_QUAD_MODE.QSPI_NORMAL/QSPI_LEGACY_MD_GEN.QSPI_CORE_INTERFACE_I/FIFO_EXISTS.RX_FIFO_II/gnuram_async_fifo.xpm_fifo_base_inst/xpm_fifo_rst_inst/gen_rst_ic.rrst_wr_inst'
Sourcing Tcl File [C:/Xilinx/Vivado/2020.1/data/ip/xpm/xpm_cdc/tcl/xpm_cdc_sync_rst.tcl] for cell 'DEMO_i/axi_quad_spi_0/U0/NO_DUAL_QUAD_MODE.QSPI_NORMAL/QSPI_LEGACY_MD_GEN.QSPI_CORE_INTERFACE_I/FIFO_EXISTS.RX_FIFO_II/gnuram_async_fifo.xpm_fifo_base_inst/xpm_fifo_rst_inst/gen_rst_ic.wrst_rd_inst'
Finished Sourcing Tcl File [C:/Xilinx/Vivado/2020.1/data/ip/xpm/xpm_cdc/tcl/xpm_cdc_sync_rst.tcl] for cell 'DEMO_i/axi_quad_spi_0/U0/NO_DUAL_QUAD_MODE.QSPI_NORMAL/QSPI_LEGACY_MD_GEN.QSPI_CORE_INTERFACE_I/FIFO_EXISTS.RX_FIFO_II/gnuram_async_fifo.xpm_fifo_base_inst/xpm_fifo_rst_inst/gen_rst_ic.wrst_rd_inst'
Sourcing Tcl File [C:/Xilinx/Vivado/2020.1/data/ip/xpm/xpm_cdc/tcl/xpm_cdc_sync_rst.tcl] for cell 'DEMO_i/axi_quad_spi_0/U0/NO_DUAL_QUAD_MODE.QSPI_NORMAL/QSPI_LEGACY_MD_GEN.QSPI_CORE_INTERFACE_I/FIFO_EXISTS.RX_FIFO_II/gnuram_async_fifo.xpm_fifo_base_inst/xpm_fifo_rst_inst/gen_rst_ic.rrst_wr_inst'
Finished Sourcing Tcl File [C:/Xilinx/Vivado/2020.1/data/ip/xpm/xpm_cdc/tcl/xpm_cdc_sync_rst.tcl] for cell 'DEMO_i/axi_quad_spi_0/U0/NO_DUAL_QUAD_MODE.QSPI_NORMAL/QSPI_LEGACY_MD_GEN.QSPI_CORE_INTERFACE_I/FIFO_EXISTS.RX_FIFO_II/gnuram_async_fifo.xpm_fifo_base_inst/xpm_fifo_rst_inst/gen_rst_ic.rrst_wr_inst'
Sourcing Tcl File [C:/Xilinx/Vivado/2020.1/data/ip/xpm/xpm_cdc/tcl/xpm_cdc_sync_rst.tcl] for cell 'DEMO_i/axi_quad_spi_1/U0/NO_DUAL_QUAD_MODE.QSPI_NORMAL/QSPI_LEGACY_MD_GEN.QSPI_CORE_INTERFACE_I/FIFO_EXISTS.TX_FIFO_II/xpm_fifo_instance.xpm_fifo_async_inst/gnuram_async_fifo.xpm_fifo_base_inst/xpm_fifo_rst_inst/gen_rst_ic.wrst_rd_inst'
Finished Sourcing Tcl File [C:/Xilinx/Vivado/2020.1/data/ip/xpm/xpm_cdc/tcl/xpm_cdc_sync_rst.tcl] for cell 'DEMO_i/axi_quad_spi_1/U0/NO_DUAL_QUAD_MODE.QSPI_NORMAL/QSPI_LEGACY_MD_GEN.QSPI_CORE_INTERFACE_I/FIFO_EXISTS.TX_FIFO_II/xpm_fifo_instance.xpm_fifo_async_inst/gnuram_async_fifo.xpm_fifo_base_inst/xpm_fifo_rst_inst/gen_rst_ic.wrst_rd_inst'
Sourcing Tcl File [C:/Xilinx/Vivado/2020.1/data/ip/xpm/xpm_cdc/tcl/xpm_cdc_sync_rst.tcl] for cell 'DEMO_i/axi_quad_spi_1/U0/NO_DUAL_QUAD_MODE.QSPI_NORMAL/QSPI_LEGACY_MD_GEN.QSPI_CORE_INTERFACE_I/FIFO_EXISTS.TX_FIFO_II/xpm_fifo_instance.xpm_fifo_async_inst/gnuram_async_fifo.xpm_fifo_base_inst/xpm_fifo_rst_inst/gen_rst_ic.rrst_wr_inst'
Finished Sourcing Tcl File [C:/Xilinx/Vivado/2020.1/data/ip/xpm/xpm_cdc/tcl/xpm_cdc_sync_rst.tcl] for cell 'DEMO_i/axi_quad_spi_1/U0/NO_DUAL_QUAD_MODE.QSPI_NORMAL/QSPI_LEGACY_MD_GEN.QSPI_CORE_INTERFACE_I/FIFO_EXISTS.TX_FIFO_II/xpm_fifo_instance.xpm_fifo_async_inst/gnuram_async_fifo.xpm_fifo_base_inst/xpm_fifo_rst_inst/gen_rst_ic.rrst_wr_inst'
Sourcing Tcl File [C:/Xilinx/Vivado/2020.1/data/ip/xpm/xpm_cdc/tcl/xpm_cdc_sync_rst.tcl] for cell 'DEMO_i/axi_quad_spi_1/U0/NO_DUAL_QUAD_MODE.QSPI_NORMAL/QSPI_LEGACY_MD_GEN.QSPI_CORE_INTERFACE_I/FIFO_EXISTS.RX_FIFO_II/gnuram_async_fifo.xpm_fifo_base_inst/xpm_fifo_rst_inst/gen_rst_ic.wrst_rd_inst'
Finished Sourcing Tcl File [C:/Xilinx/Vivado/2020.1/data/ip/xpm/xpm_cdc/tcl/xpm_cdc_sync_rst.tcl] for cell 'DEMO_i/axi_quad_spi_1/U0/NO_DUAL_QUAD_MODE.QSPI_NORMAL/QSPI_LEGACY_MD_GEN.QSPI_CORE_INTERFACE_I/FIFO_EXISTS.RX_FIFO_II/gnuram_async_fifo.xpm_fifo_base_inst/xpm_fifo_rst_inst/gen_rst_ic.wrst_rd_inst'
Sourcing Tcl File [C:/Xilinx/Vivado/2020.1/data/ip/xpm/xpm_cdc/tcl/xpm_cdc_sync_rst.tcl] for cell 'DEMO_i/axi_quad_spi_0/U0/NO_DUAL_QUAD_MODE.QSPI_NORMAL/QSPI_LEGACY_MD_GEN.QSPI_CORE_INTERFACE_I/FIFO_EXISTS.TX_FIFO_II/xpm_fifo_instance.xpm_fifo_async_inst/gnuram_async_fifo.xpm_fifo_base_inst/xpm_fifo_rst_inst/gen_rst_ic.wrst_rd_inst'
Finished Sourcing Tcl File [C:/Xilinx/Vivado/2020.1/data/ip/xpm/xpm_cdc/tcl/xpm_cdc_sync_rst.tcl] for cell 'DEMO_i/axi_quad_spi_0/U0/NO_DUAL_QUAD_MODE.QSPI_NORMAL/QSPI_LEGACY_MD_GEN.QSPI_CORE_INTERFACE_I/FIFO_EXISTS.TX_FIFO_II/xpm_fifo_instance.xpm_fifo_async_inst/gnuram_async_fifo.xpm_fifo_base_inst/xpm_fifo_rst_inst/gen_rst_ic.wrst_rd_inst'
Sourcing Tcl File [C:/Xilinx/Vivado/2020.1/data/ip/xpm/xpm_cdc/tcl/xpm_cdc_sync_rst.tcl] for cell 'DEMO_i/axi_quad_spi_0/U0/NO_DUAL_QUAD_MODE.QSPI_NORMAL/QSPI_LEGACY_MD_GEN.QSPI_CORE_INTERFACE_I/FIFO_EXISTS.TX_FIFO_II/xpm_fifo_instance.xpm_fifo_async_inst/gnuram_async_fifo.xpm_fifo_base_inst/xpm_fifo_rst_inst/gen_rst_ic.rrst_wr_inst'
Finished Sourcing Tcl File [C:/Xilinx/Vivado/2020.1/data/ip/xpm/xpm_cdc/tcl/xpm_cdc_sync_rst.tcl] for cell 'DEMO_i/axi_quad_spi_0/U0/NO_DUAL_QUAD_MODE.QSPI_NORMAL/QSPI_LEGACY_MD_GEN.QSPI_CORE_INTERFACE_I/FIFO_EXISTS.TX_FIFO_II/xpm_fifo_instance.xpm_fifo_async_inst/gnuram_async_fifo.xpm_fifo_base_inst/xpm_fifo_rst_inst/gen_rst_ic.rrst_wr_inst'
Sourcing Tcl File [C:/Xilinx/Vivado/2020.1/data/ip/xpm/xpm_fifo/tcl/xpm_fifo_rst.tcl] for cell 'DEMO_i/axi_quad_spi_0/U0/NO_DUAL_QUAD_MODE.QSPI_NORMAL/QSPI_LEGACY_MD_GEN.QSPI_CORE_INTERFACE_I/FIFO_EXISTS.RX_FIFO_II'
Finished Sourcing Tcl File [C:/Xilinx/Vivado/2020.1/data/ip/xpm/xpm_fifo/tcl/xpm_fifo_rst.tcl] for cell 'DEMO_i/axi_quad_spi_0/U0/NO_DUAL_QUAD_MODE.QSPI_NORMAL/QSPI_LEGACY_MD_GEN.QSPI_CORE_INTERFACE_I/FIFO_EXISTS.RX_FIFO_II'
Sourcing Tcl File [C:/Xilinx/Vivado/2020.1/data/ip/xpm/xpm_fifo/tcl/xpm_fifo_rst.tcl] for cell 'DEMO_i/axi_quad_spi_0/U0/NO_DUAL_QUAD_MODE.QSPI_NORMAL/QSPI_LEGACY_MD_GEN.QSPI_CORE_INTERFACE_I/FIFO_EXISTS.TX_FIFO_II/xpm_fifo_instance.xpm_fifo_async_inst'
Finished Sourcing Tcl File [C:/Xilinx/Vivado/2020.1/data/ip/xpm/xpm_fifo/tcl/xpm_fifo_rst.tcl] for cell 'DEMO_i/axi_quad_spi_0/U0/NO_DUAL_QUAD_MODE.QSPI_NORMAL/QSPI_LEGACY_MD_GEN.QSPI_CORE_INTERFACE_I/FIFO_EXISTS.TX_FIFO_II/xpm_fifo_instance.xpm_fifo_async_inst'
Sourcing Tcl File [C:/Xilinx/Vivado/2020.1/data/ip/xpm/xpm_fifo/tcl/xpm_fifo_rst.tcl] for cell 'DEMO_i/axi_quad_spi_1/U0/NO_DUAL_QUAD_MODE.QSPI_NORMAL/QSPI_LEGACY_MD_GEN.QSPI_CORE_INTERFACE_I/FIFO_EXISTS.RX_FIFO_II'
Finished Sourcing Tcl File [C:/Xilinx/Vivado/2020.1/data/ip/xpm/xpm_fifo/tcl/xpm_fifo_rst.tcl] for cell 'DEMO_i/axi_quad_spi_1/U0/NO_DUAL_QUAD_MODE.QSPI_NORMAL/QSPI_LEGACY_MD_GEN.QSPI_CORE_INTERFACE_I/FIFO_EXISTS.RX_FIFO_II'
Sourcing Tcl File [C:/Xilinx/Vivado/2020.1/data/ip/xpm/xpm_fifo/tcl/xpm_fifo_rst.tcl] for cell 'DEMO_i/axi_quad_spi_1/U0/NO_DUAL_QUAD_MODE.QSPI_NORMAL/QSPI_LEGACY_MD_GEN.QSPI_CORE_INTERFACE_I/FIFO_EXISTS.TX_FIFO_II/xpm_fifo_instance.xpm_fifo_async_inst'
Finished Sourcing Tcl File [C:/Xilinx/Vivado/2020.1/data/ip/xpm/xpm_fifo/tcl/xpm_fifo_rst.tcl] for cell 'DEMO_i/axi_quad_spi_1/U0/NO_DUAL_QUAD_MODE.QSPI_NORMAL/QSPI_LEGACY_MD_GEN.QSPI_CORE_INTERFACE_I/FIFO_EXISTS.TX_FIFO_II/xpm_fifo_instance.xpm_fifo_async_inst'
Sourcing Tcl File [C:/Xilinx/Vivado/2020.1/data/ip/xpm/xpm_memory/tcl/xpm_memory_xdc.tcl] for cell 'DEMO_i/axi_smc/inst/s00_nodes/s00_ar_node/inst/inst_mi_handler/gen_normal_area.inst_fifo_node_payld/gen_xpm_memory_fifo.inst_fifo/gen_mem_rep[0].inst_xpm_memory'
Finished Sourcing Tcl File [C:/Xilinx/Vivado/2020.1/data/ip/xpm/xpm_memory/tcl/xpm_memory_xdc.tcl] for cell 'DEMO_i/axi_smc/inst/s00_nodes/s00_ar_node/inst/inst_mi_handler/gen_normal_area.inst_fifo_node_payld/gen_xpm_memory_fifo.inst_fifo/gen_mem_rep[0].inst_xpm_memory'
Sourcing Tcl File [C:/Xilinx/Vivado/2020.1/data/ip/xpm/xpm_memory/tcl/xpm_memory_xdc.tcl] for cell 'DEMO_i/axi_smc/inst/s00_nodes/s00_aw_node/inst/inst_mi_handler/gen_normal_area.inst_fifo_node_payld/gen_xpm_memory_fifo.inst_fifo/gen_mem_rep[0].inst_xpm_memory'
Finished Sourcing Tcl File [C:/Xilinx/Vivado/2020.1/data/ip/xpm/xpm_memory/tcl/xpm_memory_xdc.tcl] for cell 'DEMO_i/axi_smc/inst/s00_nodes/s00_aw_node/inst/inst_mi_handler/gen_normal_area.inst_fifo_node_payld/gen_xpm_memory_fifo.inst_fifo/gen_mem_rep[0].inst_xpm_memory'
Sourcing Tcl File [C:/Xilinx/Vivado/2020.1/data/ip/xpm/xpm_memory/tcl/xpm_memory_xdc.tcl] for cell 'DEMO_i/axi_smc_1/inst/s00_nodes/s00_b_node/inst/inst_mi_handler/gen_normal_area.inst_fifo_node_payld/gen_xpm_memory_fifo.inst_fifo/gen_mem_rep[0].inst_xpm_memory'
Finished Sourcing Tcl File [C:/Xilinx/Vivado/2020.1/data/ip/xpm/xpm_memory/tcl/xpm_memory_xdc.tcl] for cell 'DEMO_i/axi_smc_1/inst/s00_nodes/s00_b_node/inst/inst_mi_handler/gen_normal_area.inst_fifo_node_payld/gen_xpm_memory_fifo.inst_fifo/gen_mem_rep[0].inst_xpm_memory'
Sourcing Tcl File [C:/Xilinx/Vivado/2020.1/data/ip/xpm/xpm_memory/tcl/xpm_memory_xdc.tcl] for cell 'DEMO_i/axi_smc/inst/s00_nodes/s00_b_node/inst/inst_mi_handler/gen_normal_area.inst_fifo_node_payld/gen_xpm_memory_fifo.inst_fifo/gen_mem_rep[0].inst_xpm_memory'
Finished Sourcing Tcl File [C:/Xilinx/Vivado/2020.1/data/ip/xpm/xpm_memory/tcl/xpm_memory_xdc.tcl] for cell 'DEMO_i/axi_smc/inst/s00_nodes/s00_b_node/inst/inst_mi_handler/gen_normal_area.inst_fifo_node_payld/gen_xpm_memory_fifo.inst_fifo/gen_mem_rep[0].inst_xpm_memory'
Sourcing Tcl File [C:/Xilinx/Vivado/2020.1/data/ip/xpm/xpm_memory/tcl/xpm_memory_xdc.tcl] for cell 'DEMO_i/axi_smc_1/inst/s00_nodes/s00_r_node/inst/inst_mi_handler/gen_normal_area.inst_fifo_node_payld/gen_xpm_memory_fifo.inst_fifo/gen_mem_rep[0].inst_xpm_memory'
Finished Sourcing Tcl File [C:/Xilinx/Vivado/2020.1/data/ip/xpm/xpm_memory/tcl/xpm_memory_xdc.tcl] for cell 'DEMO_i/axi_smc_1/inst/s00_nodes/s00_r_node/inst/inst_mi_handler/gen_normal_area.inst_fifo_node_payld/gen_xpm_memory_fifo.inst_fifo/gen_mem_rep[0].inst_xpm_memory'
Sourcing Tcl File [C:/Xilinx/Vivado/2020.1/data/ip/xpm/xpm_memory/tcl/xpm_memory_xdc.tcl] for cell 'DEMO_i/axi_smc/inst/s00_nodes/s00_r_node/inst/inst_mi_handler/gen_normal_area.inst_fifo_node_payld/gen_xpm_memory_fifo.inst_fifo/gen_mem_rep[0].inst_xpm_memory'
Finished Sourcing Tcl File [C:/Xilinx/Vivado/2020.1/data/ip/xpm/xpm_memory/tcl/xpm_memory_xdc.tcl] for cell 'DEMO_i/axi_smc/inst/s00_nodes/s00_r_node/inst/inst_mi_handler/gen_normal_area.inst_fifo_node_payld/gen_xpm_memory_fifo.inst_fifo/gen_mem_rep[0].inst_xpm_memory'
Sourcing Tcl File [C:/Xilinx/Vivado/2020.1/data/ip/xpm/xpm_memory/tcl/xpm_memory_xdc.tcl] for cell 'DEMO_i/axi_smc_1/inst/s00_nodes/s00_w_node/inst/inst_mi_handler/gen_normal_area.inst_fifo_node_payld/gen_xpm_memory_fifo.inst_fifo/gen_mem_rep[0].inst_xpm_memory'
Finished Sourcing Tcl File [C:/Xilinx/Vivado/2020.1/data/ip/xpm/xpm_memory/tcl/xpm_memory_xdc.tcl] for cell 'DEMO_i/axi_smc_1/inst/s00_nodes/s00_w_node/inst/inst_mi_handler/gen_normal_area.inst_fifo_node_payld/gen_xpm_memory_fifo.inst_fifo/gen_mem_rep[0].inst_xpm_memory'
Sourcing Tcl File [C:/Xilinx/Vivado/2020.1/data/ip/xpm/xpm_memory/tcl/xpm_memory_xdc.tcl] for cell 'DEMO_i/axi_smc/inst/s00_nodes/s00_w_node/inst/inst_mi_handler/gen_normal_area.inst_fifo_node_payld/gen_xpm_memory_fifo.inst_fifo/gen_mem_rep[0].inst_xpm_memory'
Finished Sourcing Tcl File [C:/Xilinx/Vivado/2020.1/data/ip/xpm/xpm_memory/tcl/xpm_memory_xdc.tcl] for cell 'DEMO_i/axi_smc/inst/s00_nodes/s00_w_node/inst/inst_mi_handler/gen_normal_area.inst_fifo_node_payld/gen_xpm_memory_fifo.inst_fifo/gen_mem_rep[0].inst_xpm_memory'
Sourcing Tcl File [C:/Xilinx/Vivado/2020.1/data/ip/xpm/xpm_memory/tcl/xpm_memory_xdc.tcl] for cell 'DEMO_i/axi_smc_1/inst/s00_nodes/s00_ar_node/inst/inst_mi_handler/gen_normal_area.inst_fifo_node_payld/gen_xpm_memory_fifo.inst_fifo/gen_mem_rep[0].inst_xpm_memory'
Finished Sourcing Tcl File [C:/Xilinx/Vivado/2020.1/data/ip/xpm/xpm_memory/tcl/xpm_memory_xdc.tcl] for cell 'DEMO_i/axi_smc_1/inst/s00_nodes/s00_ar_node/inst/inst_mi_handler/gen_normal_area.inst_fifo_node_payld/gen_xpm_memory_fifo.inst_fifo/gen_mem_rep[0].inst_xpm_memory'
Sourcing Tcl File [C:/Xilinx/Vivado/2020.1/data/ip/xpm/xpm_memory/tcl/xpm_memory_xdc.tcl] for cell 'DEMO_i/axi_smc_1/inst/s00_nodes/s00_aw_node/inst/inst_mi_handler/gen_normal_area.inst_fifo_node_payld/gen_xpm_memory_fifo.inst_fifo/gen_mem_rep[0].inst_xpm_memory'
Finished Sourcing Tcl File [C:/Xilinx/Vivado/2020.1/data/ip/xpm/xpm_memory/tcl/xpm_memory_xdc.tcl] for cell 'DEMO_i/axi_smc_1/inst/s00_nodes/s00_aw_node/inst/inst_mi_handler/gen_normal_area.inst_fifo_node_payld/gen_xpm_memory_fifo.inst_fifo/gen_mem_rep[0].inst_xpm_memory'
Sourcing Tcl File [C:/Xilinx/Vivado/2020.1/data/ip/xpm/xpm_memory/tcl/xpm_memory_xdc.tcl] for cell 'DEMO_i/axi_traffic_gen_1/inst/ATG_MODE_AXI_BASIC_FULL.basic_n_full_top/ATG_PARARAM_INST_YES.paramram_blk/PARAMRAM_ON_1.paramram/ram0/MEM_INFER_BLK_MEM.inst/proc_bmg/xpm_mem.xpm_tdpram_mem.xpm_memory_tdpram_inst'
Finished Sourcing Tcl File [C:/Xilinx/Vivado/2020.1/data/ip/xpm/xpm_memory/tcl/xpm_memory_xdc.tcl] for cell 'DEMO_i/axi_traffic_gen_1/inst/ATG_MODE_AXI_BASIC_FULL.basic_n_full_top/ATG_PARARAM_INST_YES.paramram_blk/PARAMRAM_ON_1.paramram/ram0/MEM_INFER_BLK_MEM.inst/proc_bmg/xpm_mem.xpm_tdpram_mem.xpm_memory_tdpram_inst'
Sourcing Tcl File [C:/Xilinx/Vivado/2020.1/data/ip/xpm/xpm_memory/tcl/xpm_memory_xdc.tcl] for cell 'DEMO_i/axi_traffic_gen_1/inst/ATG_MODE_AXI_BASIC_FULL.basic_n_full_top/cmd_blk/Cmdram/cmd_ram0_3/MEM_INFER_BLK_MEM.inst/proc_bmg/xpm_mem.xpm_tdpram_mem.xpm_memory_tdpram_inst'
Finished Sourcing Tcl File [C:/Xilinx/Vivado/2020.1/data/ip/xpm/xpm_memory/tcl/xpm_memory_xdc.tcl] for cell 'DEMO_i/axi_traffic_gen_1/inst/ATG_MODE_AXI_BASIC_FULL.basic_n_full_top/cmd_blk/Cmdram/cmd_ram0_3/MEM_INFER_BLK_MEM.inst/proc_bmg/xpm_mem.xpm_tdpram_mem.xpm_memory_tdpram_inst'
Sourcing Tcl File [C:/Xilinx/Vivado/2020.1/data/ip/xpm/xpm_memory/tcl/xpm_memory_xdc.tcl] for cell 'DEMO_i/axi_traffic_gen_1/inst/ATG_MODE_AXI_BASIC_FULL.basic_n_full_top/sharedram_blk/sharedram/ram0/MEM_INFER_BLK_MEM.inst/proc_bmg/xpm_mem.xpm_tdpram_mem.xpm_memory_tdpram_inst'
Finished Sourcing Tcl File [C:/Xilinx/Vivado/2020.1/data/ip/xpm/xpm_memory/tcl/xpm_memory_xdc.tcl] for cell 'DEMO_i/axi_traffic_gen_1/inst/ATG_MODE_AXI_BASIC_FULL.basic_n_full_top/sharedram_blk/sharedram/ram0/MEM_INFER_BLK_MEM.inst/proc_bmg/xpm_mem.xpm_tdpram_mem.xpm_memory_tdpram_inst'
INFO: [Opt 31-138] Pushed 0 inverter(s) to 0 load pin(s).
WARNING: [Constraints 18-5572] Instance DEMO_i/axi_quad_spi_0/U0/NO_DUAL_QUAD_MODE.QSPI_NORMAL/IO0_I_REG has IOB constraint set, However, the instance does not seem to have valid I/O connection to be placed into I/O. The constraint on the instance will be ignored.
WARNING: [Constraints 18-5572] Instance DEMO_i/axi_quad_spi_0/U0/NO_DUAL_QUAD_MODE.QSPI_NORMAL/IO1_I_REG has IOB constraint set, However, the instance does not seem to have valid I/O connection to be placed into I/O. The constraint on the instance will be ignored.
Netlist sorting complete. Time (s): cpu = 00:00:00 ; elapsed = 00:00:00.021 . Memory (MB): peak = 1671.734 ; gain = 0.000
INFO: [Project 1-111] Unisim Transformation Summary:
  A total of 493 instances were transformed.
  CFGLUT5 => CFGLUT5 (SRL16E, SRLC32E): 56 instances
  IOBUF => IOBUF (IBUF, OBUFT): 6 instances
  RAM32M => RAM32M (RAMD32(x6), RAMS32(x2)): 315 instances
  RAM64X1S => RAM64X1S (RAMS64E): 116 instances

29 Infos, 22 Warnings, 2 Critical Warnings and 0 Errors encountered.
link_design completed successfully
link_design: Time (s): cpu = 00:00:42 ; elapsed = 00:00:49 . Memory (MB): peak = 1671.734 ; gain = 609.156
Command: opt_design
Attempting to get a license for feature 'Implementation' and/or device 'xc7z010'
INFO: [Common 17-349] Got license for feature 'Implementation' and/or device 'xc7z010'
Running DRC as a precondition to command opt_design

Starting DRC Task
INFO: [DRC 23-27] Running DRC with 2 threads
INFO: [Project 1-461] DRC finished with 0 Errors
INFO: [Project 1-462] Please refer to the DRC report (report_drc) for more information.

Time (s): cpu = 00:00:04 ; elapsed = 00:00:03 . Memory (MB): peak = 1671.734 ; gain = 0.000

Starting Cache Timing Information Task
INFO: [Timing 38-35] Done setting XDC timing constraints.
Ending Cache Timing Information Task | Checksum: 13c570ca4

Time (s): cpu = 00:00:04 ; elapsed = 00:00:02 . Memory (MB): peak = 1671.734 ; gain = 0.000

Starting Logic Optimization Task

Phase 1 Generate And Synthesize Debug Cores
INFO: [Chipscope 16-329] Generating Script for core instance : dbg_hub 
INFO: [IP_Flow 19-3806] Processing IP xilinx.com:ip:xsdbm:3.0 for cell dbg_hub_CV.
INFO: [Chipscope 16-469] Using cached IP synthesis design for IP xilinx.com:ip:xsdbm:3.0, cache-ID = 9341377313a55c87.
Netlist sorting complete. Time (s): cpu = 00:00:00 ; elapsed = 00:00:00.088 . Memory (MB): peak = 1887.266 ; gain = 0.000
Phase 1 Generate And Synthesize Debug Cores | Checksum: 15a87803f

Time (s): cpu = 00:00:07 ; elapsed = 00:00:29 . Memory (MB): peak = 1887.266 ; gain = 44.082

Phase 2 Retarget
INFO: [Opt 31-138] Pushed 22 inverter(s) to 145 load pin(s).
INFO: [Opt 31-49] Retargeted 0 cell(s).
Phase 2 Retarget | Checksum: 14c03c0ca

Time (s): cpu = 00:00:12 ; elapsed = 00:00:33 . Memory (MB): peak = 1887.266 ; gain = 44.082
INFO: [Opt 31-389] Phase Retarget created 396 cells and removed 810 cells
INFO: [Opt 31-1021] In phase Retarget, 94 netlist objects are constrained preventing optimization. Please run opt_design with -debug_log to get more detail. 

Phase 3 Constant propagation
INFO: [Opt 31-138] Pushed 2 inverter(s) to 2 load pin(s).
Phase 3 Constant propagation | Checksum: 194b36ba5

Time (s): cpu = 00:00:12 ; elapsed = 00:00:34 . Memory (MB): peak = 1887.266 ; gain = 44.082
INFO: [Opt 31-389] Phase Constant propagation created 51 cells and removed 282 cells
INFO: [Opt 31-1021] In phase Constant propagation, 89 netlist objects are constrained preventing optimization. Please run opt_design with -debug_log to get more detail. 

Phase 4 Sweep
Phase 4 Sweep | Checksum: 11e070ed7

Time (s): cpu = 00:00:18 ; elapsed = 00:00:39 . Memory (MB): peak = 1887.266 ; gain = 44.082
INFO: [Opt 31-389] Phase Sweep created 0 cells and removed 2331 cells
INFO: [Opt 31-1021] In phase Sweep, 1865 netlist objects are constrained preventing optimization. Please run opt_design with -debug_log to get more detail. 

Phase 5 BUFG optimization
Phase 5 BUFG optimization | Checksum: 11e070ed7

Time (s): cpu = 00:00:19 ; elapsed = 00:00:40 . Memory (MB): peak = 1887.266 ; gain = 44.082
INFO: [Opt 31-662] Phase BUFG optimization created 0 cells of which 0 are BUFGs and removed 0 cells.

Phase 6 Shift Register Optimization
INFO: [Opt 31-1064] SRL Remap converted 0 SRLs to 0 registers and converted 0 registers of register chains to 0 SRLs
Phase 6 Shift Register Optimization | Checksum: 11e070ed7

Time (s): cpu = 00:00:20 ; elapsed = 00:00:41 . Memory (MB): peak = 1887.266 ; gain = 44.082
INFO: [Opt 31-389] Phase Shift Register Optimization created 0 cells and removed 0 cells

Phase 7 Post Processing Netlist
Phase 7 Post Processing Netlist | Checksum: 11e070ed7

Time (s): cpu = 00:00:21 ; elapsed = 00:00:42 . Memory (MB): peak = 1887.266 ; gain = 44.082
INFO: [Opt 31-389] Phase Post Processing Netlist created 0 cells and removed 0 cells
INFO: [Opt 31-1021] In phase Post Processing Netlist, 88 netlist objects are constrained preventing optimization. Please run opt_design with -debug_log to get more detail. 
Opt_design Change Summary
=========================


-------------------------------------------------------------------------------------------------------------------------
|  Phase                        |  #Cells created  |  #Cells Removed  |  #Constrained objects preventing optimizations  |
-------------------------------------------------------------------------------------------------------------------------
|  Retarget                     |             396  |             810  |                                             94  |
|  Constant propagation         |              51  |             282  |                                             89  |
|  Sweep                        |               0  |            2331  |                                           1865  |
|  BUFG optimization            |               0  |               0  |                                              0  |
|  Shift Register Optimization  |               0  |               0  |                                              0  |
|  Post Processing Netlist      |               0  |               0  |                                             88  |
-------------------------------------------------------------------------------------------------------------------------



Starting Connectivity Check Task

Time (s): cpu = 00:00:00 ; elapsed = 00:00:00.125 . Memory (MB): peak = 1887.266 ; gain = 0.000
Ending Logic Optimization Task | Checksum: 107f63c0b

Time (s): cpu = 00:00:22 ; elapsed = 00:00:43 . Memory (MB): peak = 1887.266 ; gain = 44.082

Starting Power Optimization Task
INFO: [Pwropt 34-132] Skipping clock gating for clocks with a period < 2.00 ns.
INFO: [Pwropt 34-9] Applying IDT optimizations ...
INFO: [Pwropt 34-10] Applying ODC optimizations ...
INFO: [Timing 38-35] Done setting XDC timing constraints.
Running Vector-less Activity Propagation...

Finished Running Vector-less Activity Propagation


Starting PowerOpt Patch Enables Task
INFO: [Pwropt 34-162] WRITE_MODE attribute of 0 BRAM(s) out of a total of 12 has been updated to save power. Run report_power_opt to get a complete listing of the BRAMs updated.
INFO: [Pwropt 34-201] Structural ODC has moved 0 WE to EN ports
Number of BRAM Ports augmented: 1 newly gated: 6 Total Ports: 24
Ending PowerOpt Patch Enables Task | Checksum: 10c3618bc

Time (s): cpu = 00:00:00 ; elapsed = 00:00:00.276 . Memory (MB): peak = 2122.582 ; gain = 0.000
Ending Power Optimization Task | Checksum: 10c3618bc

Time (s): cpu = 00:00:18 ; elapsed = 00:00:11 . Memory (MB): peak = 2122.582 ; gain = 235.316

Starting Final Cleanup Task

Starting Logic Optimization Task
INFO: [Timing 38-35] Done setting XDC timing constraints.
Ending Logic Optimization Task | Checksum: fdd4b4cb

Time (s): cpu = 00:00:09 ; elapsed = 00:00:06 . Memory (MB): peak = 2122.582 ; gain = 0.000
Ending Final Cleanup Task | Checksum: fdd4b4cb

Time (s): cpu = 00:00:12 ; elapsed = 00:00:10 . Memory (MB): peak = 2122.582 ; gain = 0.000

Starting Netlist Obfuscation Task
Netlist sorting complete. Time (s): cpu = 00:00:00 ; elapsed = 00:00:00.028 . Memory (MB): peak = 2122.582 ; gain = 0.000
Ending Netlist Obfuscation Task | Checksum: fdd4b4cb

Time (s): cpu = 00:00:00 ; elapsed = 00:00:00.028 . Memory (MB): peak = 2122.582 ; gain = 0.000
INFO: [Common 17-83] Releasing license: Implementation
62 Infos, 22 Warnings, 2 Critical Warnings and 0 Errors encountered.
opt_design completed successfully
opt_design: Time (s): cpu = 00:01:04 ; elapsed = 00:01:13 . Memory (MB): peak = 2122.582 ; gain = 450.848
INFO: [Timing 38-35] Done setting XDC timing constraints.
INFO: [Timing 38-480] Writing timing data to binary archive.
Writing placer database...
Writing XDEF routing.
Writing XDEF routing logical nets.
Writing XDEF routing special nets.
Write XDEF Complete: Time (s): cpu = 00:00:01 ; elapsed = 00:00:00.151 . Memory (MB): peak = 2122.582 ; gain = 0.000
INFO: [Common 17-1381] The checkpoint 'C:/Users/linnh/Sep-repository-2/Avancefinal/Avancefinal.runs/impl_1/DEMO_wrapper_opt.dcp' has been generated.
write_checkpoint: Time (s): cpu = 00:00:23 ; elapsed = 00:00:15 . Memory (MB): peak = 2122.582 ; gain = 0.000
INFO: [runtcl-4] Executing : report_drc -file DEMO_wrapper_drc_opted.rpt -pb DEMO_wrapper_drc_opted.pb -rpx DEMO_wrapper_drc_opted.rpx
Command: report_drc -file DEMO_wrapper_drc_opted.rpt -pb DEMO_wrapper_drc_opted.pb -rpx DEMO_wrapper_drc_opted.rpx
INFO: [IP_Flow 19-1839] IP Catalog is up to date.
INFO: [DRC 23-27] Running DRC with 2 threads
INFO: [Coretcl 2-168] The results of DRC are in file C:/Users/linnh/Sep-repository-2/Avancefinal/Avancefinal.runs/impl_1/DEMO_wrapper_drc_opted.rpt.
report_drc completed successfully
report_drc: Time (s): cpu = 00:00:11 ; elapsed = 00:00:06 . Memory (MB): peak = 2122.582 ; gain = 0.000
INFO: [Chipscope 16-240] Debug cores have already been implemented
Command: place_design
Attempting to get a license for feature 'Implementation' and/or device 'xc7z010'
INFO: [Common 17-349] Got license for feature 'Implementation' and/or device 'xc7z010'
INFO: [DRC 23-27] Running DRC with 2 threads
INFO: [Vivado_Tcl 4-198] DRC finished with 0 Errors
INFO: [Vivado_Tcl 4-199] Please refer to the DRC report (report_drc) for more information.
Running DRC as a precondition to command place_design
INFO: [DRC 23-27] Running DRC with 2 threads
INFO: [Vivado_Tcl 4-198] DRC finished with 0 Errors
INFO: [Vivado_Tcl 4-199] Please refer to the DRC report (report_drc) for more information.

Starting Placer Task
INFO: [Place 30-611] Multithreading enabled for place_design using a maximum of 2 CPUs

Phase 1 Placer Initialization

Phase 1.1 Placer Initialization Netlist Sorting
Netlist sorting complete. Time (s): cpu = 00:00:00 ; elapsed = 00:00:00.036 . Memory (MB): peak = 2122.582 ; gain = 0.000
Phase 1.1 Placer Initialization Netlist Sorting | Checksum: 9a078592

Time (s): cpu = 00:00:00 ; elapsed = 00:00:00.075 . Memory (MB): peak = 2122.582 ; gain = 0.000
Netlist sorting complete. Time (s): cpu = 00:00:00 ; elapsed = 00:00:00.031 . Memory (MB): peak = 2122.582 ; gain = 0.000

Phase 1.2 IO Placement/ Clock Placement/ Build Placer Device
Phase 1.2 IO Placement/ Clock Placement/ Build Placer Device | Checksum: 1065c23ec

Time (s): cpu = 00:00:07 ; elapsed = 00:00:06 . Memory (MB): peak = 2122.582 ; gain = 0.000

Phase 1.3 Build Placer Netlist Model
Phase 1.3 Build Placer Netlist Model | Checksum: 19f08c162

Time (s): cpu = 00:00:27 ; elapsed = 00:00:20 . Memory (MB): peak = 2122.582 ; gain = 0.000

Phase 1.4 Constrain Clocks/Macros
Phase 1.4 Constrain Clocks/Macros | Checksum: 19f08c162

Time (s): cpu = 00:00:27 ; elapsed = 00:00:20 . Memory (MB): peak = 2122.582 ; gain = 0.000
Phase 1 Placer Initialization | Checksum: 19f08c162

Time (s): cpu = 00:00:27 ; elapsed = 00:00:20 . Memory (MB): peak = 2122.582 ; gain = 0.000

Phase 2 Global Placement

Phase 2.1 Floorplanning
Phase 2.1 Floorplanning | Checksum: 1941f6484

Time (s): cpu = 00:00:33 ; elapsed = 00:00:24 . Memory (MB): peak = 2122.582 ; gain = 0.000

Phase 2.2 Global Placement Core

Phase 2.2.1 Physical Synthesis In Placer
INFO: [Physopt 32-1035] Found 14 LUTNM shape to break, 815 LUT instances to create LUTNM shape
INFO: [Physopt 32-1044] Break lutnm for timing: one critical 8, two critical 6, total 14, new lutff created 1
INFO: [Physopt 32-775] End 1 Pass. Optimized 330 nets or cells. Created 14 new cells, deleted 316 existing cells and moved 0 existing cell
INFO: [Physopt 32-76] Pass 1. Identified 1 candidate net for fanout optimization.
INFO: [Physopt 32-81] Processed net DEMO_i/rgb_rainbow_0/U0/rgb_rainbow_v1_0_S00_AXI_inst/counter_rgb_reg_n_0_[0]. Replicated 6 times.
INFO: [Physopt 32-232] Optimized 1 net. Created 6 new instances.
INFO: [Physopt 32-775] End 1 Pass. Optimized 1 net or cell. Created 6 new cells, deleted 0 existing cell and moved 0 existing cell
Netlist sorting complete. Time (s): cpu = 00:00:00 ; elapsed = 00:00:00.104 . Memory (MB): peak = 2122.582 ; gain = 0.000
INFO: [Physopt 32-457] Pass 1. Identified 1 candidate cell for DSP register optimization.
INFO: [Physopt 32-665] Processed cell DEMO_i/BuzzerBooster_Driver_0/U0/BuzzerBooster_Driver_v1_0_S00_AXI_inst/duty_cycle3__1. 11 registers were pushed out.
INFO: [Physopt 32-775] End 2 Pass. Optimized 1 net or cell. Created 11 new cells, deleted 0 existing cell and moved 0 existing cell
Netlist sorting complete. Time (s): cpu = 00:00:00 ; elapsed = 00:00:00.075 . Memory (MB): peak = 2122.582 ; gain = 0.000
INFO: [Physopt 32-1123] No candidate cells found for Shift Register to Pipeline optimization
INFO: [Physopt 32-775] End 1 Pass. Optimized 0 net or cell. Created 0 new cell, deleted 0 existing cell and moved 0 existing cell
INFO: [Physopt 32-677] No candidate cells for Shift Register optimization found in the design
INFO: [Physopt 32-775] End 1 Pass. Optimized 0 net or cell. Created 0 new cell, deleted 0 existing cell and moved 0 existing cell
INFO: [Physopt 32-526] No candidate cells for BRAM register optimization found in the design
INFO: [Physopt 32-775] End 1 Pass. Optimized 0 net or cell. Created 0 new cell, deleted 0 existing cell and moved 0 existing cell
INFO: [Physopt 32-846] No candidate cells for URAM register optimization found in the design
INFO: [Physopt 32-775] End 2 Pass. Optimized 0 net or cell. Created 0 new cell, deleted 0 existing cell and moved 0 existing cell
INFO: [Physopt 32-949] No candidate nets found for HD net replication
INFO: [Physopt 32-775] End 1 Pass. Optimized 0 net or cell. Created 0 new cell, deleted 0 existing cell and moved 0 existing cell
Netlist sorting complete. Time (s): cpu = 00:00:00 ; elapsed = 00:00:00.036 . Memory (MB): peak = 2122.582 ; gain = 0.000

Summary of Physical Synthesis Optimizations
============================================


-----------------------------------------------------------------------------------------------------------------------------------------------------------
|  Optimization                                     |  Added Cells  |  Removed Cells  |  Optimized Cells/Nets  |  Dont Touch  |  Iterations  |  Elapsed   |
-----------------------------------------------------------------------------------------------------------------------------------------------------------
|  LUT Combining                                    |           14  |            316  |                   330  |           0  |           1  |  00:00:02  |
|  Very High Fanout                                 |            6  |              0  |                     1  |           0  |           1  |  00:00:01  |
|  DSP Register                                     |           11  |              0  |                     1  |           0  |           1  |  00:00:00  |
|  Shift Register to Pipeline                       |            0  |              0  |                     0  |           0  |           1  |  00:00:00  |
|  Shift Register                                   |            0  |              0  |                     0  |           0  |           1  |  00:00:00  |
|  BRAM Register                                    |            0  |              0  |                     0  |           0  |           1  |  00:00:00  |
|  URAM Register                                    |            0  |              0  |                     0  |           0  |           1  |  00:00:00  |
|  Dynamic/Static Region Interface Net Replication  |            0  |              0  |                     0  |           0  |           1  |  00:00:00  |
|  Total                                            |           31  |            316  |                   332  |           0  |           8  |  00:00:03  |
-----------------------------------------------------------------------------------------------------------------------------------------------------------


Phase 2.2.1 Physical Synthesis In Placer | Checksum: 1c8c66ad1

Time (s): cpu = 00:01:42 ; elapsed = 00:01:10 . Memory (MB): peak = 2122.582 ; gain = 0.000
Phase 2.2 Global Placement Core | Checksum: d2261927

Time (s): cpu = 00:01:44 ; elapsed = 00:01:11 . Memory (MB): peak = 2122.582 ; gain = 0.000
Phase 2 Global Placement | Checksum: d2261927

Time (s): cpu = 00:01:44 ; elapsed = 00:01:11 . Memory (MB): peak = 2122.582 ; gain = 0.000

Phase 3 Detail Placement

Phase 3.1 Commit Multi Column Macros
Phase 3.1 Commit Multi Column Macros | Checksum: 1187ceaee

Time (s): cpu = 00:01:49 ; elapsed = 00:01:14 . Memory (MB): peak = 2122.582 ; gain = 0.000

Phase 3.2 Commit Most Macros & LUTRAMs
Phase 3.2 Commit Most Macros & LUTRAMs | Checksum: 5690c55b

Time (s): cpu = 00:01:59 ; elapsed = 00:01:21 . Memory (MB): peak = 2122.582 ; gain = 0.000

Phase 3.3 Area Swap Optimization
Phase 3.3 Area Swap Optimization | Checksum: 121572527

Time (s): cpu = 00:01:59 ; elapsed = 00:01:22 . Memory (MB): peak = 2122.582 ; gain = 0.000

Phase 3.4 Pipeline Register Optimization
Phase 3.4 Pipeline Register Optimization | Checksum: 104c4db81

Time (s): cpu = 00:01:59 ; elapsed = 00:01:22 . Memory (MB): peak = 2122.582 ; gain = 0.000

Phase 3.5 Fast Optimization
Phase 3.5 Fast Optimization | Checksum: 5094cbcb

Time (s): cpu = 00:02:09 ; elapsed = 00:01:30 . Memory (MB): peak = 2122.582 ; gain = 0.000

Phase 3.6 Small Shape Detail Placement
Phase 3.6 Small Shape Detail Placement | Checksum: 14b20aa94

Time (s): cpu = 00:02:38 ; elapsed = 00:02:05 . Memory (MB): peak = 2122.582 ; gain = 0.000

Phase 3.7 Re-assign LUT pins
Phase 3.7 Re-assign LUT pins | Checksum: 17a882548

Time (s): cpu = 00:02:41 ; elapsed = 00:02:10 . Memory (MB): peak = 2122.582 ; gain = 0.000

Phase 3.8 Pipeline Register Optimization
Phase 3.8 Pipeline Register Optimization | Checksum: 1c4dd0f68

Time (s): cpu = 00:02:42 ; elapsed = 00:02:10 . Memory (MB): peak = 2122.582 ; gain = 0.000

Phase 3.9 Fast Optimization
Phase 3.9 Fast Optimization | Checksum: 1c2a6ee33

Time (s): cpu = 00:02:58 ; elapsed = 00:02:23 . Memory (MB): peak = 2122.582 ; gain = 0.000
Phase 3 Detail Placement | Checksum: 1c2a6ee33

Time (s): cpu = 00:02:58 ; elapsed = 00:02:23 . Memory (MB): peak = 2122.582 ; gain = 0.000

Phase 4 Post Placement Optimization and Clean-Up

Phase 4.1 Post Commit Optimization
INFO: [Timing 38-35] Done setting XDC timing constraints.

Phase 4.1.1 Post Placement Optimization
Post Placement Optimization Initialization | Checksum: 245945c01

Phase 4.1.1.1 BUFG Insertion

Starting Physical Synthesis Task

Phase 1 Physical Synthesis Initialization
INFO: [Physopt 32-721] Multithreading enabled for phys_opt_design using a maximum of 2 CPUs
INFO: [Physopt 32-619] Estimated Timing Summary | WNS=-73.918 | TNS=-2905.126 |
Phase 1 Physical Synthesis Initialization | Checksum: 19b412578

Time (s): cpu = 00:00:04 ; elapsed = 00:00:03 . Memory (MB): peak = 2122.582 ; gain = 0.000
INFO: [Place 46-56] BUFG insertion identified 0 candidate nets. Inserted BUFG: 0, Replicated BUFG Driver: 0, Skipped due to Placement/Routing Conflicts: 0, Skipped due to Timing Degradation: 0, Skipped due to Illegal Netlist: 0.
Ending Physical Synthesis Task | Checksum: 1e5009f72

Time (s): cpu = 00:00:04 ; elapsed = 00:00:03 . Memory (MB): peak = 2122.582 ; gain = 0.000
Phase 4.1.1.1 BUFG Insertion | Checksum: 245945c01

Time (s): cpu = 00:03:21 ; elapsed = 00:02:39 . Memory (MB): peak = 2122.582 ; gain = 0.000
INFO: [Place 30-746] Post Placement Timing Summary WNS=-73.195. For the most accurate timing information please run report_timing.
Phase 4.1.1 Post Placement Optimization | Checksum: 239f855aa

Time (s): cpu = 00:03:58 ; elapsed = 00:03:16 . Memory (MB): peak = 2122.582 ; gain = 0.000
Phase 4.1 Post Commit Optimization | Checksum: 239f855aa

Time (s): cpu = 00:03:58 ; elapsed = 00:03:17 . Memory (MB): peak = 2122.582 ; gain = 0.000

Phase 4.2 Post Placement Cleanup
Phase 4.2 Post Placement Cleanup | Checksum: 239f855aa

Time (s): cpu = 00:03:59 ; elapsed = 00:03:17 . Memory (MB): peak = 2122.582 ; gain = 0.000

Phase 4.3 Placer Reporting
Phase 4.3 Placer Reporting | Checksum: 239f855aa

Time (s): cpu = 00:03:59 ; elapsed = 00:03:18 . Memory (MB): peak = 2122.582 ; gain = 0.000

Phase 4.4 Final Placement Cleanup
Netlist sorting complete. Time (s): cpu = 00:00:00 ; elapsed = 00:00:00.025 . Memory (MB): peak = 2122.582 ; gain = 0.000
Phase 4.4 Final Placement Cleanup | Checksum: 2868bb990

Time (s): cpu = 00:04:00 ; elapsed = 00:03:18 . Memory (MB): peak = 2122.582 ; gain = 0.000
Phase 4 Post Placement Optimization and Clean-Up | Checksum: 2868bb990

Time (s): cpu = 00:04:00 ; elapsed = 00:03:18 . Memory (MB): peak = 2122.582 ; gain = 0.000
Ending Placer Task | Checksum: 1926ad7b5

Time (s): cpu = 00:04:00 ; elapsed = 00:03:18 . Memory (MB): peak = 2122.582 ; gain = 0.000
INFO: [Common 17-83] Releasing license: Implementation
104 Infos, 22 Warnings, 2 Critical Warnings and 0 Errors encountered.
place_design completed successfully
place_design: Time (s): cpu = 00:04:05 ; elapsed = 00:03:22 . Memory (MB): peak = 2122.582 ; gain = 0.000
INFO: [Timing 38-480] Writing timing data to binary archive.
Writing placer database...
Writing XDEF routing.
Writing XDEF routing logical nets.
Writing XDEF routing special nets.
Write XDEF Complete: Time (s): cpu = 00:00:13 ; elapsed = 00:00:04 . Memory (MB): peak = 2122.582 ; gain = 0.000
INFO: [Common 17-1381] The checkpoint 'C:/Users/linnh/Sep-repository-2/Avancefinal/Avancefinal.runs/impl_1/DEMO_wrapper_placed.dcp' has been generated.
write_checkpoint: Time (s): cpu = 00:00:24 ; elapsed = 00:00:13 . Memory (MB): peak = 2122.582 ; gain = 0.000
INFO: [runtcl-4] Executing : report_io -file DEMO_wrapper_io_placed.rpt
report_io: Time (s): cpu = 00:00:00 ; elapsed = 00:00:00.129 . Memory (MB): peak = 2122.582 ; gain = 0.000
INFO: [runtcl-4] Executing : report_utilization -file DEMO_wrapper_utilization_placed.rpt -pb DEMO_wrapper_utilization_placed.pb
INFO: [runtcl-4] Executing : report_control_sets -verbose -file DEMO_wrapper_control_sets_placed.rpt
report_control_sets: Time (s): cpu = 00:00:00 ; elapsed = 00:00:00.219 . Memory (MB): peak = 2122.582 ; gain = 0.000
Command: phys_opt_design
Attempting to get a license for feature 'Implementation' and/or device 'xc7z010'
INFO: [Common 17-349] Got license for feature 'Implementation' and/or device 'xc7z010'
Netlist sorting complete. Time (s): cpu = 00:00:00 ; elapsed = 00:00:00.026 . Memory (MB): peak = 2122.582 ; gain = 0.000

Starting Physical Synthesis Task

Phase 1 Physical Synthesis Initialization
INFO: [Physopt 32-721] Multithreading enabled for phys_opt_design using a maximum of 2 CPUs
INFO: [Physopt 32-619] Estimated Timing Summary | WNS=-73.195 | TNS=-2890.739 |
Phase 1 Physical Synthesis Initialization | Checksum: 17b6687b2

Time (s): cpu = 00:00:10 ; elapsed = 00:00:05 . Memory (MB): peak = 2122.582 ; gain = 0.000
INFO: [Physopt 32-619] Estimated Timing Summary | WNS=-73.195 | TNS=-2890.739 |

Phase 2 DSP Register Optimization
INFO: [Physopt 32-456] No candidate cells for DSP register optimization found in the design.
INFO: [Physopt 32-775] End 2 Pass. Optimized 0 net or cell. Created 0 new cell, deleted 0 existing cell and moved 0 existing cell
Phase 2 DSP Register Optimization | Checksum: 17b6687b2

Time (s): cpu = 00:00:11 ; elapsed = 00:00:06 . Memory (MB): peak = 2122.582 ; gain = 0.000

Phase 3 Critical Path Optimization
INFO: [Physopt 32-619] Estimated Timing Summary | WNS=-73.195 | TNS=-2890.739 |
INFO: [Physopt 32-662] Processed net DEMO_i/BuzzerBooster_Driver_0/U0/BuzzerBooster_Driver_v1_0_S00_AXI_inst/duty_cycle3__1_i_7_psdsp_n.  Did not re-place instance DEMO_i/BuzzerBooster_Driver_0/U0/BuzzerBooster_Driver_v1_0_S00_AXI_inst/duty_cycle3__1_i_7_psdsp
INFO: [Physopt 32-702] Processed net DEMO_i/BuzzerBooster_Driver_0/U0/BuzzerBooster_Driver_v1_0_S00_AXI_inst/duty_cycle3__1_i_7_psdsp_n. Optimizations did not improve timing on the net.
INFO: [Physopt 32-702] Processed net DEMO_i/processing_system7_0/inst/FCLK_CLK_unbuffered[0]. Optimizations did not improve timing on the net.
INFO: [Physopt 32-702] Processed net DEMO_i/BuzzerBooster_Driver_0/U0/BuzzerBooster_Driver_v1_0_S00_AXI_inst/pwm_cycles1[21]. Optimizations did not improve timing on the net.
INFO: [Physopt 32-702] Processed net DEMO_i/BuzzerBooster_Driver_0/U0/BuzzerBooster_Driver_v1_0_S00_AXI_inst/pwm_cycles00_carry__3_n_0. Optimizations did not improve timing on the net.
INFO: [Physopt 32-702] Processed net DEMO_i/BuzzerBooster_Driver_0/U0/BuzzerBooster_Driver_v1_0_S00_AXI_inst/pwm_cycles00_carry__2_n_0. Optimizations did not improve timing on the net.
INFO: [Physopt 32-702] Processed net DEMO_i/BuzzerBooster_Driver_0/U0/BuzzerBooster_Driver_v1_0_S00_AXI_inst/pwm_cycles00_carry__1_n_0. Optimizations did not improve timing on the net.
INFO: [Physopt 32-702] Processed net DEMO_i/BuzzerBooster_Driver_0/U0/BuzzerBooster_Driver_v1_0_S00_AXI_inst/pwm_cycles00_carry__0_n_0. Optimizations did not improve timing on the net.
INFO: [Physopt 32-702] Processed net DEMO_i/BuzzerBooster_Driver_0/U0/BuzzerBooster_Driver_v1_0_S00_AXI_inst/pwm_cycles00_carry_n_0. Optimizations did not improve timing on the net.
INFO: [Physopt 32-663] Processed net DEMO_i/BuzzerBooster_Driver_0/U0/BuzzerBooster_Driver_v1_0_S00_AXI_inst/pwm_cycles00_carry_i_1_n_0.  Re-placed instance DEMO_i/BuzzerBooster_Driver_0/U0/BuzzerBooster_Driver_v1_0_S00_AXI_inst/pwm_cycles00_carry_i_1
INFO: [Physopt 32-735] Processed net DEMO_i/BuzzerBooster_Driver_0/U0/BuzzerBooster_Driver_v1_0_S00_AXI_inst/pwm_cycles00_carry_i_1_n_0. Optimization improves timing on the net.
INFO: [Physopt 32-619] Estimated Timing Summary | WNS=-73.019 | TNS=-2884.051 |
INFO: [Physopt 32-662] Processed net DEMO_i/BuzzerBooster_Driver_0/U0/BuzzerBooster_Driver_v1_0_S00_AXI_inst/pwm_cycles00_carry_i_1_n_0.  Did not re-place instance DEMO_i/BuzzerBooster_Driver_0/U0/BuzzerBooster_Driver_v1_0_S00_AXI_inst/pwm_cycles00_carry_i_1
INFO: [Physopt 32-702] Processed net DEMO_i/BuzzerBooster_Driver_0/U0/BuzzerBooster_Driver_v1_0_S00_AXI_inst/pwm_cycles00_carry_i_1_n_0. Optimizations did not improve timing on the net.
INFO: [Physopt 32-702] Processed net DEMO_i/BuzzerBooster_Driver_0/U0/BuzzerBooster_Driver_v1_0_S00_AXI_inst/pwm_cycles10_in[0]. Optimizations did not improve timing on the net.
INFO: [Physopt 32-702] Processed net DEMO_i/BuzzerBooster_Driver_0/U0/BuzzerBooster_Driver_v1_0_S00_AXI_inst/pwm_cycles_reg[0]_i_3_n_0. Optimizations did not improve timing on the net.
INFO: [Physopt 32-702] Processed net DEMO_i/BuzzerBooster_Driver_0/U0/BuzzerBooster_Driver_v1_0_S00_AXI_inst/pwm_cycles_reg[0]_i_8_n_0. Optimizations did not improve timing on the net.
INFO: [Physopt 32-702] Processed net DEMO_i/BuzzerBooster_Driver_0/U0/BuzzerBooster_Driver_v1_0_S00_AXI_inst/pwm_cycles_reg[0]_i_13_n_0. Optimizations did not improve timing on the net.
INFO: [Physopt 32-702] Processed net DEMO_i/BuzzerBooster_Driver_0/U0/BuzzerBooster_Driver_v1_0_S00_AXI_inst/pwm_cycles_reg[0]_i_18_n_0. Optimizations did not improve timing on the net.
INFO: [Physopt 32-702] Processed net DEMO_i/BuzzerBooster_Driver_0/U0/BuzzerBooster_Driver_v1_0_S00_AXI_inst/pwm_cycles_reg[0]_i_23_n_0. Optimizations did not improve timing on the net.
INFO: [Physopt 32-702] Processed net DEMO_i/BuzzerBooster_Driver_0/U0/BuzzerBooster_Driver_v1_0_S00_AXI_inst/pwm_cycles_reg[0]_i_28_n_0. Optimizations did not improve timing on the net.
INFO: [Physopt 32-702] Processed net DEMO_i/BuzzerBooster_Driver_0/U0/BuzzerBooster_Driver_v1_0_S00_AXI_inst/pwm_cycles_reg[0]_i_33_n_0. Optimizations did not improve timing on the net.
INFO: [Physopt 32-702] Processed net DEMO_i/BuzzerBooster_Driver_0/U0/BuzzerBooster_Driver_v1_0_S00_AXI_inst/pwm_cycles[0]_i_42_n_0. Optimizations did not improve timing on the net.
INFO: [Physopt 32-702] Processed net DEMO_i/BuzzerBooster_Driver_0/U0/BuzzerBooster_Driver_v1_0_S00_AXI_inst/pwm_cycles10_in[1]. Optimizations did not improve timing on the net.
INFO: [Physopt 32-702] Processed net DEMO_i/BuzzerBooster_Driver_0/U0/BuzzerBooster_Driver_v1_0_S00_AXI_inst/pwm_cycles_reg[1]_i_3_n_0. Optimizations did not improve timing on the net.
INFO: [Physopt 32-702] Processed net DEMO_i/BuzzerBooster_Driver_0/U0/BuzzerBooster_Driver_v1_0_S00_AXI_inst/pwm_cycles_reg[1]_i_5_n_0. Optimizations did not improve timing on the net.
INFO: [Physopt 32-702] Processed net DEMO_i/BuzzerBooster_Driver_0/U0/BuzzerBooster_Driver_v1_0_S00_AXI_inst/pwm_cycles_reg[1]_i_10_n_0. Optimizations did not improve timing on the net.
INFO: [Physopt 32-702] Processed net DEMO_i/BuzzerBooster_Driver_0/U0/BuzzerBooster_Driver_v1_0_S00_AXI_inst/pwm_cycles_reg[1]_i_15_n_0. Optimizations did not improve timing on the net.
INFO: [Physopt 32-702] Processed net DEMO_i/BuzzerBooster_Driver_0/U0/BuzzerBooster_Driver_v1_0_S00_AXI_inst/pwm_cycles_reg[1]_i_20_n_0. Optimizations did not improve timing on the net.
INFO: [Physopt 32-702] Processed net DEMO_i/BuzzerBooster_Driver_0/U0/BuzzerBooster_Driver_v1_0_S00_AXI_inst/pwm_cycles_reg[1]_i_25_n_0. Optimizations did not improve timing on the net.
INFO: [Physopt 32-702] Processed net DEMO_i/BuzzerBooster_Driver_0/U0/BuzzerBooster_Driver_v1_0_S00_AXI_inst/pwm_cycles_reg[1]_i_30_n_0. Optimizations did not improve timing on the net.
INFO: [Physopt 32-702] Processed net DEMO_i/BuzzerBooster_Driver_0/U0/BuzzerBooster_Driver_v1_0_S00_AXI_inst/pwm_cycles_reg[1]_i_35_n_0. Optimizations did not improve timing on the net.
INFO: [Physopt 32-702] Processed net DEMO_i/BuzzerBooster_Driver_0/U0/BuzzerBooster_Driver_v1_0_S00_AXI_inst/pwm_cycles[1]_i_43_n_0. Optimizations did not improve timing on the net.
INFO: [Physopt 32-702] Processed net DEMO_i/BuzzerBooster_Driver_0/U0/BuzzerBooster_Driver_v1_0_S00_AXI_inst/pwm_cycles10_in[2]. Optimizations did not improve timing on the net.
INFO: [Physopt 32-702] Processed net DEMO_i/BuzzerBooster_Driver_0/U0/BuzzerBooster_Driver_v1_0_S00_AXI_inst/pwm_cycles_reg[2]_i_3_n_0. Optimizations did not improve timing on the net.
INFO: [Physopt 32-702] Processed net DEMO_i/BuzzerBooster_Driver_0/U0/BuzzerBooster_Driver_v1_0_S00_AXI_inst/pwm_cycles_reg[2]_i_5_n_0. Optimizations did not improve timing on the net.
INFO: [Physopt 32-702] Processed net DEMO_i/BuzzerBooster_Driver_0/U0/BuzzerBooster_Driver_v1_0_S00_AXI_inst/pwm_cycles_reg[2]_i_10_n_0. Optimizations did not improve timing on the net.
INFO: [Physopt 32-702] Processed net DEMO_i/BuzzerBooster_Driver_0/U0/BuzzerBooster_Driver_v1_0_S00_AXI_inst/pwm_cycles_reg[2]_i_15_n_0. Optimizations did not improve timing on the net.
INFO: [Physopt 32-702] Processed net DEMO_i/BuzzerBooster_Driver_0/U0/BuzzerBooster_Driver_v1_0_S00_AXI_inst/pwm_cycles_reg[2]_i_20_n_0. Optimizations did not improve timing on the net.
INFO: [Physopt 32-702] Processed net DEMO_i/BuzzerBooster_Driver_0/U0/BuzzerBooster_Driver_v1_0_S00_AXI_inst/pwm_cycles_reg[2]_i_25_n_0. Optimizations did not improve timing on the net.
INFO: [Physopt 32-702] Processed net DEMO_i/BuzzerBooster_Driver_0/U0/BuzzerBooster_Driver_v1_0_S00_AXI_inst/pwm_cycles_reg[2]_i_30_n_0. Optimizations did not improve timing on the net.
INFO: [Physopt 32-702] Processed net DEMO_i/BuzzerBooster_Driver_0/U0/BuzzerBooster_Driver_v1_0_S00_AXI_inst/pwm_cycles_reg[2]_i_35_n_0. Optimizations did not improve timing on the net.
INFO: [Physopt 32-702] Processed net DEMO_i/BuzzerBooster_Driver_0/U0/BuzzerBooster_Driver_v1_0_S00_AXI_inst/pwm_cycles[2]_i_43_n_0. Optimizations did not improve timing on the net.
INFO: [Physopt 32-702] Processed net DEMO_i/BuzzerBooster_Driver_0/U0/BuzzerBooster_Driver_v1_0_S00_AXI_inst/pwm_cycles10_in[3]. Optimizations did not improve timing on the net.
INFO: [Physopt 32-702] Processed net DEMO_i/BuzzerBooster_Driver_0/U0/BuzzerBooster_Driver_v1_0_S00_AXI_inst/pwm_cycles_reg[3]_i_3_n_0. Optimizations did not improve timing on the net.
INFO: [Physopt 32-702] Processed net DEMO_i/BuzzerBooster_Driver_0/U0/BuzzerBooster_Driver_v1_0_S00_AXI_inst/pwm_cycles_reg[3]_i_5_n_0. Optimizations did not improve timing on the net.
INFO: [Physopt 32-702] Processed net DEMO_i/BuzzerBooster_Driver_0/U0/BuzzerBooster_Driver_v1_0_S00_AXI_inst/pwm_cycles_reg[3]_i_10_n_0. Optimizations did not improve timing on the net.
INFO: [Physopt 32-702] Processed net DEMO_i/BuzzerBooster_Driver_0/U0/BuzzerBooster_Driver_v1_0_S00_AXI_inst/pwm_cycles_reg[3]_i_15_n_0. Optimizations did not improve timing on the net.
INFO: [Physopt 32-702] Processed net DEMO_i/BuzzerBooster_Driver_0/U0/BuzzerBooster_Driver_v1_0_S00_AXI_inst/pwm_cycles_reg[3]_i_20_n_0. Optimizations did not improve timing on the net.
INFO: [Physopt 32-702] Processed net DEMO_i/BuzzerBooster_Driver_0/U0/BuzzerBooster_Driver_v1_0_S00_AXI_inst/pwm_cycles_reg[3]_i_25_n_0. Optimizations did not improve timing on the net.
INFO: [Physopt 32-702] Processed net DEMO_i/BuzzerBooster_Driver_0/U0/BuzzerBooster_Driver_v1_0_S00_AXI_inst/pwm_cycles_reg[3]_i_30_n_0. Optimizations did not improve timing on the net.
INFO: [Physopt 32-702] Processed net DEMO_i/BuzzerBooster_Driver_0/U0/BuzzerBooster_Driver_v1_0_S00_AXI_inst/pwm_cycles_reg[3]_i_35_n_0. Optimizations did not improve timing on the net.
INFO: [Physopt 32-702] Processed net DEMO_i/BuzzerBooster_Driver_0/U0/BuzzerBooster_Driver_v1_0_S00_AXI_inst/pwm_cycles[3]_i_43_n_0. Optimizations did not improve timing on the net.
INFO: [Physopt 32-702] Processed net DEMO_i/BuzzerBooster_Driver_0/U0/BuzzerBooster_Driver_v1_0_S00_AXI_inst/pwm_cycles10_in[4]. Optimizations did not improve timing on the net.
INFO: [Physopt 32-702] Processed net DEMO_i/BuzzerBooster_Driver_0/U0/BuzzerBooster_Driver_v1_0_S00_AXI_inst/pwm_cycles_reg[4]_i_3_n_0. Optimizations did not improve timing on the net.
INFO: [Physopt 32-702] Processed net DEMO_i/BuzzerBooster_Driver_0/U0/BuzzerBooster_Driver_v1_0_S00_AXI_inst/pwm_cycles_reg[4]_i_5_n_0. Optimizations did not improve timing on the net.
INFO: [Physopt 32-702] Processed net DEMO_i/BuzzerBooster_Driver_0/U0/BuzzerBooster_Driver_v1_0_S00_AXI_inst/pwm_cycles_reg[4]_i_10_n_0. Optimizations did not improve timing on the net.
INFO: [Physopt 32-702] Processed net DEMO_i/BuzzerBooster_Driver_0/U0/BuzzerBooster_Driver_v1_0_S00_AXI_inst/pwm_cycles_reg[4]_i_15_n_0. Optimizations did not improve timing on the net.
INFO: [Physopt 32-702] Processed net DEMO_i/BuzzerBooster_Driver_0/U0/BuzzerBooster_Driver_v1_0_S00_AXI_inst/pwm_cycles_reg[4]_i_20_n_0. Optimizations did not improve timing on the net.
INFO: [Physopt 32-702] Processed net DEMO_i/BuzzerBooster_Driver_0/U0/BuzzerBooster_Driver_v1_0_S00_AXI_inst/pwm_cycles_reg[4]_i_25_n_0. Optimizations did not improve timing on the net.
INFO: [Physopt 32-702] Processed net DEMO_i/BuzzerBooster_Driver_0/U0/BuzzerBooster_Driver_v1_0_S00_AXI_inst/pwm_cycles_reg[4]_i_30_n_0. Optimizations did not improve timing on the net.
INFO: [Physopt 32-702] Processed net DEMO_i/BuzzerBooster_Driver_0/U0/BuzzerBooster_Driver_v1_0_S00_AXI_inst/pwm_cycles_reg[4]_i_35_n_0. Optimizations did not improve timing on the net.
INFO: [Physopt 32-702] Processed net DEMO_i/BuzzerBooster_Driver_0/U0/BuzzerBooster_Driver_v1_0_S00_AXI_inst/pwm_cycles[4]_i_43_n_0. Optimizations did not improve timing on the net.
INFO: [Physopt 32-702] Processed net DEMO_i/BuzzerBooster_Driver_0/U0/BuzzerBooster_Driver_v1_0_S00_AXI_inst/pwm_cycles10_in[5]. Optimizations did not improve timing on the net.
INFO: [Physopt 32-702] Processed net DEMO_i/BuzzerBooster_Driver_0/U0/BuzzerBooster_Driver_v1_0_S00_AXI_inst/pwm_cycles_reg[5]_i_3_n_0. Optimizations did not improve timing on the net.
INFO: [Physopt 32-702] Processed net DEMO_i/BuzzerBooster_Driver_0/U0/BuzzerBooster_Driver_v1_0_S00_AXI_inst/pwm_cycles_reg[5]_i_5_n_0. Optimizations did not improve timing on the net.
INFO: [Physopt 32-702] Processed net DEMO_i/BuzzerBooster_Driver_0/U0/BuzzerBooster_Driver_v1_0_S00_AXI_inst/pwm_cycles_reg[5]_i_10_n_0. Optimizations did not improve timing on the net.
INFO: [Physopt 32-702] Processed net DEMO_i/BuzzerBooster_Driver_0/U0/BuzzerBooster_Driver_v1_0_S00_AXI_inst/pwm_cycles_reg[5]_i_15_n_0. Optimizations did not improve timing on the net.
INFO: [Physopt 32-702] Processed net DEMO_i/BuzzerBooster_Driver_0/U0/BuzzerBooster_Driver_v1_0_S00_AXI_inst/pwm_cycles_reg[5]_i_20_n_0. Optimizations did not improve timing on the net.
INFO: [Physopt 32-702] Processed net DEMO_i/BuzzerBooster_Driver_0/U0/BuzzerBooster_Driver_v1_0_S00_AXI_inst/pwm_cycles_reg[5]_i_25_n_0. Optimizations did not improve timing on the net.
INFO: [Physopt 32-702] Processed net DEMO_i/BuzzerBooster_Driver_0/U0/BuzzerBooster_Driver_v1_0_S00_AXI_inst/pwm_cycles_reg[5]_i_30_n_0. Optimizations did not improve timing on the net.
INFO: [Physopt 32-702] Processed net DEMO_i/BuzzerBooster_Driver_0/U0/BuzzerBooster_Driver_v1_0_S00_AXI_inst/pwm_cycles_reg[5]_i_35_n_0. Optimizations did not improve timing on the net.
INFO: [Physopt 32-702] Processed net DEMO_i/BuzzerBooster_Driver_0/U0/BuzzerBooster_Driver_v1_0_S00_AXI_inst/pwm_cycles[5]_i_43_n_0. Optimizations did not improve timing on the net.
INFO: [Physopt 32-702] Processed net DEMO_i/BuzzerBooster_Driver_0/U0/BuzzerBooster_Driver_v1_0_S00_AXI_inst/pwm_cycles10_in[6]. Optimizations did not improve timing on the net.
INFO: [Physopt 32-702] Processed net DEMO_i/BuzzerBooster_Driver_0/U0/BuzzerBooster_Driver_v1_0_S00_AXI_inst/pwm_cycles_reg[6]_i_3_n_0. Optimizations did not improve timing on the net.
INFO: [Physopt 32-702] Processed net DEMO_i/BuzzerBooster_Driver_0/U0/BuzzerBooster_Driver_v1_0_S00_AXI_inst/pwm_cycles_reg[6]_i_5_n_0. Optimizations did not improve timing on the net.
INFO: [Physopt 32-702] Processed net DEMO_i/BuzzerBooster_Driver_0/U0/BuzzerBooster_Driver_v1_0_S00_AXI_inst/pwm_cycles_reg[6]_i_10_n_0. Optimizations did not improve timing on the net.
INFO: [Physopt 32-702] Processed net DEMO_i/BuzzerBooster_Driver_0/U0/BuzzerBooster_Driver_v1_0_S00_AXI_inst/pwm_cycles_reg[6]_i_15_n_0. Optimizations did not improve timing on the net.
INFO: [Physopt 32-702] Processed net DEMO_i/BuzzerBooster_Driver_0/U0/BuzzerBooster_Driver_v1_0_S00_AXI_inst/pwm_cycles_reg[6]_i_20_n_0. Optimizations did not improve timing on the net.
INFO: [Physopt 32-702] Processed net DEMO_i/BuzzerBooster_Driver_0/U0/BuzzerBooster_Driver_v1_0_S00_AXI_inst/pwm_cycles_reg[6]_i_25_n_0. Optimizations did not improve timing on the net.
INFO: [Physopt 32-702] Processed net DEMO_i/BuzzerBooster_Driver_0/U0/BuzzerBooster_Driver_v1_0_S00_AXI_inst/pwm_cycles_reg[6]_i_30_n_0. Optimizations did not improve timing on the net.
INFO: [Physopt 32-702] Processed net DEMO_i/BuzzerBooster_Driver_0/U0/BuzzerBooster_Driver_v1_0_S00_AXI_inst/pwm_cycles_reg[6]_i_35_n_0. Optimizations did not improve timing on the net.
INFO: [Physopt 32-702] Processed net DEMO_i/BuzzerBooster_Driver_0/U0/BuzzerBooster_Driver_v1_0_S00_AXI_inst/pwm_cycles[6]_i_43_n_0. Optimizations did not improve timing on the net.
INFO: [Physopt 32-702] Processed net DEMO_i/BuzzerBooster_Driver_0/U0/BuzzerBooster_Driver_v1_0_S00_AXI_inst/pwm_cycles10_in[7]. Optimizations did not improve timing on the net.
INFO: [Physopt 32-702] Processed net DEMO_i/BuzzerBooster_Driver_0/U0/BuzzerBooster_Driver_v1_0_S00_AXI_inst/pwm_cycles_reg[7]_i_3_n_0. Optimizations did not improve timing on the net.
INFO: [Physopt 32-702] Processed net DEMO_i/BuzzerBooster_Driver_0/U0/BuzzerBooster_Driver_v1_0_S00_AXI_inst/pwm_cycles_reg[7]_i_5_n_0. Optimizations did not improve timing on the net.
INFO: [Physopt 32-702] Processed net DEMO_i/BuzzerBooster_Driver_0/U0/BuzzerBooster_Driver_v1_0_S00_AXI_inst/pwm_cycles_reg[7]_i_10_n_0. Optimizations did not improve timing on the net.
INFO: [Physopt 32-702] Processed net DEMO_i/BuzzerBooster_Driver_0/U0/BuzzerBooster_Driver_v1_0_S00_AXI_inst/pwm_cycles_reg[7]_i_15_n_0. Optimizations did not improve timing on the net.
INFO: [Physopt 32-702] Processed net DEMO_i/BuzzerBooster_Driver_0/U0/BuzzerBooster_Driver_v1_0_S00_AXI_inst/pwm_cycles_reg[7]_i_20_n_0. Optimizations did not improve timing on the net.
INFO: [Physopt 32-702] Processed net DEMO_i/BuzzerBooster_Driver_0/U0/BuzzerBooster_Driver_v1_0_S00_AXI_inst/pwm_cycles_reg[7]_i_25_n_0. Optimizations did not improve timing on the net.
INFO: [Physopt 32-702] Processed net DEMO_i/BuzzerBooster_Driver_0/U0/BuzzerBooster_Driver_v1_0_S00_AXI_inst/pwm_cycles_reg[7]_i_30_n_0. Optimizations did not improve timing on the net.
INFO: [Physopt 32-702] Processed net DEMO_i/BuzzerBooster_Driver_0/U0/BuzzerBooster_Driver_v1_0_S00_AXI_inst/pwm_cycles_reg[7]_i_35_n_0. Optimizations did not improve timing on the net.
INFO: [Physopt 32-702] Processed net DEMO_i/BuzzerBooster_Driver_0/U0/BuzzerBooster_Driver_v1_0_S00_AXI_inst/pwm_cycles[7]_i_43_n_0. Optimizations did not improve timing on the net.
INFO: [Physopt 32-702] Processed net DEMO_i/BuzzerBooster_Driver_0/U0/BuzzerBooster_Driver_v1_0_S00_AXI_inst/pwm_cycles10_in[8]. Optimizations did not improve timing on the net.
INFO: [Physopt 32-702] Processed net DEMO_i/BuzzerBooster_Driver_0/U0/BuzzerBooster_Driver_v1_0_S00_AXI_inst/pwm_cycles_reg[8]_i_3_n_0. Optimizations did not improve timing on the net.
INFO: [Physopt 32-702] Processed net DEMO_i/BuzzerBooster_Driver_0/U0/BuzzerBooster_Driver_v1_0_S00_AXI_inst/pwm_cycles_reg[8]_i_5_n_0. Optimizations did not improve timing on the net.
INFO: [Physopt 32-702] Processed net DEMO_i/BuzzerBooster_Driver_0/U0/BuzzerBooster_Driver_v1_0_S00_AXI_inst/pwm_cycles_reg[8]_i_10_n_0. Optimizations did not improve timing on the net.
INFO: [Physopt 32-702] Processed net DEMO_i/BuzzerBooster_Driver_0/U0/BuzzerBooster_Driver_v1_0_S00_AXI_inst/pwm_cycles_reg[8]_i_15_n_0. Optimizations did not improve timing on the net.
INFO: [Physopt 32-702] Processed net DEMO_i/BuzzerBooster_Driver_0/U0/BuzzerBooster_Driver_v1_0_S00_AXI_inst/pwm_cycles_reg[8]_i_20_n_0. Optimizations did not improve timing on the net.
INFO: [Physopt 32-702] Processed net DEMO_i/BuzzerBooster_Driver_0/U0/BuzzerBooster_Driver_v1_0_S00_AXI_inst/pwm_cycles_reg[8]_i_25_n_0. Optimizations did not improve timing on the net.
INFO: [Physopt 32-702] Processed net DEMO_i/BuzzerBooster_Driver_0/U0/BuzzerBooster_Driver_v1_0_S00_AXI_inst/pwm_cycles_reg[8]_i_30_n_0. Optimizations did not improve timing on the net.
INFO: [Physopt 32-702] Processed net DEMO_i/BuzzerBooster_Driver_0/U0/BuzzerBooster_Driver_v1_0_S00_AXI_inst/pwm_cycles_reg[8]_i_35_n_0. Optimizations did not improve timing on the net.
INFO: [Physopt 32-702] Processed net DEMO_i/BuzzerBooster_Driver_0/U0/BuzzerBooster_Driver_v1_0_S00_AXI_inst/pwm_cycles[8]_i_42_n_0. Optimizations did not improve timing on the net.
INFO: [Physopt 32-702] Processed net DEMO_i/BuzzerBooster_Driver_0/U0/BuzzerBooster_Driver_v1_0_S00_AXI_inst/pwm_cycles10_in[9]. Optimizations did not improve timing on the net.
INFO: [Physopt 32-702] Processed net DEMO_i/BuzzerBooster_Driver_0/U0/BuzzerBooster_Driver_v1_0_S00_AXI_inst/pwm_cycles_reg[9]_i_3_n_0. Optimizations did not improve timing on the net.
INFO: [Physopt 32-702] Processed net DEMO_i/BuzzerBooster_Driver_0/U0/BuzzerBooster_Driver_v1_0_S00_AXI_inst/pwm_cycles_reg[9]_i_5_n_0. Optimizations did not improve timing on the net.
INFO: [Physopt 32-702] Processed net DEMO_i/BuzzerBooster_Driver_0/U0/BuzzerBooster_Driver_v1_0_S00_AXI_inst/pwm_cycles_reg[9]_i_10_n_0. Optimizations did not improve timing on the net.
INFO: [Physopt 32-702] Processed net DEMO_i/BuzzerBooster_Driver_0/U0/BuzzerBooster_Driver_v1_0_S00_AXI_inst/pwm_cycles_reg[9]_i_15_n_0. Optimizations did not improve timing on the net.
INFO: [Physopt 32-702] Processed net DEMO_i/BuzzerBooster_Driver_0/U0/BuzzerBooster_Driver_v1_0_S00_AXI_inst/pwm_cycles_reg[9]_i_20_n_0. Optimizations did not improve timing on the net.
INFO: [Physopt 32-702] Processed net DEMO_i/BuzzerBooster_Driver_0/U0/BuzzerBooster_Driver_v1_0_S00_AXI_inst/pwm_cycles_reg[9]_i_25_n_0. Optimizations did not improve timing on the net.
INFO: [Physopt 32-702] Processed net DEMO_i/BuzzerBooster_Driver_0/U0/BuzzerBooster_Driver_v1_0_S00_AXI_inst/pwm_cycles_reg[9]_i_30_n_0. Optimizations did not improve timing on the net.
INFO: [Physopt 32-702] Processed net DEMO_i/BuzzerBooster_Driver_0/U0/BuzzerBooster_Driver_v1_0_S00_AXI_inst/pwm_cycles_reg[9]_i_35_n_0. Optimizations did not improve timing on the net.
INFO: [Physopt 32-702] Processed net DEMO_i/BuzzerBooster_Driver_0/U0/BuzzerBooster_Driver_v1_0_S00_AXI_inst/pwm_cycles[9]_i_43_n_0. Optimizations did not improve timing on the net.
INFO: [Physopt 32-702] Processed net DEMO_i/BuzzerBooster_Driver_0/U0/BuzzerBooster_Driver_v1_0_S00_AXI_inst/pwm_cycles10_in[10]. Optimizations did not improve timing on the net.
INFO: [Physopt 32-702] Processed net DEMO_i/BuzzerBooster_Driver_0/U0/BuzzerBooster_Driver_v1_0_S00_AXI_inst/pwm_cycles_reg[10]_i_3_n_0. Optimizations did not improve timing on the net.
INFO: [Physopt 32-702] Processed net DEMO_i/BuzzerBooster_Driver_0/U0/BuzzerBooster_Driver_v1_0_S00_AXI_inst/pwm_cycles_reg[10]_i_5_n_0. Optimizations did not improve timing on the net.
INFO: [Physopt 32-702] Processed net DEMO_i/BuzzerBooster_Driver_0/U0/BuzzerBooster_Driver_v1_0_S00_AXI_inst/pwm_cycles_reg[10]_i_10_n_0. Optimizations did not improve timing on the net.
INFO: [Physopt 32-702] Processed net DEMO_i/BuzzerBooster_Driver_0/U0/BuzzerBooster_Driver_v1_0_S00_AXI_inst/pwm_cycles_reg[10]_i_15_n_0. Optimizations did not improve timing on the net.
INFO: [Physopt 32-702] Processed net DEMO_i/BuzzerBooster_Driver_0/U0/BuzzerBooster_Driver_v1_0_S00_AXI_inst/pwm_cycles_reg[10]_i_20_n_0. Optimizations did not improve timing on the net.
INFO: [Physopt 32-702] Processed net DEMO_i/BuzzerBooster_Driver_0/U0/BuzzerBooster_Driver_v1_0_S00_AXI_inst/pwm_cycles_reg[10]_i_25_n_0. Optimizations did not improve timing on the net.
INFO: [Physopt 32-702] Processed net DEMO_i/BuzzerBooster_Driver_0/U0/BuzzerBooster_Driver_v1_0_S00_AXI_inst/pwm_cycles_reg[10]_i_30_n_0. Optimizations did not improve timing on the net.
INFO: [Physopt 32-702] Processed net DEMO_i/BuzzerBooster_Driver_0/U0/BuzzerBooster_Driver_v1_0_S00_AXI_inst/pwm_cycles_reg[10]_i_35_n_0. Optimizations did not improve timing on the net.
INFO: [Physopt 32-702] Processed net DEMO_i/BuzzerBooster_Driver_0/U0/BuzzerBooster_Driver_v1_0_S00_AXI_inst/pwm_cycles[10]_i_43_n_0. Optimizations did not improve timing on the net.
INFO: [Physopt 32-702] Processed net DEMO_i/BuzzerBooster_Driver_0/U0/BuzzerBooster_Driver_v1_0_S00_AXI_inst/pwm_cycles10_in[11]. Optimizations did not improve timing on the net.
INFO: [Physopt 32-702] Processed net DEMO_i/BuzzerBooster_Driver_0/U0/BuzzerBooster_Driver_v1_0_S00_AXI_inst/pwm_cycles_reg[11]_i_3_n_0. Optimizations did not improve timing on the net.
INFO: [Physopt 32-702] Processed net DEMO_i/BuzzerBooster_Driver_0/U0/BuzzerBooster_Driver_v1_0_S00_AXI_inst/pwm_cycles_reg[11]_i_5_n_0. Optimizations did not improve timing on the net.
INFO: [Physopt 32-702] Processed net DEMO_i/BuzzerBooster_Driver_0/U0/BuzzerBooster_Driver_v1_0_S00_AXI_inst/pwm_cycles_reg[11]_i_10_n_0. Optimizations did not improve timing on the net.
INFO: [Physopt 32-702] Processed net DEMO_i/BuzzerBooster_Driver_0/U0/BuzzerBooster_Driver_v1_0_S00_AXI_inst/pwm_cycles_reg[11]_i_15_n_0. Optimizations did not improve timing on the net.
INFO: [Physopt 32-702] Processed net DEMO_i/BuzzerBooster_Driver_0/U0/BuzzerBooster_Driver_v1_0_S00_AXI_inst/pwm_cycles_reg[11]_i_20_n_0. Optimizations did not improve timing on the net.
INFO: [Physopt 32-702] Processed net DEMO_i/BuzzerBooster_Driver_0/U0/BuzzerBooster_Driver_v1_0_S00_AXI_inst/pwm_cycles_reg[11]_i_25_n_0. Optimizations did not improve timing on the net.
INFO: [Physopt 32-702] Processed net DEMO_i/BuzzerBooster_Driver_0/U0/BuzzerBooster_Driver_v1_0_S00_AXI_inst/pwm_cycles_reg[11]_i_30_n_0. Optimizations did not improve timing on the net.
INFO: [Physopt 32-702] Processed net DEMO_i/BuzzerBooster_Driver_0/U0/BuzzerBooster_Driver_v1_0_S00_AXI_inst/pwm_cycles_reg[11]_i_35_n_0. Optimizations did not improve timing on the net.
INFO: [Physopt 32-702] Processed net DEMO_i/BuzzerBooster_Driver_0/U0/BuzzerBooster_Driver_v1_0_S00_AXI_inst/pwm_cycles[11]_i_43_n_0. Optimizations did not improve timing on the net.
INFO: [Physopt 32-702] Processed net DEMO_i/BuzzerBooster_Driver_0/U0/BuzzerBooster_Driver_v1_0_S00_AXI_inst/pwm_cycles10_in[12]. Optimizations did not improve timing on the net.
INFO: [Physopt 32-702] Processed net DEMO_i/BuzzerBooster_Driver_0/U0/BuzzerBooster_Driver_v1_0_S00_AXI_inst/pwm_cycles_reg[12]_i_3_n_0. Optimizations did not improve timing on the net.
INFO: [Physopt 32-702] Processed net DEMO_i/BuzzerBooster_Driver_0/U0/BuzzerBooster_Driver_v1_0_S00_AXI_inst/pwm_cycles_reg[12]_i_5_n_0. Optimizations did not improve timing on the net.
INFO: [Physopt 32-702] Processed net DEMO_i/BuzzerBooster_Driver_0/U0/BuzzerBooster_Driver_v1_0_S00_AXI_inst/pwm_cycles_reg[12]_i_10_n_0. Optimizations did not improve timing on the net.
INFO: [Physopt 32-702] Processed net DEMO_i/BuzzerBooster_Driver_0/U0/BuzzerBooster_Driver_v1_0_S00_AXI_inst/pwm_cycles_reg[12]_i_15_n_0. Optimizations did not improve timing on the net.
INFO: [Physopt 32-702] Processed net DEMO_i/BuzzerBooster_Driver_0/U0/BuzzerBooster_Driver_v1_0_S00_AXI_inst/pwm_cycles_reg[12]_i_20_n_0. Optimizations did not improve timing on the net.
INFO: [Physopt 32-702] Processed net DEMO_i/BuzzerBooster_Driver_0/U0/BuzzerBooster_Driver_v1_0_S00_AXI_inst/pwm_cycles_reg[12]_i_25_n_0. Optimizations did not improve timing on the net.
INFO: [Physopt 32-702] Processed net DEMO_i/BuzzerBooster_Driver_0/U0/BuzzerBooster_Driver_v1_0_S00_AXI_inst/pwm_cycles_reg[12]_i_30_n_0. Optimizations did not improve timing on the net.
INFO: [Physopt 32-702] Processed net DEMO_i/BuzzerBooster_Driver_0/U0/BuzzerBooster_Driver_v1_0_S00_AXI_inst/pwm_cycles_reg[12]_i_35_n_0. Optimizations did not improve timing on the net.
INFO: [Physopt 32-702] Processed net DEMO_i/BuzzerBooster_Driver_0/U0/BuzzerBooster_Driver_v1_0_S00_AXI_inst/pwm_cycles[12]_i_43_n_0. Optimizations did not improve timing on the net.
INFO: [Physopt 32-702] Processed net DEMO_i/BuzzerBooster_Driver_0/U0/BuzzerBooster_Driver_v1_0_S00_AXI_inst/pwm_cycles10_in[13]. Optimizations did not improve timing on the net.
INFO: [Physopt 32-702] Processed net DEMO_i/BuzzerBooster_Driver_0/U0/BuzzerBooster_Driver_v1_0_S00_AXI_inst/pwm_cycles_reg[13]_i_3_n_0. Optimizations did not improve timing on the net.
INFO: [Physopt 32-702] Processed net DEMO_i/BuzzerBooster_Driver_0/U0/BuzzerBooster_Driver_v1_0_S00_AXI_inst/pwm_cycles_reg[13]_i_5_n_0. Optimizations did not improve timing on the net.
INFO: [Physopt 32-702] Processed net DEMO_i/BuzzerBooster_Driver_0/U0/BuzzerBooster_Driver_v1_0_S00_AXI_inst/pwm_cycles_reg[13]_i_10_n_0. Optimizations did not improve timing on the net.
INFO: [Physopt 32-702] Processed net DEMO_i/BuzzerBooster_Driver_0/U0/BuzzerBooster_Driver_v1_0_S00_AXI_inst/pwm_cycles_reg[13]_i_15_n_0. Optimizations did not improve timing on the net.
INFO: [Physopt 32-702] Processed net DEMO_i/BuzzerBooster_Driver_0/U0/BuzzerBooster_Driver_v1_0_S00_AXI_inst/pwm_cycles_reg[13]_i_20_n_0. Optimizations did not improve timing on the net.
INFO: [Physopt 32-702] Processed net DEMO_i/BuzzerBooster_Driver_0/U0/BuzzerBooster_Driver_v1_0_S00_AXI_inst/pwm_cycles_reg[13]_i_25_n_0. Optimizations did not improve timing on the net.
INFO: [Physopt 32-702] Processed net DEMO_i/BuzzerBooster_Driver_0/U0/BuzzerBooster_Driver_v1_0_S00_AXI_inst/pwm_cycles_reg[13]_i_30_n_0. Optimizations did not improve timing on the net.
INFO: [Physopt 32-702] Processed net DEMO_i/BuzzerBooster_Driver_0/U0/BuzzerBooster_Driver_v1_0_S00_AXI_inst/pwm_cycles_reg[13]_i_35_n_0. Optimizations did not improve timing on the net.
INFO: [Physopt 32-702] Processed net DEMO_i/BuzzerBooster_Driver_0/U0/BuzzerBooster_Driver_v1_0_S00_AXI_inst/pwm_cycles[13]_i_42_n_0. Optimizations did not improve timing on the net.
INFO: [Physopt 32-702] Processed net DEMO_i/BuzzerBooster_Driver_0/U0/BuzzerBooster_Driver_v1_0_S00_AXI_inst/pwm_cycles10_in[14]. Optimizations did not improve timing on the net.
INFO: [Physopt 32-702] Processed net DEMO_i/BuzzerBooster_Driver_0/U0/BuzzerBooster_Driver_v1_0_S00_AXI_inst/pwm_cycles_reg[14]_i_3_n_0. Optimizations did not improve timing on the net.
INFO: [Physopt 32-702] Processed net DEMO_i/BuzzerBooster_Driver_0/U0/BuzzerBooster_Driver_v1_0_S00_AXI_inst/pwm_cycles_reg[14]_i_5_n_0. Optimizations did not improve timing on the net.
INFO: [Physopt 32-702] Processed net DEMO_i/BuzzerBooster_Driver_0/U0/BuzzerBooster_Driver_v1_0_S00_AXI_inst/pwm_cycles_reg[14]_i_10_n_0. Optimizations did not improve timing on the net.
INFO: [Physopt 32-702] Processed net DEMO_i/BuzzerBooster_Driver_0/U0/BuzzerBooster_Driver_v1_0_S00_AXI_inst/pwm_cycles_reg[14]_i_15_n_0. Optimizations did not improve timing on the net.
INFO: [Physopt 32-702] Processed net DEMO_i/BuzzerBooster_Driver_0/U0/BuzzerBooster_Driver_v1_0_S00_AXI_inst/pwm_cycles_reg[14]_i_20_n_0. Optimizations did not improve timing on the net.
INFO: [Physopt 32-702] Processed net DEMO_i/BuzzerBooster_Driver_0/U0/BuzzerBooster_Driver_v1_0_S00_AXI_inst/pwm_cycles_reg[14]_i_25_n_0. Optimizations did not improve timing on the net.
INFO: [Physopt 32-702] Processed net DEMO_i/BuzzerBooster_Driver_0/U0/BuzzerBooster_Driver_v1_0_S00_AXI_inst/pwm_cycles_reg[14]_i_30_n_0. Optimizations did not improve timing on the net.
INFO: [Physopt 32-702] Processed net DEMO_i/BuzzerBooster_Driver_0/U0/BuzzerBooster_Driver_v1_0_S00_AXI_inst/pwm_cycles_reg[14]_i_35_n_0. Optimizations did not improve timing on the net.
INFO: [Physopt 32-702] Processed net DEMO_i/BuzzerBooster_Driver_0/U0/BuzzerBooster_Driver_v1_0_S00_AXI_inst/pwm_cycles[14]_i_42_n_0. Optimizations did not improve timing on the net.
INFO: [Physopt 32-702] Processed net DEMO_i/BuzzerBooster_Driver_0/U0/BuzzerBooster_Driver_v1_0_S00_AXI_inst/pwm_cycles10_in[15]. Optimizations did not improve timing on the net.
INFO: [Physopt 32-702] Processed net DEMO_i/BuzzerBooster_Driver_0/U0/BuzzerBooster_Driver_v1_0_S00_AXI_inst/pwm_cycles_reg[15]_i_3_n_0. Optimizations did not improve timing on the net.
INFO: [Physopt 32-702] Processed net DEMO_i/BuzzerBooster_Driver_0/U0/BuzzerBooster_Driver_v1_0_S00_AXI_inst/pwm_cycles_reg[15]_i_5_n_0. Optimizations did not improve timing on the net.
INFO: [Physopt 32-702] Processed net DEMO_i/BuzzerBooster_Driver_0/U0/BuzzerBooster_Driver_v1_0_S00_AXI_inst/pwm_cycles_reg[15]_i_10_n_0. Optimizations did not improve timing on the net.
INFO: [Physopt 32-702] Processed net DEMO_i/BuzzerBooster_Driver_0/U0/BuzzerBooster_Driver_v1_0_S00_AXI_inst/pwm_cycles_reg[15]_i_15_n_0. Optimizations did not improve timing on the net.
INFO: [Physopt 32-702] Processed net DEMO_i/BuzzerBooster_Driver_0/U0/BuzzerBooster_Driver_v1_0_S00_AXI_inst/pwm_cycles_reg[15]_i_20_n_0. Optimizations did not improve timing on the net.
INFO: [Physopt 32-702] Processed net DEMO_i/BuzzerBooster_Driver_0/U0/BuzzerBooster_Driver_v1_0_S00_AXI_inst/pwm_cycles_reg[15]_i_25_n_0. Optimizations did not improve timing on the net.
INFO: [Physopt 32-702] Processed net DEMO_i/BuzzerBooster_Driver_0/U0/BuzzerBooster_Driver_v1_0_S00_AXI_inst/pwm_cycles_reg[15]_i_30_n_0. Optimizations did not improve timing on the net.
INFO: [Physopt 32-702] Processed net DEMO_i/BuzzerBooster_Driver_0/U0/BuzzerBooster_Driver_v1_0_S00_AXI_inst/pwm_cycles_reg[15]_i_35_n_0. Optimizations did not improve timing on the net.
INFO: [Physopt 32-702] Processed net DEMO_i/BuzzerBooster_Driver_0/U0/BuzzerBooster_Driver_v1_0_S00_AXI_inst/pwm_cycles[15]_i_42_n_0. Optimizations did not improve timing on the net.
INFO: [Physopt 32-702] Processed net DEMO_i/BuzzerBooster_Driver_0/U0/BuzzerBooster_Driver_v1_0_S00_AXI_inst/pwm_cycles10_in[16]. Optimizations did not improve timing on the net.
INFO: [Physopt 32-702] Processed net DEMO_i/BuzzerBooster_Driver_0/U0/BuzzerBooster_Driver_v1_0_S00_AXI_inst/pwm_cycles_reg[16]_i_3_n_0. Optimizations did not improve timing on the net.
INFO: [Physopt 32-702] Processed net DEMO_i/BuzzerBooster_Driver_0/U0/BuzzerBooster_Driver_v1_0_S00_AXI_inst/pwm_cycles_reg[16]_i_5_n_0. Optimizations did not improve timing on the net.
INFO: [Physopt 32-702] Processed net DEMO_i/BuzzerBooster_Driver_0/U0/BuzzerBooster_Driver_v1_0_S00_AXI_inst/pwm_cycles_reg[16]_i_10_n_0. Optimizations did not improve timing on the net.
INFO: [Physopt 32-702] Processed net DEMO_i/BuzzerBooster_Driver_0/U0/BuzzerBooster_Driver_v1_0_S00_AXI_inst/pwm_cycles_reg[16]_i_15_n_0. Optimizations did not improve timing on the net.
INFO: [Physopt 32-702] Processed net DEMO_i/BuzzerBooster_Driver_0/U0/BuzzerBooster_Driver_v1_0_S00_AXI_inst/pwm_cycles_reg[16]_i_20_n_0. Optimizations did not improve timing on the net.
INFO: [Physopt 32-702] Processed net DEMO_i/BuzzerBooster_Driver_0/U0/BuzzerBooster_Driver_v1_0_S00_AXI_inst/pwm_cycles_reg[16]_i_25_n_0. Optimizations did not improve timing on the net.
INFO: [Physopt 32-702] Processed net DEMO_i/BuzzerBooster_Driver_0/U0/BuzzerBooster_Driver_v1_0_S00_AXI_inst/pwm_cycles_reg[16]_i_30_n_0. Optimizations did not improve timing on the net.
INFO: [Physopt 32-702] Processed net DEMO_i/BuzzerBooster_Driver_0/U0/BuzzerBooster_Driver_v1_0_S00_AXI_inst/pwm_cycles_reg[16]_i_35_n_0. Optimizations did not improve timing on the net.
INFO: [Physopt 32-702] Processed net DEMO_i/BuzzerBooster_Driver_0/U0/BuzzerBooster_Driver_v1_0_S00_AXI_inst/pwm_cycles[16]_i_42_n_0. Optimizations did not improve timing on the net.
INFO: [Physopt 32-702] Processed net DEMO_i/BuzzerBooster_Driver_0/U0/BuzzerBooster_Driver_v1_0_S00_AXI_inst/pwm_cycles10_in[17]. Optimizations did not improve timing on the net.
INFO: [Physopt 32-702] Processed net DEMO_i/BuzzerBooster_Driver_0/U0/BuzzerBooster_Driver_v1_0_S00_AXI_inst/pwm_cycles_reg[17]_i_3_n_0. Optimizations did not improve timing on the net.
INFO: [Physopt 32-702] Processed net DEMO_i/BuzzerBooster_Driver_0/U0/BuzzerBooster_Driver_v1_0_S00_AXI_inst/pwm_cycles_reg[17]_i_5_n_0. Optimizations did not improve timing on the net.
INFO: [Physopt 32-702] Processed net DEMO_i/BuzzerBooster_Driver_0/U0/BuzzerBooster_Driver_v1_0_S00_AXI_inst/pwm_cycles_reg[17]_i_10_n_0. Optimizations did not improve timing on the net.
INFO: [Physopt 32-702] Processed net DEMO_i/BuzzerBooster_Driver_0/U0/BuzzerBooster_Driver_v1_0_S00_AXI_inst/pwm_cycles_reg[17]_i_15_n_0. Optimizations did not improve timing on the net.
INFO: [Physopt 32-702] Processed net DEMO_i/BuzzerBooster_Driver_0/U0/BuzzerBooster_Driver_v1_0_S00_AXI_inst/pwm_cycles_reg[17]_i_20_n_0. Optimizations did not improve timing on the net.
INFO: [Physopt 32-702] Processed net DEMO_i/BuzzerBooster_Driver_0/U0/BuzzerBooster_Driver_v1_0_S00_AXI_inst/pwm_cycles_reg[17]_i_25_n_0. Optimizations did not improve timing on the net.
INFO: [Physopt 32-702] Processed net DEMO_i/BuzzerBooster_Driver_0/U0/BuzzerBooster_Driver_v1_0_S00_AXI_inst/pwm_cycles_reg[17]_i_30_n_0. Optimizations did not improve timing on the net.
INFO: [Physopt 32-702] Processed net DEMO_i/BuzzerBooster_Driver_0/U0/BuzzerBooster_Driver_v1_0_S00_AXI_inst/pwm_cycles_reg[17]_i_35_n_0. Optimizations did not improve timing on the net.
INFO: [Physopt 32-702] Processed net DEMO_i/BuzzerBooster_Driver_0/U0/BuzzerBooster_Driver_v1_0_S00_AXI_inst/pwm_cycles[17]_i_43_n_0. Optimizations did not improve timing on the net.
INFO: [Physopt 32-702] Processed net DEMO_i/BuzzerBooster_Driver_0/U0/BuzzerBooster_Driver_v1_0_S00_AXI_inst/pwm_cycles10_in[18]. Optimizations did not improve timing on the net.
INFO: [Physopt 32-702] Processed net DEMO_i/BuzzerBooster_Driver_0/U0/BuzzerBooster_Driver_v1_0_S00_AXI_inst/pwm_cycles_reg[18]_i_3_n_0. Optimizations did not improve timing on the net.
INFO: [Physopt 32-702] Processed net DEMO_i/BuzzerBooster_Driver_0/U0/BuzzerBooster_Driver_v1_0_S00_AXI_inst/pwm_cycles_reg[18]_i_5_n_0. Optimizations did not improve timing on the net.
INFO: [Physopt 32-702] Processed net DEMO_i/BuzzerBooster_Driver_0/U0/BuzzerBooster_Driver_v1_0_S00_AXI_inst/pwm_cycles_reg[18]_i_10_n_0. Optimizations did not improve timing on the net.
INFO: [Physopt 32-702] Processed net DEMO_i/BuzzerBooster_Driver_0/U0/BuzzerBooster_Driver_v1_0_S00_AXI_inst/pwm_cycles_reg[18]_i_15_n_0. Optimizations did not improve timing on the net.
INFO: [Physopt 32-702] Processed net DEMO_i/BuzzerBooster_Driver_0/U0/BuzzerBooster_Driver_v1_0_S00_AXI_inst/pwm_cycles_reg[18]_i_20_n_0. Optimizations did not improve timing on the net.
INFO: [Physopt 32-702] Processed net DEMO_i/BuzzerBooster_Driver_0/U0/BuzzerBooster_Driver_v1_0_S00_AXI_inst/pwm_cycles_reg[18]_i_25_n_0. Optimizations did not improve timing on the net.
INFO: [Physopt 32-702] Processed net DEMO_i/BuzzerBooster_Driver_0/U0/BuzzerBooster_Driver_v1_0_S00_AXI_inst/pwm_cycles_reg[18]_i_30_n_0. Optimizations did not improve timing on the net.
INFO: [Physopt 32-702] Processed net DEMO_i/BuzzerBooster_Driver_0/U0/BuzzerBooster_Driver_v1_0_S00_AXI_inst/pwm_cycles_reg[18]_i_35_n_0. Optimizations did not improve timing on the net.
INFO: [Physopt 32-702] Processed net DEMO_i/BuzzerBooster_Driver_0/U0/BuzzerBooster_Driver_v1_0_S00_AXI_inst/pwm_cycles[18]_i_42_n_0. Optimizations did not improve timing on the net.
INFO: [Physopt 32-702] Processed net DEMO_i/BuzzerBooster_Driver_0/U0/BuzzerBooster_Driver_v1_0_S00_AXI_inst/pwm_cycles10_in[19]. Optimizations did not improve timing on the net.
INFO: [Physopt 32-702] Processed net DEMO_i/BuzzerBooster_Driver_0/U0/BuzzerBooster_Driver_v1_0_S00_AXI_inst/pwm_cycles_reg[19]_i_3_n_0. Optimizations did not improve timing on the net.
INFO: [Physopt 32-702] Processed net DEMO_i/BuzzerBooster_Driver_0/U0/BuzzerBooster_Driver_v1_0_S00_AXI_inst/pwm_cycles_reg[19]_i_5_n_0. Optimizations did not improve timing on the net.
INFO: [Physopt 32-702] Processed net DEMO_i/BuzzerBooster_Driver_0/U0/BuzzerBooster_Driver_v1_0_S00_AXI_inst/pwm_cycles_reg[19]_i_10_n_0. Optimizations did not improve timing on the net.
INFO: [Physopt 32-702] Processed net DEMO_i/BuzzerBooster_Driver_0/U0/BuzzerBooster_Driver_v1_0_S00_AXI_inst/pwm_cycles_reg[19]_i_15_n_0. Optimizations did not improve timing on the net.
INFO: [Physopt 32-702] Processed net DEMO_i/BuzzerBooster_Driver_0/U0/BuzzerBooster_Driver_v1_0_S00_AXI_inst/pwm_cycles_reg[19]_i_20_n_0. Optimizations did not improve timing on the net.
INFO: [Physopt 32-702] Processed net DEMO_i/BuzzerBooster_Driver_0/U0/BuzzerBooster_Driver_v1_0_S00_AXI_inst/pwm_cycles_reg[19]_i_25_n_0. Optimizations did not improve timing on the net.
INFO: [Physopt 32-702] Processed net DEMO_i/BuzzerBooster_Driver_0/U0/BuzzerBooster_Driver_v1_0_S00_AXI_inst/pwm_cycles_reg[19]_i_30_n_0. Optimizations did not improve timing on the net.
INFO: [Physopt 32-702] Processed net DEMO_i/BuzzerBooster_Driver_0/U0/BuzzerBooster_Driver_v1_0_S00_AXI_inst/pwm_cycles_reg[19]_i_35_n_0. Optimizations did not improve timing on the net.
INFO: [Physopt 32-702] Processed net DEMO_i/BuzzerBooster_Driver_0/U0/BuzzerBooster_Driver_v1_0_S00_AXI_inst/pwm_cycles[19]_i_43_n_0. Optimizations did not improve timing on the net.
INFO: [Physopt 32-702] Processed net DEMO_i/BuzzerBooster_Driver_0/U0/BuzzerBooster_Driver_v1_0_S00_AXI_inst/pwm_cycles10_in[20]. Optimizations did not improve timing on the net.
INFO: [Physopt 32-702] Processed net DEMO_i/BuzzerBooster_Driver_0/U0/BuzzerBooster_Driver_v1_0_S00_AXI_inst/pwm_cycles_reg[20]_i_3_n_0. Optimizations did not improve timing on the net.
INFO: [Physopt 32-702] Processed net DEMO_i/BuzzerBooster_Driver_0/U0/BuzzerBooster_Driver_v1_0_S00_AXI_inst/pwm_cycles_reg[20]_i_5_n_0. Optimizations did not improve timing on the net.
INFO: [Physopt 32-702] Processed net DEMO_i/BuzzerBooster_Driver_0/U0/BuzzerBooster_Driver_v1_0_S00_AXI_inst/pwm_cycles_reg[20]_i_10_n_0. Optimizations did not improve timing on the net.
INFO: [Physopt 32-702] Processed net DEMO_i/BuzzerBooster_Driver_0/U0/BuzzerBooster_Driver_v1_0_S00_AXI_inst/pwm_cycles_reg[20]_i_15_n_0. Optimizations did not improve timing on the net.
INFO: [Physopt 32-702] Processed net DEMO_i/BuzzerBooster_Driver_0/U0/BuzzerBooster_Driver_v1_0_S00_AXI_inst/pwm_cycles_reg[20]_i_20_n_0. Optimizations did not improve timing on the net.
INFO: [Physopt 32-702] Processed net DEMO_i/BuzzerBooster_Driver_0/U0/BuzzerBooster_Driver_v1_0_S00_AXI_inst/pwm_cycles_reg[20]_i_25_n_0. Optimizations did not improve timing on the net.
INFO: [Physopt 32-702] Processed net DEMO_i/BuzzerBooster_Driver_0/U0/BuzzerBooster_Driver_v1_0_S00_AXI_inst/pwm_cycles_reg[20]_i_30_n_0. Optimizations did not improve timing on the net.
INFO: [Physopt 32-702] Processed net DEMO_i/BuzzerBooster_Driver_0/U0/BuzzerBooster_Driver_v1_0_S00_AXI_inst/pwm_cycles_reg[20]_i_35_n_0. Optimizations did not improve timing on the net.
INFO: [Physopt 32-702] Processed net DEMO_i/BuzzerBooster_Driver_0/U0/BuzzerBooster_Driver_v1_0_S00_AXI_inst/pwm_cycles[20]_i_42_n_0. Optimizations did not improve timing on the net.
INFO: [Physopt 32-702] Processed net DEMO_i/BuzzerBooster_Driver_0/U0/BuzzerBooster_Driver_v1_0_S00_AXI_inst/pwm_cycles10_in[21]. Optimizations did not improve timing on the net.
INFO: [Physopt 32-702] Processed net DEMO_i/BuzzerBooster_Driver_0/U0/BuzzerBooster_Driver_v1_0_S00_AXI_inst/pwm_cycles_reg[21]_i_3_n_0. Optimizations did not improve timing on the net.
INFO: [Physopt 32-702] Processed net DEMO_i/BuzzerBooster_Driver_0/U0/BuzzerBooster_Driver_v1_0_S00_AXI_inst/pwm_cycles_reg[21]_i_5_n_0. Optimizations did not improve timing on the net.
INFO: [Physopt 32-702] Processed net DEMO_i/BuzzerBooster_Driver_0/U0/BuzzerBooster_Driver_v1_0_S00_AXI_inst/pwm_cycles_reg[21]_i_10_n_0. Optimizations did not improve timing on the net.
INFO: [Physopt 32-702] Processed net DEMO_i/BuzzerBooster_Driver_0/U0/BuzzerBooster_Driver_v1_0_S00_AXI_inst/pwm_cycles_reg[21]_i_15_n_0. Optimizations did not improve timing on the net.
INFO: [Physopt 32-702] Processed net DEMO_i/BuzzerBooster_Driver_0/U0/BuzzerBooster_Driver_v1_0_S00_AXI_inst/pwm_cycles_reg[21]_i_20_n_0. Optimizations did not improve timing on the net.
INFO: [Physopt 32-702] Processed net DEMO_i/BuzzerBooster_Driver_0/U0/BuzzerBooster_Driver_v1_0_S00_AXI_inst/pwm_cycles_reg[21]_i_25_n_0. Optimizations did not improve timing on the net.
INFO: [Physopt 32-702] Processed net DEMO_i/BuzzerBooster_Driver_0/U0/BuzzerBooster_Driver_v1_0_S00_AXI_inst/pwm_cycles_reg[21]_i_30_n_0. Optimizations did not improve timing on the net.
INFO: [Physopt 32-702] Processed net DEMO_i/BuzzerBooster_Driver_0/U0/BuzzerBooster_Driver_v1_0_S00_AXI_inst/pwm_cycles[21]_i_36_n_0. Optimizations did not improve timing on the net.
INFO: [Physopt 32-702] Processed net DEMO_i/BuzzerBooster_Driver_0/U0/BuzzerBooster_Driver_v1_0_S00_AXI_inst/pwm_cycles10_in[22]. Optimizations did not improve timing on the net.
INFO: [Physopt 32-702] Processed net DEMO_i/BuzzerBooster_Driver_0/U0/BuzzerBooster_Driver_v1_0_S00_AXI_inst/pwm_cycles_reg[22]_i_3_n_0. Optimizations did not improve timing on the net.
INFO: [Physopt 32-702] Processed net DEMO_i/BuzzerBooster_Driver_0/U0/BuzzerBooster_Driver_v1_0_S00_AXI_inst/pwm_cycles_reg[22]_i_5_n_0. Optimizations did not improve timing on the net.
INFO: [Physopt 32-702] Processed net DEMO_i/BuzzerBooster_Driver_0/U0/BuzzerBooster_Driver_v1_0_S00_AXI_inst/pwm_cycles_reg[22]_i_10_n_0. Optimizations did not improve timing on the net.
INFO: [Physopt 32-702] Processed net DEMO_i/BuzzerBooster_Driver_0/U0/BuzzerBooster_Driver_v1_0_S00_AXI_inst/pwm_cycles_reg[22]_i_15_n_0. Optimizations did not improve timing on the net.
INFO: [Physopt 32-702] Processed net DEMO_i/BuzzerBooster_Driver_0/U0/BuzzerBooster_Driver_v1_0_S00_AXI_inst/pwm_cycles_reg[22]_i_20_n_0. Optimizations did not improve timing on the net.
INFO: [Physopt 32-702] Processed net DEMO_i/BuzzerBooster_Driver_0/U0/BuzzerBooster_Driver_v1_0_S00_AXI_inst/pwm_cycles_reg[22]_i_25_n_0. Optimizations did not improve timing on the net.
INFO: [Physopt 32-702] Processed net DEMO_i/BuzzerBooster_Driver_0/U0/BuzzerBooster_Driver_v1_0_S00_AXI_inst/pwm_cycles_reg[22]_i_30_n_0. Optimizations did not improve timing on the net.
INFO: [Physopt 32-702] Processed net DEMO_i/BuzzerBooster_Driver_0/U0/BuzzerBooster_Driver_v1_0_S00_AXI_inst/pwm_cycles_reg[22]_i_35_n_0. Optimizations did not improve timing on the net.
INFO: [Physopt 32-702] Processed net DEMO_i/BuzzerBooster_Driver_0/U0/BuzzerBooster_Driver_v1_0_S00_AXI_inst/pwm_cycles[22]_i_42_n_0. Optimizations did not improve timing on the net.
INFO: [Physopt 32-702] Processed net DEMO_i/BuzzerBooster_Driver_0/U0/BuzzerBooster_Driver_v1_0_S00_AXI_inst/pwm_cycles10_in[23]. Optimizations did not improve timing on the net.
INFO: [Physopt 32-702] Processed net DEMO_i/BuzzerBooster_Driver_0/U0/BuzzerBooster_Driver_v1_0_S00_AXI_inst/pwm_cycles_reg[23]_i_3_n_0. Optimizations did not improve timing on the net.
INFO: [Physopt 32-702] Processed net DEMO_i/BuzzerBooster_Driver_0/U0/BuzzerBooster_Driver_v1_0_S00_AXI_inst/pwm_cycles_reg[23]_i_5_n_0. Optimizations did not improve timing on the net.
INFO: [Physopt 32-702] Processed net DEMO_i/BuzzerBooster_Driver_0/U0/BuzzerBooster_Driver_v1_0_S00_AXI_inst/pwm_cycles_reg[23]_i_10_n_0. Optimizations did not improve timing on the net.
INFO: [Physopt 32-702] Processed net DEMO_i/BuzzerBooster_Driver_0/U0/BuzzerBooster_Driver_v1_0_S00_AXI_inst/pwm_cycles_reg[23]_i_15_n_0. Optimizations did not improve timing on the net.
INFO: [Physopt 32-702] Processed net DEMO_i/BuzzerBooster_Driver_0/U0/BuzzerBooster_Driver_v1_0_S00_AXI_inst/pwm_cycles_reg[23]_i_20_n_0. Optimizations did not improve timing on the net.
INFO: [Physopt 32-702] Processed net DEMO_i/BuzzerBooster_Driver_0/U0/BuzzerBooster_Driver_v1_0_S00_AXI_inst/pwm_cycles_reg[23]_i_25_n_0. Optimizations did not improve timing on the net.
INFO: [Physopt 32-702] Processed net DEMO_i/BuzzerBooster_Driver_0/U0/BuzzerBooster_Driver_v1_0_S00_AXI_inst/pwm_cycles_reg[23]_i_30_n_0. Optimizations did not improve timing on the net.
INFO: [Physopt 32-702] Processed net DEMO_i/BuzzerBooster_Driver_0/U0/BuzzerBooster_Driver_v1_0_S00_AXI_inst/pwm_cycles_reg[23]_i_35_n_0. Optimizations did not improve timing on the net.
INFO: [Physopt 32-702] Processed net DEMO_i/BuzzerBooster_Driver_0/U0/BuzzerBooster_Driver_v1_0_S00_AXI_inst/pwm_cycles10_in[24]. Optimizations did not improve timing on the net.
INFO: [Physopt 32-702] Processed net DEMO_i/BuzzerBooster_Driver_0/U0/BuzzerBooster_Driver_v1_0_S00_AXI_inst/pwm_cycles_reg[24]_i_3_n_0. Optimizations did not improve timing on the net.
INFO: [Physopt 32-702] Processed net DEMO_i/BuzzerBooster_Driver_0/U0/BuzzerBooster_Driver_v1_0_S00_AXI_inst/pwm_cycles_reg[24]_i_5_n_0. Optimizations did not improve timing on the net.
INFO: [Physopt 32-702] Processed net DEMO_i/BuzzerBooster_Driver_0/U0/BuzzerBooster_Driver_v1_0_S00_AXI_inst/pwm_cycles_reg[24]_i_10_n_0. Optimizations did not improve timing on the net.
INFO: [Physopt 32-702] Processed net DEMO_i/BuzzerBooster_Driver_0/U0/BuzzerBooster_Driver_v1_0_S00_AXI_inst/pwm_cycles_reg[24]_i_15_n_0. Optimizations did not improve timing on the net.
INFO: [Physopt 32-702] Processed net DEMO_i/BuzzerBooster_Driver_0/U0/BuzzerBooster_Driver_v1_0_S00_AXI_inst/pwm_cycles_reg[24]_i_20_n_0. Optimizations did not improve timing on the net.
INFO: [Physopt 32-702] Processed net DEMO_i/BuzzerBooster_Driver_0/U0/BuzzerBooster_Driver_v1_0_S00_AXI_inst/pwm_cycles_reg[24]_i_25_n_0. Optimizations did not improve timing on the net.
INFO: [Physopt 32-702] Processed net DEMO_i/BuzzerBooster_Driver_0/U0/BuzzerBooster_Driver_v1_0_S00_AXI_inst/pwm_cycles_reg[24]_i_30_n_0. Optimizations did not improve timing on the net.
INFO: [Physopt 32-702] Processed net DEMO_i/BuzzerBooster_Driver_0/U0/BuzzerBooster_Driver_v1_0_S00_AXI_inst/pwm_cycles_reg[24]_i_35_n_0. Optimizations did not improve timing on the net.
INFO: [Physopt 32-702] Processed net DEMO_i/BuzzerBooster_Driver_0/U0/BuzzerBooster_Driver_v1_0_S00_AXI_inst/pwm_cycles[24]_i_42_n_0. Optimizations did not improve timing on the net.
INFO: [Physopt 32-702] Processed net DEMO_i/BuzzerBooster_Driver_0/U0/BuzzerBooster_Driver_v1_0_S00_AXI_inst/pwm_cycles10_in[25]. Optimizations did not improve timing on the net.
INFO: [Physopt 32-702] Processed net DEMO_i/BuzzerBooster_Driver_0/U0/BuzzerBooster_Driver_v1_0_S00_AXI_inst/pwm_cycles_reg[25]_i_3_n_0. Optimizations did not improve timing on the net.
INFO: [Physopt 32-702] Processed net DEMO_i/BuzzerBooster_Driver_0/U0/BuzzerBooster_Driver_v1_0_S00_AXI_inst/pwm_cycles_reg[25]_i_5_n_0. Optimizations did not improve timing on the net.
INFO: [Physopt 32-702] Processed net DEMO_i/BuzzerBooster_Driver_0/U0/BuzzerBooster_Driver_v1_0_S00_AXI_inst/pwm_cycles_reg[25]_i_10_n_0. Optimizations did not improve timing on the net.
INFO: [Physopt 32-702] Processed net DEMO_i/BuzzerBooster_Driver_0/U0/BuzzerBooster_Driver_v1_0_S00_AXI_inst/pwm_cycles_reg[25]_i_15_n_0. Optimizations did not improve timing on the net.
INFO: [Physopt 32-702] Processed net DEMO_i/BuzzerBooster_Driver_0/U0/BuzzerBooster_Driver_v1_0_S00_AXI_inst/pwm_cycles_reg[25]_i_20_n_0. Optimizations did not improve timing on the net.
INFO: [Physopt 32-702] Processed net DEMO_i/BuzzerBooster_Driver_0/U0/BuzzerBooster_Driver_v1_0_S00_AXI_inst/pwm_cycles_reg[25]_i_25_n_0. Optimizations did not improve timing on the net.
INFO: [Physopt 32-702] Processed net DEMO_i/BuzzerBooster_Driver_0/U0/BuzzerBooster_Driver_v1_0_S00_AXI_inst/pwm_cycles_reg[25]_i_30_n_0. Optimizations did not improve timing on the net.
INFO: [Physopt 32-702] Processed net DEMO_i/BuzzerBooster_Driver_0/U0/BuzzerBooster_Driver_v1_0_S00_AXI_inst/pwm_cycles_reg[25]_i_35_n_0. Optimizations did not improve timing on the net.
INFO: [Physopt 32-702] Processed net DEMO_i/BuzzerBooster_Driver_0/U0/BuzzerBooster_Driver_v1_0_S00_AXI_inst/pwm_cycles[25]_i_43_n_0. Optimizations did not improve timing on the net.
INFO: [Physopt 32-702] Processed net DEMO_i/BuzzerBooster_Driver_0/U0/BuzzerBooster_Driver_v1_0_S00_AXI_inst/pwm_cycles10_in[26]. Optimizations did not improve timing on the net.
INFO: [Physopt 32-702] Processed net DEMO_i/BuzzerBooster_Driver_0/U0/BuzzerBooster_Driver_v1_0_S00_AXI_inst/pwm_cycles[26]_i_8_n_0. Optimizations did not improve timing on the net.
INFO: [Physopt 32-702] Processed net DEMO_i/BuzzerBooster_Driver_0/U0/BuzzerBooster_Driver_v1_0_S00_AXI_inst/pwm_cycles3[29]. Optimizations did not improve timing on the net.
INFO: [Physopt 32-702] Processed net DEMO_i/BuzzerBooster_Driver_0/U0/BuzzerBooster_Driver_v1_0_S00_AXI_inst/pwm_cycles_reg[26]_i_20_n_0. Optimizations did not improve timing on the net.
INFO: [Physopt 32-702] Processed net DEMO_i/BuzzerBooster_Driver_0/U0/BuzzerBooster_Driver_v1_0_S00_AXI_inst/pwm_cycles_reg[26]_i_30_n_0. Optimizations did not improve timing on the net.
INFO: [Physopt 32-702] Processed net DEMO_i/BuzzerBooster_Driver_0/U0/BuzzerBooster_Driver_v1_0_S00_AXI_inst/pwm_cycles_reg[26]_i_46_n_0. Optimizations did not improve timing on the net.
INFO: [Physopt 32-702] Processed net DEMO_i/BuzzerBooster_Driver_0/U0/BuzzerBooster_Driver_v1_0_S00_AXI_inst/pwm_cycles_reg[26]_i_60_n_0. Optimizations did not improve timing on the net.
INFO: [Physopt 32-702] Processed net DEMO_i/BuzzerBooster_Driver_0/U0/BuzzerBooster_Driver_v1_0_S00_AXI_inst/pwm_cycles_reg[26]_i_74_n_0. Optimizations did not improve timing on the net.
INFO: [Physopt 32-702] Processed net DEMO_i/BuzzerBooster_Driver_0/U0/BuzzerBooster_Driver_v1_0_S00_AXI_inst/pwm_cycles_reg[26]_i_88_n_0. Optimizations did not improve timing on the net.
INFO: [Physopt 32-702] Processed net DEMO_i/BuzzerBooster_Driver_0/U0/BuzzerBooster_Driver_v1_0_S00_AXI_inst/pwm_cycles_reg[26]_i_101_n_0. Optimizations did not improve timing on the net.
INFO: [Physopt 32-662] Processed net DEMO_i/BuzzerBooster_Driver_0/U0/BuzzerBooster_Driver_v1_0_S00_AXI_inst/pwm_cycles[26]_i_106_n_0.  Did not re-place instance DEMO_i/BuzzerBooster_Driver_0/U0/BuzzerBooster_Driver_v1_0_S00_AXI_inst/pwm_cycles[26]_i_106
INFO: [Physopt 32-702] Processed net DEMO_i/BuzzerBooster_Driver_0/U0/BuzzerBooster_Driver_v1_0_S00_AXI_inst/pwm_cycles[26]_i_106_n_0. Optimizations did not improve timing on the net.
INFO: [Physopt 32-662] Processed net DEMO_i/BuzzerBooster_Driver_0/U0/BuzzerBooster_Driver_v1_0_S00_AXI_inst/duty_cycle3__1_i_7_n_0.  Did not re-place instance DEMO_i/BuzzerBooster_Driver_0/U0/BuzzerBooster_Driver_v1_0_S00_AXI_inst/duty_cycle3__1_i_7
INFO: [Physopt 32-702] Processed net DEMO_i/BuzzerBooster_Driver_0/U0/BuzzerBooster_Driver_v1_0_S00_AXI_inst/duty_cycle3__1_i_7_n_0. Optimizations did not improve timing on the net.
INFO: [Physopt 32-81] Processed net DEMO_i/BuzzerBooster_Driver_0/U0/BuzzerBooster_Driver_v1_0_S00_AXI_inst/frequency[0]. Replicated 3 times.
INFO: [Physopt 32-735] Processed net DEMO_i/BuzzerBooster_Driver_0/U0/BuzzerBooster_Driver_v1_0_S00_AXI_inst/frequency[0]. Optimization improves timing on the net.
INFO: [Physopt 32-619] Estimated Timing Summary | WNS=-72.990 | TNS=-2882.920 |
INFO: [Physopt 32-572] Net DEMO_i/BuzzerBooster_Driver_0/U0/BuzzerBooster_Driver_v1_0_S00_AXI_inst/frequency[0] was not replicated.
Resolution: phys_opt_design can be forced to replicate a net driver using the option -force_replication_on_nets <list of net objects>.
INFO: [Physopt 32-662] Processed net DEMO_i/BuzzerBooster_Driver_0/U0/BuzzerBooster_Driver_v1_0_S00_AXI_inst/frequency[0].  Did not re-place instance DEMO_i/BuzzerBooster_Driver_0/U0/BuzzerBooster_Driver_v1_0_S00_AXI_inst/frequency_reg[0]
INFO: [Physopt 32-81] Processed net DEMO_i/BuzzerBooster_Driver_0/U0/BuzzerBooster_Driver_v1_0_S00_AXI_inst/frequency[0]. Replicated 1 times.
INFO: [Physopt 32-735] Processed net DEMO_i/BuzzerBooster_Driver_0/U0/BuzzerBooster_Driver_v1_0_S00_AXI_inst/frequency[0]. Optimization improves timing on the net.
INFO: [Physopt 32-619] Estimated Timing Summary | WNS=-72.982 | TNS=-2882.608 |
INFO: [Physopt 32-662] Processed net DEMO_i/BuzzerBooster_Driver_0/U0/BuzzerBooster_Driver_v1_0_S00_AXI_inst/frequency[0].  Did not re-place instance DEMO_i/BuzzerBooster_Driver_0/U0/BuzzerBooster_Driver_v1_0_S00_AXI_inst/frequency_reg[0]
INFO: [Physopt 32-572] Net DEMO_i/BuzzerBooster_Driver_0/U0/BuzzerBooster_Driver_v1_0_S00_AXI_inst/frequency[0] was not replicated.
Resolution: phys_opt_design can be forced to replicate a net driver using the option -force_replication_on_nets <list of net objects>.
INFO: [Physopt 32-702] Processed net DEMO_i/BuzzerBooster_Driver_0/U0/BuzzerBooster_Driver_v1_0_S00_AXI_inst/frequency[0]. Optimizations did not improve timing on the net.
INFO: [Physopt 32-662] Processed net DEMO_i/BuzzerBooster_Driver_0/U0/BuzzerBooster_Driver_v1_0_S00_AXI_inst/duty_cycle3__1_i_7_psdsp_n.  Did not re-place instance DEMO_i/BuzzerBooster_Driver_0/U0/BuzzerBooster_Driver_v1_0_S00_AXI_inst/duty_cycle3__1_i_7_psdsp
INFO: [Physopt 32-702] Processed net DEMO_i/BuzzerBooster_Driver_0/U0/BuzzerBooster_Driver_v1_0_S00_AXI_inst/duty_cycle3__1_i_7_psdsp_n. Optimizations did not improve timing on the net.
INFO: [Physopt 32-702] Processed net DEMO_i/processing_system7_0/inst/FCLK_CLK_unbuffered[0]. Optimizations did not improve timing on the net.
INFO: [Physopt 32-702] Processed net DEMO_i/BuzzerBooster_Driver_0/U0/BuzzerBooster_Driver_v1_0_S00_AXI_inst/pwm_cycles1[21]. Optimizations did not improve timing on the net.
INFO: [Physopt 32-662] Processed net DEMO_i/BuzzerBooster_Driver_0/U0/BuzzerBooster_Driver_v1_0_S00_AXI_inst/pwm_cycles00_carry_i_1_n_0.  Did not re-place instance DEMO_i/BuzzerBooster_Driver_0/U0/BuzzerBooster_Driver_v1_0_S00_AXI_inst/pwm_cycles00_carry_i_1
INFO: [Physopt 32-702] Processed net DEMO_i/BuzzerBooster_Driver_0/U0/BuzzerBooster_Driver_v1_0_S00_AXI_inst/pwm_cycles00_carry_i_1_n_0. Optimizations did not improve timing on the net.
INFO: [Physopt 32-702] Processed net DEMO_i/BuzzerBooster_Driver_0/U0/BuzzerBooster_Driver_v1_0_S00_AXI_inst/pwm_cycles10_in[0]. Optimizations did not improve timing on the net.
INFO: [Physopt 32-702] Processed net DEMO_i/BuzzerBooster_Driver_0/U0/BuzzerBooster_Driver_v1_0_S00_AXI_inst/pwm_cycles[0]_i_42_n_0. Optimizations did not improve timing on the net.
INFO: [Physopt 32-702] Processed net DEMO_i/BuzzerBooster_Driver_0/U0/BuzzerBooster_Driver_v1_0_S00_AXI_inst/pwm_cycles10_in[1]. Optimizations did not improve timing on the net.
INFO: [Physopt 32-702] Processed net DEMO_i/BuzzerBooster_Driver_0/U0/BuzzerBooster_Driver_v1_0_S00_AXI_inst/pwm_cycles[1]_i_43_n_0. Optimizations did not improve timing on the net.
INFO: [Physopt 32-702] Processed net DEMO_i/BuzzerBooster_Driver_0/U0/BuzzerBooster_Driver_v1_0_S00_AXI_inst/pwm_cycles10_in[2]. Optimizations did not improve timing on the net.
INFO: [Physopt 32-702] Processed net DEMO_i/BuzzerBooster_Driver_0/U0/BuzzerBooster_Driver_v1_0_S00_AXI_inst/pwm_cycles[2]_i_43_n_0. Optimizations did not improve timing on the net.
INFO: [Physopt 32-702] Processed net DEMO_i/BuzzerBooster_Driver_0/U0/BuzzerBooster_Driver_v1_0_S00_AXI_inst/pwm_cycles10_in[3]. Optimizations did not improve timing on the net.
INFO: [Physopt 32-702] Processed net DEMO_i/BuzzerBooster_Driver_0/U0/BuzzerBooster_Driver_v1_0_S00_AXI_inst/pwm_cycles[3]_i_43_n_0. Optimizations did not improve timing on the net.
INFO: [Physopt 32-702] Processed net DEMO_i/BuzzerBooster_Driver_0/U0/BuzzerBooster_Driver_v1_0_S00_AXI_inst/pwm_cycles10_in[4]. Optimizations did not improve timing on the net.
INFO: [Physopt 32-702] Processed net DEMO_i/BuzzerBooster_Driver_0/U0/BuzzerBooster_Driver_v1_0_S00_AXI_inst/pwm_cycles[4]_i_43_n_0. Optimizations did not improve timing on the net.
INFO: [Physopt 32-702] Processed net DEMO_i/BuzzerBooster_Driver_0/U0/BuzzerBooster_Driver_v1_0_S00_AXI_inst/pwm_cycles10_in[5]. Optimizations did not improve timing on the net.
INFO: [Physopt 32-702] Processed net DEMO_i/BuzzerBooster_Driver_0/U0/BuzzerBooster_Driver_v1_0_S00_AXI_inst/pwm_cycles[5]_i_43_n_0. Optimizations did not improve timing on the net.
INFO: [Physopt 32-702] Processed net DEMO_i/BuzzerBooster_Driver_0/U0/BuzzerBooster_Driver_v1_0_S00_AXI_inst/pwm_cycles10_in[6]. Optimizations did not improve timing on the net.
INFO: [Physopt 32-702] Processed net DEMO_i/BuzzerBooster_Driver_0/U0/BuzzerBooster_Driver_v1_0_S00_AXI_inst/pwm_cycles[6]_i_43_n_0. Optimizations did not improve timing on the net.
INFO: [Physopt 32-702] Processed net DEMO_i/BuzzerBooster_Driver_0/U0/BuzzerBooster_Driver_v1_0_S00_AXI_inst/pwm_cycles10_in[7]. Optimizations did not improve timing on the net.
INFO: [Physopt 32-702] Processed net DEMO_i/BuzzerBooster_Driver_0/U0/BuzzerBooster_Driver_v1_0_S00_AXI_inst/pwm_cycles[7]_i_43_n_0. Optimizations did not improve timing on the net.
INFO: [Physopt 32-702] Processed net DEMO_i/BuzzerBooster_Driver_0/U0/BuzzerBooster_Driver_v1_0_S00_AXI_inst/pwm_cycles10_in[8]. Optimizations did not improve timing on the net.
INFO: [Physopt 32-702] Processed net DEMO_i/BuzzerBooster_Driver_0/U0/BuzzerBooster_Driver_v1_0_S00_AXI_inst/pwm_cycles[8]_i_42_n_0. Optimizations did not improve timing on the net.
INFO: [Physopt 32-702] Processed net DEMO_i/BuzzerBooster_Driver_0/U0/BuzzerBooster_Driver_v1_0_S00_AXI_inst/pwm_cycles10_in[9]. Optimizations did not improve timing on the net.
INFO: [Physopt 32-702] Processed net DEMO_i/BuzzerBooster_Driver_0/U0/BuzzerBooster_Driver_v1_0_S00_AXI_inst/pwm_cycles[9]_i_43_n_0. Optimizations did not improve timing on the net.
INFO: [Physopt 32-702] Processed net DEMO_i/BuzzerBooster_Driver_0/U0/BuzzerBooster_Driver_v1_0_S00_AXI_inst/pwm_cycles10_in[10]. Optimizations did not improve timing on the net.
INFO: [Physopt 32-702] Processed net DEMO_i/BuzzerBooster_Driver_0/U0/BuzzerBooster_Driver_v1_0_S00_AXI_inst/pwm_cycles[10]_i_43_n_0. Optimizations did not improve timing on the net.
INFO: [Physopt 32-702] Processed net DEMO_i/BuzzerBooster_Driver_0/U0/BuzzerBooster_Driver_v1_0_S00_AXI_inst/pwm_cycles10_in[11]. Optimizations did not improve timing on the net.
INFO: [Physopt 32-702] Processed net DEMO_i/BuzzerBooster_Driver_0/U0/BuzzerBooster_Driver_v1_0_S00_AXI_inst/pwm_cycles[11]_i_43_n_0. Optimizations did not improve timing on the net.
INFO: [Physopt 32-702] Processed net DEMO_i/BuzzerBooster_Driver_0/U0/BuzzerBooster_Driver_v1_0_S00_AXI_inst/pwm_cycles10_in[12]. Optimizations did not improve timing on the net.
INFO: [Physopt 32-702] Processed net DEMO_i/BuzzerBooster_Driver_0/U0/BuzzerBooster_Driver_v1_0_S00_AXI_inst/pwm_cycles[12]_i_43_n_0. Optimizations did not improve timing on the net.
INFO: [Physopt 32-702] Processed net DEMO_i/BuzzerBooster_Driver_0/U0/BuzzerBooster_Driver_v1_0_S00_AXI_inst/pwm_cycles10_in[13]. Optimizations did not improve timing on the net.
INFO: [Physopt 32-702] Processed net DEMO_i/BuzzerBooster_Driver_0/U0/BuzzerBooster_Driver_v1_0_S00_AXI_inst/pwm_cycles[13]_i_42_n_0. Optimizations did not improve timing on the net.
INFO: [Physopt 32-702] Processed net DEMO_i/BuzzerBooster_Driver_0/U0/BuzzerBooster_Driver_v1_0_S00_AXI_inst/pwm_cycles10_in[14]. Optimizations did not improve timing on the net.
INFO: [Physopt 32-702] Processed net DEMO_i/BuzzerBooster_Driver_0/U0/BuzzerBooster_Driver_v1_0_S00_AXI_inst/pwm_cycles[14]_i_42_n_0. Optimizations did not improve timing on the net.
INFO: [Physopt 32-702] Processed net DEMO_i/BuzzerBooster_Driver_0/U0/BuzzerBooster_Driver_v1_0_S00_AXI_inst/pwm_cycles10_in[15]. Optimizations did not improve timing on the net.
INFO: [Physopt 32-702] Processed net DEMO_i/BuzzerBooster_Driver_0/U0/BuzzerBooster_Driver_v1_0_S00_AXI_inst/pwm_cycles[15]_i_42_n_0. Optimizations did not improve timing on the net.
INFO: [Physopt 32-702] Processed net DEMO_i/BuzzerBooster_Driver_0/U0/BuzzerBooster_Driver_v1_0_S00_AXI_inst/pwm_cycles10_in[16]. Optimizations did not improve timing on the net.
INFO: [Physopt 32-702] Processed net DEMO_i/BuzzerBooster_Driver_0/U0/BuzzerBooster_Driver_v1_0_S00_AXI_inst/pwm_cycles[16]_i_42_n_0. Optimizations did not improve timing on the net.
INFO: [Physopt 32-702] Processed net DEMO_i/BuzzerBooster_Driver_0/U0/BuzzerBooster_Driver_v1_0_S00_AXI_inst/pwm_cycles10_in[17]. Optimizations did not improve timing on the net.
INFO: [Physopt 32-702] Processed net DEMO_i/BuzzerBooster_Driver_0/U0/BuzzerBooster_Driver_v1_0_S00_AXI_inst/pwm_cycles[17]_i_43_n_0. Optimizations did not improve timing on the net.
INFO: [Physopt 32-702] Processed net DEMO_i/BuzzerBooster_Driver_0/U0/BuzzerBooster_Driver_v1_0_S00_AXI_inst/pwm_cycles10_in[18]. Optimizations did not improve timing on the net.
INFO: [Physopt 32-702] Processed net DEMO_i/BuzzerBooster_Driver_0/U0/BuzzerBooster_Driver_v1_0_S00_AXI_inst/pwm_cycles[18]_i_42_n_0. Optimizations did not improve timing on the net.
INFO: [Physopt 32-702] Processed net DEMO_i/BuzzerBooster_Driver_0/U0/BuzzerBooster_Driver_v1_0_S00_AXI_inst/pwm_cycles10_in[19]. Optimizations did not improve timing on the net.
INFO: [Physopt 32-702] Processed net DEMO_i/BuzzerBooster_Driver_0/U0/BuzzerBooster_Driver_v1_0_S00_AXI_inst/pwm_cycles[19]_i_43_n_0. Optimizations did not improve timing on the net.
INFO: [Physopt 32-702] Processed net DEMO_i/BuzzerBooster_Driver_0/U0/BuzzerBooster_Driver_v1_0_S00_AXI_inst/pwm_cycles10_in[20]. Optimizations did not improve timing on the net.
INFO: [Physopt 32-702] Processed net DEMO_i/BuzzerBooster_Driver_0/U0/BuzzerBooster_Driver_v1_0_S00_AXI_inst/pwm_cycles[20]_i_42_n_0. Optimizations did not improve timing on the net.
INFO: [Physopt 32-702] Processed net DEMO_i/BuzzerBooster_Driver_0/U0/BuzzerBooster_Driver_v1_0_S00_AXI_inst/pwm_cycles10_in[21]. Optimizations did not improve timing on the net.
INFO: [Physopt 32-702] Processed net DEMO_i/BuzzerBooster_Driver_0/U0/BuzzerBooster_Driver_v1_0_S00_AXI_inst/pwm_cycles[21]_i_36_n_0. Optimizations did not improve timing on the net.
INFO: [Physopt 32-702] Processed net DEMO_i/BuzzerBooster_Driver_0/U0/BuzzerBooster_Driver_v1_0_S00_AXI_inst/pwm_cycles10_in[22]. Optimizations did not improve timing on the net.
INFO: [Physopt 32-702] Processed net DEMO_i/BuzzerBooster_Driver_0/U0/BuzzerBooster_Driver_v1_0_S00_AXI_inst/pwm_cycles[22]_i_42_n_0. Optimizations did not improve timing on the net.
INFO: [Physopt 32-702] Processed net DEMO_i/BuzzerBooster_Driver_0/U0/BuzzerBooster_Driver_v1_0_S00_AXI_inst/pwm_cycles10_in[23]. Optimizations did not improve timing on the net.
INFO: [Physopt 32-702] Processed net DEMO_i/BuzzerBooster_Driver_0/U0/BuzzerBooster_Driver_v1_0_S00_AXI_inst/pwm_cycles10_in[24]. Optimizations did not improve timing on the net.
INFO: [Physopt 32-702] Processed net DEMO_i/BuzzerBooster_Driver_0/U0/BuzzerBooster_Driver_v1_0_S00_AXI_inst/pwm_cycles[24]_i_42_n_0. Optimizations did not improve timing on the net.
INFO: [Physopt 32-702] Processed net DEMO_i/BuzzerBooster_Driver_0/U0/BuzzerBooster_Driver_v1_0_S00_AXI_inst/pwm_cycles10_in[25]. Optimizations did not improve timing on the net.
INFO: [Physopt 32-702] Processed net DEMO_i/BuzzerBooster_Driver_0/U0/BuzzerBooster_Driver_v1_0_S00_AXI_inst/pwm_cycles[25]_i_43_n_0. Optimizations did not improve timing on the net.
INFO: [Physopt 32-702] Processed net DEMO_i/BuzzerBooster_Driver_0/U0/BuzzerBooster_Driver_v1_0_S00_AXI_inst/pwm_cycles10_in[26]. Optimizations did not improve timing on the net.
INFO: [Physopt 32-702] Processed net DEMO_i/BuzzerBooster_Driver_0/U0/BuzzerBooster_Driver_v1_0_S00_AXI_inst/pwm_cycles[26]_i_8_n_0. Optimizations did not improve timing on the net.
INFO: [Physopt 32-702] Processed net DEMO_i/BuzzerBooster_Driver_0/U0/BuzzerBooster_Driver_v1_0_S00_AXI_inst/pwm_cycles3[29]. Optimizations did not improve timing on the net.
INFO: [Physopt 32-662] Processed net DEMO_i/BuzzerBooster_Driver_0/U0/BuzzerBooster_Driver_v1_0_S00_AXI_inst/pwm_cycles[26]_i_106_n_0.  Did not re-place instance DEMO_i/BuzzerBooster_Driver_0/U0/BuzzerBooster_Driver_v1_0_S00_AXI_inst/pwm_cycles[26]_i_106
INFO: [Physopt 32-702] Processed net DEMO_i/BuzzerBooster_Driver_0/U0/BuzzerBooster_Driver_v1_0_S00_AXI_inst/pwm_cycles[26]_i_106_n_0. Optimizations did not improve timing on the net.
INFO: [Physopt 32-662] Processed net DEMO_i/BuzzerBooster_Driver_0/U0/BuzzerBooster_Driver_v1_0_S00_AXI_inst/duty_cycle3__1_i_7_n_0.  Did not re-place instance DEMO_i/BuzzerBooster_Driver_0/U0/BuzzerBooster_Driver_v1_0_S00_AXI_inst/duty_cycle3__1_i_7
INFO: [Physopt 32-702] Processed net DEMO_i/BuzzerBooster_Driver_0/U0/BuzzerBooster_Driver_v1_0_S00_AXI_inst/duty_cycle3__1_i_7_n_0. Optimizations did not improve timing on the net.
INFO: [Physopt 32-662] Processed net DEMO_i/BuzzerBooster_Driver_0/U0/BuzzerBooster_Driver_v1_0_S00_AXI_inst/frequency[0].  Did not re-place instance DEMO_i/BuzzerBooster_Driver_0/U0/BuzzerBooster_Driver_v1_0_S00_AXI_inst/frequency_reg[0]
INFO: [Physopt 32-702] Processed net DEMO_i/BuzzerBooster_Driver_0/U0/BuzzerBooster_Driver_v1_0_S00_AXI_inst/frequency[0]. Optimizations did not improve timing on the net.
INFO: [Physopt 32-619] Estimated Timing Summary | WNS=-72.982 | TNS=-2882.608 |
Phase 3 Critical Path Optimization | Checksum: 17b6687b2

Time (s): cpu = 00:00:25 ; elapsed = 00:00:17 . Memory (MB): peak = 2122.582 ; gain = 0.000

Phase 4 Critical Path Optimization
INFO: [Physopt 32-619] Estimated Timing Summary | WNS=-72.982 | TNS=-2882.608 |
INFO: [Physopt 32-662] Processed net DEMO_i/BuzzerBooster_Driver_0/U0/BuzzerBooster_Driver_v1_0_S00_AXI_inst/duty_cycle3__1_i_7_psdsp_n.  Did not re-place instance DEMO_i/BuzzerBooster_Driver_0/U0/BuzzerBooster_Driver_v1_0_S00_AXI_inst/duty_cycle3__1_i_7_psdsp
INFO: [Physopt 32-702] Processed net DEMO_i/BuzzerBooster_Driver_0/U0/BuzzerBooster_Driver_v1_0_S00_AXI_inst/duty_cycle3__1_i_7_psdsp_n. Optimizations did not improve timing on the net.
INFO: [Physopt 32-702] Processed net DEMO_i/processing_system7_0/inst/FCLK_CLK_unbuffered[0]. Optimizations did not improve timing on the net.
INFO: [Physopt 32-702] Processed net DEMO_i/BuzzerBooster_Driver_0/U0/BuzzerBooster_Driver_v1_0_S00_AXI_inst/pwm_cycles1[21]. Optimizations did not improve timing on the net.
INFO: [Physopt 32-702] Processed net DEMO_i/BuzzerBooster_Driver_0/U0/BuzzerBooster_Driver_v1_0_S00_AXI_inst/pwm_cycles00_carry__3_n_0. Optimizations did not improve timing on the net.
INFO: [Physopt 32-702] Processed net DEMO_i/BuzzerBooster_Driver_0/U0/BuzzerBooster_Driver_v1_0_S00_AXI_inst/pwm_cycles00_carry__2_n_0. Optimizations did not improve timing on the net.
INFO: [Physopt 32-702] Processed net DEMO_i/BuzzerBooster_Driver_0/U0/BuzzerBooster_Driver_v1_0_S00_AXI_inst/pwm_cycles00_carry__1_n_0. Optimizations did not improve timing on the net.
INFO: [Physopt 32-702] Processed net DEMO_i/BuzzerBooster_Driver_0/U0/BuzzerBooster_Driver_v1_0_S00_AXI_inst/pwm_cycles00_carry__0_n_0. Optimizations did not improve timing on the net.
INFO: [Physopt 32-702] Processed net DEMO_i/BuzzerBooster_Driver_0/U0/BuzzerBooster_Driver_v1_0_S00_AXI_inst/pwm_cycles00_carry_n_0. Optimizations did not improve timing on the net.
INFO: [Physopt 32-662] Processed net DEMO_i/BuzzerBooster_Driver_0/U0/BuzzerBooster_Driver_v1_0_S00_AXI_inst/pwm_cycles00_carry_i_1_n_0.  Did not re-place instance DEMO_i/BuzzerBooster_Driver_0/U0/BuzzerBooster_Driver_v1_0_S00_AXI_inst/pwm_cycles00_carry_i_1
INFO: [Physopt 32-702] Processed net DEMO_i/BuzzerBooster_Driver_0/U0/BuzzerBooster_Driver_v1_0_S00_AXI_inst/pwm_cycles00_carry_i_1_n_0. Optimizations did not improve timing on the net.
INFO: [Physopt 32-702] Processed net DEMO_i/BuzzerBooster_Driver_0/U0/BuzzerBooster_Driver_v1_0_S00_AXI_inst/pwm_cycles10_in[0]. Optimizations did not improve timing on the net.
INFO: [Physopt 32-702] Processed net DEMO_i/BuzzerBooster_Driver_0/U0/BuzzerBooster_Driver_v1_0_S00_AXI_inst/pwm_cycles_reg[0]_i_3_n_0. Optimizations did not improve timing on the net.
INFO: [Physopt 32-702] Processed net DEMO_i/BuzzerBooster_Driver_0/U0/BuzzerBooster_Driver_v1_0_S00_AXI_inst/pwm_cycles_reg[0]_i_8_n_0. Optimizations did not improve timing on the net.
INFO: [Physopt 32-702] Processed net DEMO_i/BuzzerBooster_Driver_0/U0/BuzzerBooster_Driver_v1_0_S00_AXI_inst/pwm_cycles_reg[0]_i_13_n_0. Optimizations did not improve timing on the net.
INFO: [Physopt 32-702] Processed net DEMO_i/BuzzerBooster_Driver_0/U0/BuzzerBooster_Driver_v1_0_S00_AXI_inst/pwm_cycles_reg[0]_i_18_n_0. Optimizations did not improve timing on the net.
INFO: [Physopt 32-702] Processed net DEMO_i/BuzzerBooster_Driver_0/U0/BuzzerBooster_Driver_v1_0_S00_AXI_inst/pwm_cycles_reg[0]_i_23_n_0. Optimizations did not improve timing on the net.
INFO: [Physopt 32-702] Processed net DEMO_i/BuzzerBooster_Driver_0/U0/BuzzerBooster_Driver_v1_0_S00_AXI_inst/pwm_cycles_reg[0]_i_28_n_0. Optimizations did not improve timing on the net.
INFO: [Physopt 32-702] Processed net DEMO_i/BuzzerBooster_Driver_0/U0/BuzzerBooster_Driver_v1_0_S00_AXI_inst/pwm_cycles_reg[0]_i_33_n_0. Optimizations did not improve timing on the net.
INFO: [Physopt 32-702] Processed net DEMO_i/BuzzerBooster_Driver_0/U0/BuzzerBooster_Driver_v1_0_S00_AXI_inst/pwm_cycles[0]_i_42_n_0. Optimizations did not improve timing on the net.
INFO: [Physopt 32-702] Processed net DEMO_i/BuzzerBooster_Driver_0/U0/BuzzerBooster_Driver_v1_0_S00_AXI_inst/pwm_cycles10_in[1]. Optimizations did not improve timing on the net.
INFO: [Physopt 32-702] Processed net DEMO_i/BuzzerBooster_Driver_0/U0/BuzzerBooster_Driver_v1_0_S00_AXI_inst/pwm_cycles_reg[1]_i_3_n_0. Optimizations did not improve timing on the net.
INFO: [Physopt 32-702] Processed net DEMO_i/BuzzerBooster_Driver_0/U0/BuzzerBooster_Driver_v1_0_S00_AXI_inst/pwm_cycles_reg[1]_i_5_n_0. Optimizations did not improve timing on the net.
INFO: [Physopt 32-702] Processed net DEMO_i/BuzzerBooster_Driver_0/U0/BuzzerBooster_Driver_v1_0_S00_AXI_inst/pwm_cycles_reg[1]_i_10_n_0. Optimizations did not improve timing on the net.
INFO: [Physopt 32-702] Processed net DEMO_i/BuzzerBooster_Driver_0/U0/BuzzerBooster_Driver_v1_0_S00_AXI_inst/pwm_cycles_reg[1]_i_15_n_0. Optimizations did not improve timing on the net.
INFO: [Physopt 32-702] Processed net DEMO_i/BuzzerBooster_Driver_0/U0/BuzzerBooster_Driver_v1_0_S00_AXI_inst/pwm_cycles_reg[1]_i_20_n_0. Optimizations did not improve timing on the net.
INFO: [Physopt 32-702] Processed net DEMO_i/BuzzerBooster_Driver_0/U0/BuzzerBooster_Driver_v1_0_S00_AXI_inst/pwm_cycles_reg[1]_i_25_n_0. Optimizations did not improve timing on the net.
INFO: [Physopt 32-702] Processed net DEMO_i/BuzzerBooster_Driver_0/U0/BuzzerBooster_Driver_v1_0_S00_AXI_inst/pwm_cycles_reg[1]_i_30_n_0. Optimizations did not improve timing on the net.
INFO: [Physopt 32-702] Processed net DEMO_i/BuzzerBooster_Driver_0/U0/BuzzerBooster_Driver_v1_0_S00_AXI_inst/pwm_cycles_reg[1]_i_35_n_0. Optimizations did not improve timing on the net.
INFO: [Physopt 32-702] Processed net DEMO_i/BuzzerBooster_Driver_0/U0/BuzzerBooster_Driver_v1_0_S00_AXI_inst/pwm_cycles[1]_i_43_n_0. Optimizations did not improve timing on the net.
INFO: [Physopt 32-702] Processed net DEMO_i/BuzzerBooster_Driver_0/U0/BuzzerBooster_Driver_v1_0_S00_AXI_inst/pwm_cycles10_in[2]. Optimizations did not improve timing on the net.
INFO: [Physopt 32-702] Processed net DEMO_i/BuzzerBooster_Driver_0/U0/BuzzerBooster_Driver_v1_0_S00_AXI_inst/pwm_cycles_reg[2]_i_3_n_0. Optimizations did not improve timing on the net.
INFO: [Physopt 32-702] Processed net DEMO_i/BuzzerBooster_Driver_0/U0/BuzzerBooster_Driver_v1_0_S00_AXI_inst/pwm_cycles_reg[2]_i_5_n_0. Optimizations did not improve timing on the net.
INFO: [Physopt 32-702] Processed net DEMO_i/BuzzerBooster_Driver_0/U0/BuzzerBooster_Driver_v1_0_S00_AXI_inst/pwm_cycles_reg[2]_i_10_n_0. Optimizations did not improve timing on the net.
INFO: [Physopt 32-702] Processed net DEMO_i/BuzzerBooster_Driver_0/U0/BuzzerBooster_Driver_v1_0_S00_AXI_inst/pwm_cycles_reg[2]_i_15_n_0. Optimizations did not improve timing on the net.
INFO: [Physopt 32-702] Processed net DEMO_i/BuzzerBooster_Driver_0/U0/BuzzerBooster_Driver_v1_0_S00_AXI_inst/pwm_cycles_reg[2]_i_20_n_0. Optimizations did not improve timing on the net.
INFO: [Physopt 32-702] Processed net DEMO_i/BuzzerBooster_Driver_0/U0/BuzzerBooster_Driver_v1_0_S00_AXI_inst/pwm_cycles_reg[2]_i_25_n_0. Optimizations did not improve timing on the net.
INFO: [Physopt 32-702] Processed net DEMO_i/BuzzerBooster_Driver_0/U0/BuzzerBooster_Driver_v1_0_S00_AXI_inst/pwm_cycles_reg[2]_i_30_n_0. Optimizations did not improve timing on the net.
INFO: [Physopt 32-702] Processed net DEMO_i/BuzzerBooster_Driver_0/U0/BuzzerBooster_Driver_v1_0_S00_AXI_inst/pwm_cycles_reg[2]_i_35_n_0. Optimizations did not improve timing on the net.
INFO: [Physopt 32-702] Processed net DEMO_i/BuzzerBooster_Driver_0/U0/BuzzerBooster_Driver_v1_0_S00_AXI_inst/pwm_cycles[2]_i_43_n_0. Optimizations did not improve timing on the net.
INFO: [Physopt 32-702] Processed net DEMO_i/BuzzerBooster_Driver_0/U0/BuzzerBooster_Driver_v1_0_S00_AXI_inst/pwm_cycles10_in[3]. Optimizations did not improve timing on the net.
INFO: [Physopt 32-702] Processed net DEMO_i/BuzzerBooster_Driver_0/U0/BuzzerBooster_Driver_v1_0_S00_AXI_inst/pwm_cycles_reg[3]_i_3_n_0. Optimizations did not improve timing on the net.
INFO: [Physopt 32-702] Processed net DEMO_i/BuzzerBooster_Driver_0/U0/BuzzerBooster_Driver_v1_0_S00_AXI_inst/pwm_cycles_reg[3]_i_5_n_0. Optimizations did not improve timing on the net.
INFO: [Physopt 32-702] Processed net DEMO_i/BuzzerBooster_Driver_0/U0/BuzzerBooster_Driver_v1_0_S00_AXI_inst/pwm_cycles_reg[3]_i_10_n_0. Optimizations did not improve timing on the net.
INFO: [Physopt 32-702] Processed net DEMO_i/BuzzerBooster_Driver_0/U0/BuzzerBooster_Driver_v1_0_S00_AXI_inst/pwm_cycles_reg[3]_i_15_n_0. Optimizations did not improve timing on the net.
INFO: [Physopt 32-702] Processed net DEMO_i/BuzzerBooster_Driver_0/U0/BuzzerBooster_Driver_v1_0_S00_AXI_inst/pwm_cycles_reg[3]_i_20_n_0. Optimizations did not improve timing on the net.
INFO: [Physopt 32-702] Processed net DEMO_i/BuzzerBooster_Driver_0/U0/BuzzerBooster_Driver_v1_0_S00_AXI_inst/pwm_cycles_reg[3]_i_25_n_0. Optimizations did not improve timing on the net.
INFO: [Physopt 32-702] Processed net DEMO_i/BuzzerBooster_Driver_0/U0/BuzzerBooster_Driver_v1_0_S00_AXI_inst/pwm_cycles_reg[3]_i_30_n_0. Optimizations did not improve timing on the net.
INFO: [Physopt 32-702] Processed net DEMO_i/BuzzerBooster_Driver_0/U0/BuzzerBooster_Driver_v1_0_S00_AXI_inst/pwm_cycles_reg[3]_i_35_n_0. Optimizations did not improve timing on the net.
INFO: [Physopt 32-702] Processed net DEMO_i/BuzzerBooster_Driver_0/U0/BuzzerBooster_Driver_v1_0_S00_AXI_inst/pwm_cycles[3]_i_43_n_0. Optimizations did not improve timing on the net.
INFO: [Physopt 32-702] Processed net DEMO_i/BuzzerBooster_Driver_0/U0/BuzzerBooster_Driver_v1_0_S00_AXI_inst/pwm_cycles10_in[4]. Optimizations did not improve timing on the net.
INFO: [Physopt 32-702] Processed net DEMO_i/BuzzerBooster_Driver_0/U0/BuzzerBooster_Driver_v1_0_S00_AXI_inst/pwm_cycles_reg[4]_i_3_n_0. Optimizations did not improve timing on the net.
INFO: [Physopt 32-702] Processed net DEMO_i/BuzzerBooster_Driver_0/U0/BuzzerBooster_Driver_v1_0_S00_AXI_inst/pwm_cycles_reg[4]_i_5_n_0. Optimizations did not improve timing on the net.
INFO: [Physopt 32-702] Processed net DEMO_i/BuzzerBooster_Driver_0/U0/BuzzerBooster_Driver_v1_0_S00_AXI_inst/pwm_cycles_reg[4]_i_10_n_0. Optimizations did not improve timing on the net.
INFO: [Physopt 32-702] Processed net DEMO_i/BuzzerBooster_Driver_0/U0/BuzzerBooster_Driver_v1_0_S00_AXI_inst/pwm_cycles_reg[4]_i_15_n_0. Optimizations did not improve timing on the net.
INFO: [Physopt 32-702] Processed net DEMO_i/BuzzerBooster_Driver_0/U0/BuzzerBooster_Driver_v1_0_S00_AXI_inst/pwm_cycles_reg[4]_i_20_n_0. Optimizations did not improve timing on the net.
INFO: [Physopt 32-702] Processed net DEMO_i/BuzzerBooster_Driver_0/U0/BuzzerBooster_Driver_v1_0_S00_AXI_inst/pwm_cycles_reg[4]_i_25_n_0. Optimizations did not improve timing on the net.
INFO: [Physopt 32-702] Processed net DEMO_i/BuzzerBooster_Driver_0/U0/BuzzerBooster_Driver_v1_0_S00_AXI_inst/pwm_cycles_reg[4]_i_30_n_0. Optimizations did not improve timing on the net.
INFO: [Physopt 32-702] Processed net DEMO_i/BuzzerBooster_Driver_0/U0/BuzzerBooster_Driver_v1_0_S00_AXI_inst/pwm_cycles_reg[4]_i_35_n_0. Optimizations did not improve timing on the net.
INFO: [Physopt 32-702] Processed net DEMO_i/BuzzerBooster_Driver_0/U0/BuzzerBooster_Driver_v1_0_S00_AXI_inst/pwm_cycles[4]_i_43_n_0. Optimizations did not improve timing on the net.
INFO: [Physopt 32-702] Processed net DEMO_i/BuzzerBooster_Driver_0/U0/BuzzerBooster_Driver_v1_0_S00_AXI_inst/pwm_cycles10_in[5]. Optimizations did not improve timing on the net.
INFO: [Physopt 32-702] Processed net DEMO_i/BuzzerBooster_Driver_0/U0/BuzzerBooster_Driver_v1_0_S00_AXI_inst/pwm_cycles_reg[5]_i_3_n_0. Optimizations did not improve timing on the net.
INFO: [Physopt 32-702] Processed net DEMO_i/BuzzerBooster_Driver_0/U0/BuzzerBooster_Driver_v1_0_S00_AXI_inst/pwm_cycles_reg[5]_i_5_n_0. Optimizations did not improve timing on the net.
INFO: [Physopt 32-702] Processed net DEMO_i/BuzzerBooster_Driver_0/U0/BuzzerBooster_Driver_v1_0_S00_AXI_inst/pwm_cycles_reg[5]_i_10_n_0. Optimizations did not improve timing on the net.
INFO: [Physopt 32-702] Processed net DEMO_i/BuzzerBooster_Driver_0/U0/BuzzerBooster_Driver_v1_0_S00_AXI_inst/pwm_cycles_reg[5]_i_15_n_0. Optimizations did not improve timing on the net.
INFO: [Physopt 32-702] Processed net DEMO_i/BuzzerBooster_Driver_0/U0/BuzzerBooster_Driver_v1_0_S00_AXI_inst/pwm_cycles_reg[5]_i_20_n_0. Optimizations did not improve timing on the net.
INFO: [Physopt 32-702] Processed net DEMO_i/BuzzerBooster_Driver_0/U0/BuzzerBooster_Driver_v1_0_S00_AXI_inst/pwm_cycles_reg[5]_i_25_n_0. Optimizations did not improve timing on the net.
INFO: [Physopt 32-702] Processed net DEMO_i/BuzzerBooster_Driver_0/U0/BuzzerBooster_Driver_v1_0_S00_AXI_inst/pwm_cycles_reg[5]_i_30_n_0. Optimizations did not improve timing on the net.
INFO: [Physopt 32-702] Processed net DEMO_i/BuzzerBooster_Driver_0/U0/BuzzerBooster_Driver_v1_0_S00_AXI_inst/pwm_cycles_reg[5]_i_35_n_0. Optimizations did not improve timing on the net.
INFO: [Physopt 32-702] Processed net DEMO_i/BuzzerBooster_Driver_0/U0/BuzzerBooster_Driver_v1_0_S00_AXI_inst/pwm_cycles[5]_i_43_n_0. Optimizations did not improve timing on the net.
INFO: [Physopt 32-702] Processed net DEMO_i/BuzzerBooster_Driver_0/U0/BuzzerBooster_Driver_v1_0_S00_AXI_inst/pwm_cycles10_in[6]. Optimizations did not improve timing on the net.
INFO: [Physopt 32-702] Processed net DEMO_i/BuzzerBooster_Driver_0/U0/BuzzerBooster_Driver_v1_0_S00_AXI_inst/pwm_cycles_reg[6]_i_3_n_0. Optimizations did not improve timing on the net.
INFO: [Physopt 32-702] Processed net DEMO_i/BuzzerBooster_Driver_0/U0/BuzzerBooster_Driver_v1_0_S00_AXI_inst/pwm_cycles_reg[6]_i_5_n_0. Optimizations did not improve timing on the net.
INFO: [Physopt 32-702] Processed net DEMO_i/BuzzerBooster_Driver_0/U0/BuzzerBooster_Driver_v1_0_S00_AXI_inst/pwm_cycles_reg[6]_i_10_n_0. Optimizations did not improve timing on the net.
INFO: [Physopt 32-702] Processed net DEMO_i/BuzzerBooster_Driver_0/U0/BuzzerBooster_Driver_v1_0_S00_AXI_inst/pwm_cycles_reg[6]_i_15_n_0. Optimizations did not improve timing on the net.
INFO: [Physopt 32-702] Processed net DEMO_i/BuzzerBooster_Driver_0/U0/BuzzerBooster_Driver_v1_0_S00_AXI_inst/pwm_cycles_reg[6]_i_20_n_0. Optimizations did not improve timing on the net.
INFO: [Physopt 32-702] Processed net DEMO_i/BuzzerBooster_Driver_0/U0/BuzzerBooster_Driver_v1_0_S00_AXI_inst/pwm_cycles_reg[6]_i_25_n_0. Optimizations did not improve timing on the net.
INFO: [Physopt 32-702] Processed net DEMO_i/BuzzerBooster_Driver_0/U0/BuzzerBooster_Driver_v1_0_S00_AXI_inst/pwm_cycles_reg[6]_i_30_n_0. Optimizations did not improve timing on the net.
INFO: [Physopt 32-702] Processed net DEMO_i/BuzzerBooster_Driver_0/U0/BuzzerBooster_Driver_v1_0_S00_AXI_inst/pwm_cycles_reg[6]_i_35_n_0. Optimizations did not improve timing on the net.
INFO: [Physopt 32-702] Processed net DEMO_i/BuzzerBooster_Driver_0/U0/BuzzerBooster_Driver_v1_0_S00_AXI_inst/pwm_cycles[6]_i_43_n_0. Optimizations did not improve timing on the net.
INFO: [Physopt 32-702] Processed net DEMO_i/BuzzerBooster_Driver_0/U0/BuzzerBooster_Driver_v1_0_S00_AXI_inst/pwm_cycles10_in[7]. Optimizations did not improve timing on the net.
INFO: [Physopt 32-702] Processed net DEMO_i/BuzzerBooster_Driver_0/U0/BuzzerBooster_Driver_v1_0_S00_AXI_inst/pwm_cycles_reg[7]_i_3_n_0. Optimizations did not improve timing on the net.
INFO: [Physopt 32-702] Processed net DEMO_i/BuzzerBooster_Driver_0/U0/BuzzerBooster_Driver_v1_0_S00_AXI_inst/pwm_cycles_reg[7]_i_5_n_0. Optimizations did not improve timing on the net.
INFO: [Physopt 32-702] Processed net DEMO_i/BuzzerBooster_Driver_0/U0/BuzzerBooster_Driver_v1_0_S00_AXI_inst/pwm_cycles_reg[7]_i_10_n_0. Optimizations did not improve timing on the net.
INFO: [Physopt 32-702] Processed net DEMO_i/BuzzerBooster_Driver_0/U0/BuzzerBooster_Driver_v1_0_S00_AXI_inst/pwm_cycles_reg[7]_i_15_n_0. Optimizations did not improve timing on the net.
INFO: [Physopt 32-702] Processed net DEMO_i/BuzzerBooster_Driver_0/U0/BuzzerBooster_Driver_v1_0_S00_AXI_inst/pwm_cycles_reg[7]_i_20_n_0. Optimizations did not improve timing on the net.
INFO: [Physopt 32-702] Processed net DEMO_i/BuzzerBooster_Driver_0/U0/BuzzerBooster_Driver_v1_0_S00_AXI_inst/pwm_cycles_reg[7]_i_25_n_0. Optimizations did not improve timing on the net.
INFO: [Physopt 32-702] Processed net DEMO_i/BuzzerBooster_Driver_0/U0/BuzzerBooster_Driver_v1_0_S00_AXI_inst/pwm_cycles_reg[7]_i_30_n_0. Optimizations did not improve timing on the net.
INFO: [Physopt 32-702] Processed net DEMO_i/BuzzerBooster_Driver_0/U0/BuzzerBooster_Driver_v1_0_S00_AXI_inst/pwm_cycles_reg[7]_i_35_n_0. Optimizations did not improve timing on the net.
INFO: [Physopt 32-702] Processed net DEMO_i/BuzzerBooster_Driver_0/U0/BuzzerBooster_Driver_v1_0_S00_AXI_inst/pwm_cycles[7]_i_43_n_0. Optimizations did not improve timing on the net.
INFO: [Physopt 32-702] Processed net DEMO_i/BuzzerBooster_Driver_0/U0/BuzzerBooster_Driver_v1_0_S00_AXI_inst/pwm_cycles10_in[8]. Optimizations did not improve timing on the net.
INFO: [Physopt 32-702] Processed net DEMO_i/BuzzerBooster_Driver_0/U0/BuzzerBooster_Driver_v1_0_S00_AXI_inst/pwm_cycles_reg[8]_i_3_n_0. Optimizations did not improve timing on the net.
INFO: [Physopt 32-702] Processed net DEMO_i/BuzzerBooster_Driver_0/U0/BuzzerBooster_Driver_v1_0_S00_AXI_inst/pwm_cycles_reg[8]_i_5_n_0. Optimizations did not improve timing on the net.
INFO: [Physopt 32-702] Processed net DEMO_i/BuzzerBooster_Driver_0/U0/BuzzerBooster_Driver_v1_0_S00_AXI_inst/pwm_cycles_reg[8]_i_10_n_0. Optimizations did not improve timing on the net.
INFO: [Physopt 32-702] Processed net DEMO_i/BuzzerBooster_Driver_0/U0/BuzzerBooster_Driver_v1_0_S00_AXI_inst/pwm_cycles_reg[8]_i_15_n_0. Optimizations did not improve timing on the net.
INFO: [Physopt 32-702] Processed net DEMO_i/BuzzerBooster_Driver_0/U0/BuzzerBooster_Driver_v1_0_S00_AXI_inst/pwm_cycles_reg[8]_i_20_n_0. Optimizations did not improve timing on the net.
INFO: [Physopt 32-702] Processed net DEMO_i/BuzzerBooster_Driver_0/U0/BuzzerBooster_Driver_v1_0_S00_AXI_inst/pwm_cycles_reg[8]_i_25_n_0. Optimizations did not improve timing on the net.
INFO: [Physopt 32-702] Processed net DEMO_i/BuzzerBooster_Driver_0/U0/BuzzerBooster_Driver_v1_0_S00_AXI_inst/pwm_cycles_reg[8]_i_30_n_0. Optimizations did not improve timing on the net.
INFO: [Physopt 32-702] Processed net DEMO_i/BuzzerBooster_Driver_0/U0/BuzzerBooster_Driver_v1_0_S00_AXI_inst/pwm_cycles_reg[8]_i_35_n_0. Optimizations did not improve timing on the net.
INFO: [Physopt 32-702] Processed net DEMO_i/BuzzerBooster_Driver_0/U0/BuzzerBooster_Driver_v1_0_S00_AXI_inst/pwm_cycles[8]_i_42_n_0. Optimizations did not improve timing on the net.
INFO: [Physopt 32-702] Processed net DEMO_i/BuzzerBooster_Driver_0/U0/BuzzerBooster_Driver_v1_0_S00_AXI_inst/pwm_cycles10_in[9]. Optimizations did not improve timing on the net.
INFO: [Physopt 32-702] Processed net DEMO_i/BuzzerBooster_Driver_0/U0/BuzzerBooster_Driver_v1_0_S00_AXI_inst/pwm_cycles_reg[9]_i_3_n_0. Optimizations did not improve timing on the net.
INFO: [Physopt 32-702] Processed net DEMO_i/BuzzerBooster_Driver_0/U0/BuzzerBooster_Driver_v1_0_S00_AXI_inst/pwm_cycles_reg[9]_i_5_n_0. Optimizations did not improve timing on the net.
INFO: [Physopt 32-702] Processed net DEMO_i/BuzzerBooster_Driver_0/U0/BuzzerBooster_Driver_v1_0_S00_AXI_inst/pwm_cycles_reg[9]_i_10_n_0. Optimizations did not improve timing on the net.
INFO: [Physopt 32-702] Processed net DEMO_i/BuzzerBooster_Driver_0/U0/BuzzerBooster_Driver_v1_0_S00_AXI_inst/pwm_cycles_reg[9]_i_15_n_0. Optimizations did not improve timing on the net.
INFO: [Physopt 32-702] Processed net DEMO_i/BuzzerBooster_Driver_0/U0/BuzzerBooster_Driver_v1_0_S00_AXI_inst/pwm_cycles_reg[9]_i_20_n_0. Optimizations did not improve timing on the net.
INFO: [Physopt 32-702] Processed net DEMO_i/BuzzerBooster_Driver_0/U0/BuzzerBooster_Driver_v1_0_S00_AXI_inst/pwm_cycles_reg[9]_i_25_n_0. Optimizations did not improve timing on the net.
INFO: [Physopt 32-702] Processed net DEMO_i/BuzzerBooster_Driver_0/U0/BuzzerBooster_Driver_v1_0_S00_AXI_inst/pwm_cycles_reg[9]_i_30_n_0. Optimizations did not improve timing on the net.
INFO: [Physopt 32-702] Processed net DEMO_i/BuzzerBooster_Driver_0/U0/BuzzerBooster_Driver_v1_0_S00_AXI_inst/pwm_cycles_reg[9]_i_35_n_0. Optimizations did not improve timing on the net.
INFO: [Physopt 32-702] Processed net DEMO_i/BuzzerBooster_Driver_0/U0/BuzzerBooster_Driver_v1_0_S00_AXI_inst/pwm_cycles[9]_i_43_n_0. Optimizations did not improve timing on the net.
INFO: [Physopt 32-702] Processed net DEMO_i/BuzzerBooster_Driver_0/U0/BuzzerBooster_Driver_v1_0_S00_AXI_inst/pwm_cycles10_in[10]. Optimizations did not improve timing on the net.
INFO: [Physopt 32-702] Processed net DEMO_i/BuzzerBooster_Driver_0/U0/BuzzerBooster_Driver_v1_0_S00_AXI_inst/pwm_cycles_reg[10]_i_3_n_0. Optimizations did not improve timing on the net.
INFO: [Physopt 32-702] Processed net DEMO_i/BuzzerBooster_Driver_0/U0/BuzzerBooster_Driver_v1_0_S00_AXI_inst/pwm_cycles_reg[10]_i_5_n_0. Optimizations did not improve timing on the net.
INFO: [Physopt 32-702] Processed net DEMO_i/BuzzerBooster_Driver_0/U0/BuzzerBooster_Driver_v1_0_S00_AXI_inst/pwm_cycles_reg[10]_i_10_n_0. Optimizations did not improve timing on the net.
INFO: [Physopt 32-702] Processed net DEMO_i/BuzzerBooster_Driver_0/U0/BuzzerBooster_Driver_v1_0_S00_AXI_inst/pwm_cycles_reg[10]_i_15_n_0. Optimizations did not improve timing on the net.
INFO: [Physopt 32-702] Processed net DEMO_i/BuzzerBooster_Driver_0/U0/BuzzerBooster_Driver_v1_0_S00_AXI_inst/pwm_cycles_reg[10]_i_20_n_0. Optimizations did not improve timing on the net.
INFO: [Physopt 32-702] Processed net DEMO_i/BuzzerBooster_Driver_0/U0/BuzzerBooster_Driver_v1_0_S00_AXI_inst/pwm_cycles_reg[10]_i_25_n_0. Optimizations did not improve timing on the net.
INFO: [Physopt 32-702] Processed net DEMO_i/BuzzerBooster_Driver_0/U0/BuzzerBooster_Driver_v1_0_S00_AXI_inst/pwm_cycles_reg[10]_i_30_n_0. Optimizations did not improve timing on the net.
INFO: [Physopt 32-702] Processed net DEMO_i/BuzzerBooster_Driver_0/U0/BuzzerBooster_Driver_v1_0_S00_AXI_inst/pwm_cycles_reg[10]_i_35_n_0. Optimizations did not improve timing on the net.
INFO: [Physopt 32-702] Processed net DEMO_i/BuzzerBooster_Driver_0/U0/BuzzerBooster_Driver_v1_0_S00_AXI_inst/pwm_cycles[10]_i_43_n_0. Optimizations did not improve timing on the net.
INFO: [Physopt 32-702] Processed net DEMO_i/BuzzerBooster_Driver_0/U0/BuzzerBooster_Driver_v1_0_S00_AXI_inst/pwm_cycles10_in[11]. Optimizations did not improve timing on the net.
INFO: [Physopt 32-702] Processed net DEMO_i/BuzzerBooster_Driver_0/U0/BuzzerBooster_Driver_v1_0_S00_AXI_inst/pwm_cycles_reg[11]_i_3_n_0. Optimizations did not improve timing on the net.
INFO: [Physopt 32-702] Processed net DEMO_i/BuzzerBooster_Driver_0/U0/BuzzerBooster_Driver_v1_0_S00_AXI_inst/pwm_cycles_reg[11]_i_5_n_0. Optimizations did not improve timing on the net.
INFO: [Physopt 32-702] Processed net DEMO_i/BuzzerBooster_Driver_0/U0/BuzzerBooster_Driver_v1_0_S00_AXI_inst/pwm_cycles_reg[11]_i_10_n_0. Optimizations did not improve timing on the net.
INFO: [Physopt 32-702] Processed net DEMO_i/BuzzerBooster_Driver_0/U0/BuzzerBooster_Driver_v1_0_S00_AXI_inst/pwm_cycles_reg[11]_i_15_n_0. Optimizations did not improve timing on the net.
INFO: [Physopt 32-702] Processed net DEMO_i/BuzzerBooster_Driver_0/U0/BuzzerBooster_Driver_v1_0_S00_AXI_inst/pwm_cycles_reg[11]_i_20_n_0. Optimizations did not improve timing on the net.
INFO: [Physopt 32-702] Processed net DEMO_i/BuzzerBooster_Driver_0/U0/BuzzerBooster_Driver_v1_0_S00_AXI_inst/pwm_cycles_reg[11]_i_25_n_0. Optimizations did not improve timing on the net.
INFO: [Physopt 32-702] Processed net DEMO_i/BuzzerBooster_Driver_0/U0/BuzzerBooster_Driver_v1_0_S00_AXI_inst/pwm_cycles_reg[11]_i_30_n_0. Optimizations did not improve timing on the net.
INFO: [Physopt 32-702] Processed net DEMO_i/BuzzerBooster_Driver_0/U0/BuzzerBooster_Driver_v1_0_S00_AXI_inst/pwm_cycles_reg[11]_i_35_n_0. Optimizations did not improve timing on the net.
INFO: [Physopt 32-702] Processed net DEMO_i/BuzzerBooster_Driver_0/U0/BuzzerBooster_Driver_v1_0_S00_AXI_inst/pwm_cycles[11]_i_43_n_0. Optimizations did not improve timing on the net.
INFO: [Physopt 32-702] Processed net DEMO_i/BuzzerBooster_Driver_0/U0/BuzzerBooster_Driver_v1_0_S00_AXI_inst/pwm_cycles10_in[12]. Optimizations did not improve timing on the net.
INFO: [Physopt 32-702] Processed net DEMO_i/BuzzerBooster_Driver_0/U0/BuzzerBooster_Driver_v1_0_S00_AXI_inst/pwm_cycles_reg[12]_i_3_n_0. Optimizations did not improve timing on the net.
INFO: [Physopt 32-702] Processed net DEMO_i/BuzzerBooster_Driver_0/U0/BuzzerBooster_Driver_v1_0_S00_AXI_inst/pwm_cycles_reg[12]_i_5_n_0. Optimizations did not improve timing on the net.
INFO: [Physopt 32-702] Processed net DEMO_i/BuzzerBooster_Driver_0/U0/BuzzerBooster_Driver_v1_0_S00_AXI_inst/pwm_cycles_reg[12]_i_10_n_0. Optimizations did not improve timing on the net.
INFO: [Physopt 32-702] Processed net DEMO_i/BuzzerBooster_Driver_0/U0/BuzzerBooster_Driver_v1_0_S00_AXI_inst/pwm_cycles_reg[12]_i_15_n_0. Optimizations did not improve timing on the net.
INFO: [Physopt 32-702] Processed net DEMO_i/BuzzerBooster_Driver_0/U0/BuzzerBooster_Driver_v1_0_S00_AXI_inst/pwm_cycles_reg[12]_i_20_n_0. Optimizations did not improve timing on the net.
INFO: [Physopt 32-702] Processed net DEMO_i/BuzzerBooster_Driver_0/U0/BuzzerBooster_Driver_v1_0_S00_AXI_inst/pwm_cycles_reg[12]_i_25_n_0. Optimizations did not improve timing on the net.
INFO: [Physopt 32-702] Processed net DEMO_i/BuzzerBooster_Driver_0/U0/BuzzerBooster_Driver_v1_0_S00_AXI_inst/pwm_cycles_reg[12]_i_30_n_0. Optimizations did not improve timing on the net.
INFO: [Physopt 32-702] Processed net DEMO_i/BuzzerBooster_Driver_0/U0/BuzzerBooster_Driver_v1_0_S00_AXI_inst/pwm_cycles_reg[12]_i_35_n_0. Optimizations did not improve timing on the net.
INFO: [Physopt 32-702] Processed net DEMO_i/BuzzerBooster_Driver_0/U0/BuzzerBooster_Driver_v1_0_S00_AXI_inst/pwm_cycles[12]_i_43_n_0. Optimizations did not improve timing on the net.
INFO: [Physopt 32-702] Processed net DEMO_i/BuzzerBooster_Driver_0/U0/BuzzerBooster_Driver_v1_0_S00_AXI_inst/pwm_cycles10_in[13]. Optimizations did not improve timing on the net.
INFO: [Physopt 32-702] Processed net DEMO_i/BuzzerBooster_Driver_0/U0/BuzzerBooster_Driver_v1_0_S00_AXI_inst/pwm_cycles_reg[13]_i_3_n_0. Optimizations did not improve timing on the net.
INFO: [Physopt 32-702] Processed net DEMO_i/BuzzerBooster_Driver_0/U0/BuzzerBooster_Driver_v1_0_S00_AXI_inst/pwm_cycles_reg[13]_i_5_n_0. Optimizations did not improve timing on the net.
INFO: [Physopt 32-702] Processed net DEMO_i/BuzzerBooster_Driver_0/U0/BuzzerBooster_Driver_v1_0_S00_AXI_inst/pwm_cycles_reg[13]_i_10_n_0. Optimizations did not improve timing on the net.
INFO: [Physopt 32-702] Processed net DEMO_i/BuzzerBooster_Driver_0/U0/BuzzerBooster_Driver_v1_0_S00_AXI_inst/pwm_cycles_reg[13]_i_15_n_0. Optimizations did not improve timing on the net.
INFO: [Physopt 32-702] Processed net DEMO_i/BuzzerBooster_Driver_0/U0/BuzzerBooster_Driver_v1_0_S00_AXI_inst/pwm_cycles_reg[13]_i_20_n_0. Optimizations did not improve timing on the net.
INFO: [Physopt 32-702] Processed net DEMO_i/BuzzerBooster_Driver_0/U0/BuzzerBooster_Driver_v1_0_S00_AXI_inst/pwm_cycles_reg[13]_i_25_n_0. Optimizations did not improve timing on the net.
INFO: [Physopt 32-702] Processed net DEMO_i/BuzzerBooster_Driver_0/U0/BuzzerBooster_Driver_v1_0_S00_AXI_inst/pwm_cycles_reg[13]_i_30_n_0. Optimizations did not improve timing on the net.
INFO: [Physopt 32-702] Processed net DEMO_i/BuzzerBooster_Driver_0/U0/BuzzerBooster_Driver_v1_0_S00_AXI_inst/pwm_cycles_reg[13]_i_35_n_0. Optimizations did not improve timing on the net.
INFO: [Physopt 32-702] Processed net DEMO_i/BuzzerBooster_Driver_0/U0/BuzzerBooster_Driver_v1_0_S00_AXI_inst/pwm_cycles[13]_i_42_n_0. Optimizations did not improve timing on the net.
INFO: [Physopt 32-702] Processed net DEMO_i/BuzzerBooster_Driver_0/U0/BuzzerBooster_Driver_v1_0_S00_AXI_inst/pwm_cycles10_in[14]. Optimizations did not improve timing on the net.
INFO: [Physopt 32-702] Processed net DEMO_i/BuzzerBooster_Driver_0/U0/BuzzerBooster_Driver_v1_0_S00_AXI_inst/pwm_cycles_reg[14]_i_3_n_0. Optimizations did not improve timing on the net.
INFO: [Physopt 32-702] Processed net DEMO_i/BuzzerBooster_Driver_0/U0/BuzzerBooster_Driver_v1_0_S00_AXI_inst/pwm_cycles_reg[14]_i_5_n_0. Optimizations did not improve timing on the net.
INFO: [Physopt 32-702] Processed net DEMO_i/BuzzerBooster_Driver_0/U0/BuzzerBooster_Driver_v1_0_S00_AXI_inst/pwm_cycles_reg[14]_i_10_n_0. Optimizations did not improve timing on the net.
INFO: [Physopt 32-702] Processed net DEMO_i/BuzzerBooster_Driver_0/U0/BuzzerBooster_Driver_v1_0_S00_AXI_inst/pwm_cycles_reg[14]_i_15_n_0. Optimizations did not improve timing on the net.
INFO: [Physopt 32-702] Processed net DEMO_i/BuzzerBooster_Driver_0/U0/BuzzerBooster_Driver_v1_0_S00_AXI_inst/pwm_cycles_reg[14]_i_20_n_0. Optimizations did not improve timing on the net.
INFO: [Physopt 32-702] Processed net DEMO_i/BuzzerBooster_Driver_0/U0/BuzzerBooster_Driver_v1_0_S00_AXI_inst/pwm_cycles_reg[14]_i_25_n_0. Optimizations did not improve timing on the net.
INFO: [Physopt 32-702] Processed net DEMO_i/BuzzerBooster_Driver_0/U0/BuzzerBooster_Driver_v1_0_S00_AXI_inst/pwm_cycles_reg[14]_i_30_n_0. Optimizations did not improve timing on the net.
INFO: [Physopt 32-702] Processed net DEMO_i/BuzzerBooster_Driver_0/U0/BuzzerBooster_Driver_v1_0_S00_AXI_inst/pwm_cycles_reg[14]_i_35_n_0. Optimizations did not improve timing on the net.
INFO: [Physopt 32-702] Processed net DEMO_i/BuzzerBooster_Driver_0/U0/BuzzerBooster_Driver_v1_0_S00_AXI_inst/pwm_cycles[14]_i_42_n_0. Optimizations did not improve timing on the net.
INFO: [Physopt 32-702] Processed net DEMO_i/BuzzerBooster_Driver_0/U0/BuzzerBooster_Driver_v1_0_S00_AXI_inst/pwm_cycles10_in[15]. Optimizations did not improve timing on the net.
INFO: [Physopt 32-702] Processed net DEMO_i/BuzzerBooster_Driver_0/U0/BuzzerBooster_Driver_v1_0_S00_AXI_inst/pwm_cycles_reg[15]_i_3_n_0. Optimizations did not improve timing on the net.
INFO: [Physopt 32-702] Processed net DEMO_i/BuzzerBooster_Driver_0/U0/BuzzerBooster_Driver_v1_0_S00_AXI_inst/pwm_cycles_reg[15]_i_5_n_0. Optimizations did not improve timing on the net.
INFO: [Physopt 32-702] Processed net DEMO_i/BuzzerBooster_Driver_0/U0/BuzzerBooster_Driver_v1_0_S00_AXI_inst/pwm_cycles_reg[15]_i_10_n_0. Optimizations did not improve timing on the net.
INFO: [Physopt 32-702] Processed net DEMO_i/BuzzerBooster_Driver_0/U0/BuzzerBooster_Driver_v1_0_S00_AXI_inst/pwm_cycles_reg[15]_i_15_n_0. Optimizations did not improve timing on the net.
INFO: [Physopt 32-702] Processed net DEMO_i/BuzzerBooster_Driver_0/U0/BuzzerBooster_Driver_v1_0_S00_AXI_inst/pwm_cycles_reg[15]_i_20_n_0. Optimizations did not improve timing on the net.
INFO: [Physopt 32-702] Processed net DEMO_i/BuzzerBooster_Driver_0/U0/BuzzerBooster_Driver_v1_0_S00_AXI_inst/pwm_cycles_reg[15]_i_25_n_0. Optimizations did not improve timing on the net.
INFO: [Physopt 32-702] Processed net DEMO_i/BuzzerBooster_Driver_0/U0/BuzzerBooster_Driver_v1_0_S00_AXI_inst/pwm_cycles_reg[15]_i_30_n_0. Optimizations did not improve timing on the net.
INFO: [Physopt 32-702] Processed net DEMO_i/BuzzerBooster_Driver_0/U0/BuzzerBooster_Driver_v1_0_S00_AXI_inst/pwm_cycles_reg[15]_i_35_n_0. Optimizations did not improve timing on the net.
INFO: [Physopt 32-702] Processed net DEMO_i/BuzzerBooster_Driver_0/U0/BuzzerBooster_Driver_v1_0_S00_AXI_inst/pwm_cycles[15]_i_42_n_0. Optimizations did not improve timing on the net.
INFO: [Physopt 32-702] Processed net DEMO_i/BuzzerBooster_Driver_0/U0/BuzzerBooster_Driver_v1_0_S00_AXI_inst/pwm_cycles10_in[16]. Optimizations did not improve timing on the net.
INFO: [Physopt 32-702] Processed net DEMO_i/BuzzerBooster_Driver_0/U0/BuzzerBooster_Driver_v1_0_S00_AXI_inst/pwm_cycles_reg[16]_i_3_n_0. Optimizations did not improve timing on the net.
INFO: [Physopt 32-702] Processed net DEMO_i/BuzzerBooster_Driver_0/U0/BuzzerBooster_Driver_v1_0_S00_AXI_inst/pwm_cycles_reg[16]_i_5_n_0. Optimizations did not improve timing on the net.
INFO: [Physopt 32-702] Processed net DEMO_i/BuzzerBooster_Driver_0/U0/BuzzerBooster_Driver_v1_0_S00_AXI_inst/pwm_cycles_reg[16]_i_10_n_0. Optimizations did not improve timing on the net.
INFO: [Physopt 32-702] Processed net DEMO_i/BuzzerBooster_Driver_0/U0/BuzzerBooster_Driver_v1_0_S00_AXI_inst/pwm_cycles_reg[16]_i_15_n_0. Optimizations did not improve timing on the net.
INFO: [Physopt 32-702] Processed net DEMO_i/BuzzerBooster_Driver_0/U0/BuzzerBooster_Driver_v1_0_S00_AXI_inst/pwm_cycles_reg[16]_i_20_n_0. Optimizations did not improve timing on the net.
INFO: [Physopt 32-702] Processed net DEMO_i/BuzzerBooster_Driver_0/U0/BuzzerBooster_Driver_v1_0_S00_AXI_inst/pwm_cycles_reg[16]_i_25_n_0. Optimizations did not improve timing on the net.
INFO: [Physopt 32-702] Processed net DEMO_i/BuzzerBooster_Driver_0/U0/BuzzerBooster_Driver_v1_0_S00_AXI_inst/pwm_cycles_reg[16]_i_30_n_0. Optimizations did not improve timing on the net.
INFO: [Physopt 32-702] Processed net DEMO_i/BuzzerBooster_Driver_0/U0/BuzzerBooster_Driver_v1_0_S00_AXI_inst/pwm_cycles_reg[16]_i_35_n_0. Optimizations did not improve timing on the net.
INFO: [Physopt 32-702] Processed net DEMO_i/BuzzerBooster_Driver_0/U0/BuzzerBooster_Driver_v1_0_S00_AXI_inst/pwm_cycles[16]_i_42_n_0. Optimizations did not improve timing on the net.
INFO: [Physopt 32-702] Processed net DEMO_i/BuzzerBooster_Driver_0/U0/BuzzerBooster_Driver_v1_0_S00_AXI_inst/pwm_cycles10_in[17]. Optimizations did not improve timing on the net.
INFO: [Physopt 32-702] Processed net DEMO_i/BuzzerBooster_Driver_0/U0/BuzzerBooster_Driver_v1_0_S00_AXI_inst/pwm_cycles_reg[17]_i_3_n_0. Optimizations did not improve timing on the net.
INFO: [Physopt 32-702] Processed net DEMO_i/BuzzerBooster_Driver_0/U0/BuzzerBooster_Driver_v1_0_S00_AXI_inst/pwm_cycles_reg[17]_i_5_n_0. Optimizations did not improve timing on the net.
INFO: [Physopt 32-702] Processed net DEMO_i/BuzzerBooster_Driver_0/U0/BuzzerBooster_Driver_v1_0_S00_AXI_inst/pwm_cycles_reg[17]_i_10_n_0. Optimizations did not improve timing on the net.
INFO: [Physopt 32-702] Processed net DEMO_i/BuzzerBooster_Driver_0/U0/BuzzerBooster_Driver_v1_0_S00_AXI_inst/pwm_cycles_reg[17]_i_15_n_0. Optimizations did not improve timing on the net.
INFO: [Physopt 32-702] Processed net DEMO_i/BuzzerBooster_Driver_0/U0/BuzzerBooster_Driver_v1_0_S00_AXI_inst/pwm_cycles_reg[17]_i_20_n_0. Optimizations did not improve timing on the net.
INFO: [Physopt 32-702] Processed net DEMO_i/BuzzerBooster_Driver_0/U0/BuzzerBooster_Driver_v1_0_S00_AXI_inst/pwm_cycles_reg[17]_i_25_n_0. Optimizations did not improve timing on the net.
INFO: [Physopt 32-702] Processed net DEMO_i/BuzzerBooster_Driver_0/U0/BuzzerBooster_Driver_v1_0_S00_AXI_inst/pwm_cycles_reg[17]_i_30_n_0. Optimizations did not improve timing on the net.
INFO: [Physopt 32-702] Processed net DEMO_i/BuzzerBooster_Driver_0/U0/BuzzerBooster_Driver_v1_0_S00_AXI_inst/pwm_cycles_reg[17]_i_35_n_0. Optimizations did not improve timing on the net.
INFO: [Physopt 32-702] Processed net DEMO_i/BuzzerBooster_Driver_0/U0/BuzzerBooster_Driver_v1_0_S00_AXI_inst/pwm_cycles[17]_i_43_n_0. Optimizations did not improve timing on the net.
INFO: [Physopt 32-702] Processed net DEMO_i/BuzzerBooster_Driver_0/U0/BuzzerBooster_Driver_v1_0_S00_AXI_inst/pwm_cycles10_in[18]. Optimizations did not improve timing on the net.
INFO: [Physopt 32-702] Processed net DEMO_i/BuzzerBooster_Driver_0/U0/BuzzerBooster_Driver_v1_0_S00_AXI_inst/pwm_cycles_reg[18]_i_3_n_0. Optimizations did not improve timing on the net.
INFO: [Physopt 32-702] Processed net DEMO_i/BuzzerBooster_Driver_0/U0/BuzzerBooster_Driver_v1_0_S00_AXI_inst/pwm_cycles_reg[18]_i_5_n_0. Optimizations did not improve timing on the net.
INFO: [Physopt 32-702] Processed net DEMO_i/BuzzerBooster_Driver_0/U0/BuzzerBooster_Driver_v1_0_S00_AXI_inst/pwm_cycles_reg[18]_i_10_n_0. Optimizations did not improve timing on the net.
INFO: [Physopt 32-702] Processed net DEMO_i/BuzzerBooster_Driver_0/U0/BuzzerBooster_Driver_v1_0_S00_AXI_inst/pwm_cycles_reg[18]_i_15_n_0. Optimizations did not improve timing on the net.
INFO: [Physopt 32-702] Processed net DEMO_i/BuzzerBooster_Driver_0/U0/BuzzerBooster_Driver_v1_0_S00_AXI_inst/pwm_cycles_reg[18]_i_20_n_0. Optimizations did not improve timing on the net.
INFO: [Physopt 32-702] Processed net DEMO_i/BuzzerBooster_Driver_0/U0/BuzzerBooster_Driver_v1_0_S00_AXI_inst/pwm_cycles_reg[18]_i_25_n_0. Optimizations did not improve timing on the net.
INFO: [Physopt 32-702] Processed net DEMO_i/BuzzerBooster_Driver_0/U0/BuzzerBooster_Driver_v1_0_S00_AXI_inst/pwm_cycles_reg[18]_i_30_n_0. Optimizations did not improve timing on the net.
INFO: [Physopt 32-702] Processed net DEMO_i/BuzzerBooster_Driver_0/U0/BuzzerBooster_Driver_v1_0_S00_AXI_inst/pwm_cycles_reg[18]_i_35_n_0. Optimizations did not improve timing on the net.
INFO: [Physopt 32-702] Processed net DEMO_i/BuzzerBooster_Driver_0/U0/BuzzerBooster_Driver_v1_0_S00_AXI_inst/pwm_cycles[18]_i_42_n_0. Optimizations did not improve timing on the net.
INFO: [Physopt 32-702] Processed net DEMO_i/BuzzerBooster_Driver_0/U0/BuzzerBooster_Driver_v1_0_S00_AXI_inst/pwm_cycles10_in[19]. Optimizations did not improve timing on the net.
INFO: [Physopt 32-702] Processed net DEMO_i/BuzzerBooster_Driver_0/U0/BuzzerBooster_Driver_v1_0_S00_AXI_inst/pwm_cycles_reg[19]_i_3_n_0. Optimizations did not improve timing on the net.
INFO: [Physopt 32-702] Processed net DEMO_i/BuzzerBooster_Driver_0/U0/BuzzerBooster_Driver_v1_0_S00_AXI_inst/pwm_cycles_reg[19]_i_5_n_0. Optimizations did not improve timing on the net.
INFO: [Physopt 32-702] Processed net DEMO_i/BuzzerBooster_Driver_0/U0/BuzzerBooster_Driver_v1_0_S00_AXI_inst/pwm_cycles_reg[19]_i_10_n_0. Optimizations did not improve timing on the net.
INFO: [Physopt 32-702] Processed net DEMO_i/BuzzerBooster_Driver_0/U0/BuzzerBooster_Driver_v1_0_S00_AXI_inst/pwm_cycles_reg[19]_i_15_n_0. Optimizations did not improve timing on the net.
INFO: [Physopt 32-702] Processed net DEMO_i/BuzzerBooster_Driver_0/U0/BuzzerBooster_Driver_v1_0_S00_AXI_inst/pwm_cycles_reg[19]_i_20_n_0. Optimizations did not improve timing on the net.
INFO: [Physopt 32-702] Processed net DEMO_i/BuzzerBooster_Driver_0/U0/BuzzerBooster_Driver_v1_0_S00_AXI_inst/pwm_cycles_reg[19]_i_25_n_0. Optimizations did not improve timing on the net.
INFO: [Physopt 32-702] Processed net DEMO_i/BuzzerBooster_Driver_0/U0/BuzzerBooster_Driver_v1_0_S00_AXI_inst/pwm_cycles_reg[19]_i_30_n_0. Optimizations did not improve timing on the net.
INFO: [Physopt 32-702] Processed net DEMO_i/BuzzerBooster_Driver_0/U0/BuzzerBooster_Driver_v1_0_S00_AXI_inst/pwm_cycles_reg[19]_i_35_n_0. Optimizations did not improve timing on the net.
INFO: [Physopt 32-702] Processed net DEMO_i/BuzzerBooster_Driver_0/U0/BuzzerBooster_Driver_v1_0_S00_AXI_inst/pwm_cycles[19]_i_43_n_0. Optimizations did not improve timing on the net.
INFO: [Physopt 32-702] Processed net DEMO_i/BuzzerBooster_Driver_0/U0/BuzzerBooster_Driver_v1_0_S00_AXI_inst/pwm_cycles10_in[20]. Optimizations did not improve timing on the net.
INFO: [Physopt 32-702] Processed net DEMO_i/BuzzerBooster_Driver_0/U0/BuzzerBooster_Driver_v1_0_S00_AXI_inst/pwm_cycles_reg[20]_i_3_n_0. Optimizations did not improve timing on the net.
INFO: [Physopt 32-702] Processed net DEMO_i/BuzzerBooster_Driver_0/U0/BuzzerBooster_Driver_v1_0_S00_AXI_inst/pwm_cycles_reg[20]_i_5_n_0. Optimizations did not improve timing on the net.
INFO: [Physopt 32-702] Processed net DEMO_i/BuzzerBooster_Driver_0/U0/BuzzerBooster_Driver_v1_0_S00_AXI_inst/pwm_cycles_reg[20]_i_10_n_0. Optimizations did not improve timing on the net.
INFO: [Physopt 32-702] Processed net DEMO_i/BuzzerBooster_Driver_0/U0/BuzzerBooster_Driver_v1_0_S00_AXI_inst/pwm_cycles_reg[20]_i_15_n_0. Optimizations did not improve timing on the net.
INFO: [Physopt 32-702] Processed net DEMO_i/BuzzerBooster_Driver_0/U0/BuzzerBooster_Driver_v1_0_S00_AXI_inst/pwm_cycles_reg[20]_i_20_n_0. Optimizations did not improve timing on the net.
INFO: [Physopt 32-702] Processed net DEMO_i/BuzzerBooster_Driver_0/U0/BuzzerBooster_Driver_v1_0_S00_AXI_inst/pwm_cycles_reg[20]_i_25_n_0. Optimizations did not improve timing on the net.
INFO: [Physopt 32-702] Processed net DEMO_i/BuzzerBooster_Driver_0/U0/BuzzerBooster_Driver_v1_0_S00_AXI_inst/pwm_cycles_reg[20]_i_30_n_0. Optimizations did not improve timing on the net.
INFO: [Physopt 32-702] Processed net DEMO_i/BuzzerBooster_Driver_0/U0/BuzzerBooster_Driver_v1_0_S00_AXI_inst/pwm_cycles_reg[20]_i_35_n_0. Optimizations did not improve timing on the net.
INFO: [Physopt 32-702] Processed net DEMO_i/BuzzerBooster_Driver_0/U0/BuzzerBooster_Driver_v1_0_S00_AXI_inst/pwm_cycles[20]_i_42_n_0. Optimizations did not improve timing on the net.
INFO: [Physopt 32-702] Processed net DEMO_i/BuzzerBooster_Driver_0/U0/BuzzerBooster_Driver_v1_0_S00_AXI_inst/pwm_cycles10_in[21]. Optimizations did not improve timing on the net.
INFO: [Physopt 32-702] Processed net DEMO_i/BuzzerBooster_Driver_0/U0/BuzzerBooster_Driver_v1_0_S00_AXI_inst/pwm_cycles_reg[21]_i_3_n_0. Optimizations did not improve timing on the net.
INFO: [Physopt 32-702] Processed net DEMO_i/BuzzerBooster_Driver_0/U0/BuzzerBooster_Driver_v1_0_S00_AXI_inst/pwm_cycles_reg[21]_i_5_n_0. Optimizations did not improve timing on the net.
INFO: [Physopt 32-702] Processed net DEMO_i/BuzzerBooster_Driver_0/U0/BuzzerBooster_Driver_v1_0_S00_AXI_inst/pwm_cycles_reg[21]_i_10_n_0. Optimizations did not improve timing on the net.
INFO: [Physopt 32-702] Processed net DEMO_i/BuzzerBooster_Driver_0/U0/BuzzerBooster_Driver_v1_0_S00_AXI_inst/pwm_cycles_reg[21]_i_15_n_0. Optimizations did not improve timing on the net.
INFO: [Physopt 32-702] Processed net DEMO_i/BuzzerBooster_Driver_0/U0/BuzzerBooster_Driver_v1_0_S00_AXI_inst/pwm_cycles_reg[21]_i_20_n_0. Optimizations did not improve timing on the net.
INFO: [Physopt 32-702] Processed net DEMO_i/BuzzerBooster_Driver_0/U0/BuzzerBooster_Driver_v1_0_S00_AXI_inst/pwm_cycles_reg[21]_i_25_n_0. Optimizations did not improve timing on the net.
INFO: [Physopt 32-702] Processed net DEMO_i/BuzzerBooster_Driver_0/U0/BuzzerBooster_Driver_v1_0_S00_AXI_inst/pwm_cycles_reg[21]_i_30_n_0. Optimizations did not improve timing on the net.
INFO: [Physopt 32-702] Processed net DEMO_i/BuzzerBooster_Driver_0/U0/BuzzerBooster_Driver_v1_0_S00_AXI_inst/pwm_cycles[21]_i_36_n_0. Optimizations did not improve timing on the net.
INFO: [Physopt 32-702] Processed net DEMO_i/BuzzerBooster_Driver_0/U0/BuzzerBooster_Driver_v1_0_S00_AXI_inst/pwm_cycles10_in[22]. Optimizations did not improve timing on the net.
INFO: [Physopt 32-702] Processed net DEMO_i/BuzzerBooster_Driver_0/U0/BuzzerBooster_Driver_v1_0_S00_AXI_inst/pwm_cycles_reg[22]_i_3_n_0. Optimizations did not improve timing on the net.
INFO: [Physopt 32-702] Processed net DEMO_i/BuzzerBooster_Driver_0/U0/BuzzerBooster_Driver_v1_0_S00_AXI_inst/pwm_cycles_reg[22]_i_5_n_0. Optimizations did not improve timing on the net.
INFO: [Physopt 32-702] Processed net DEMO_i/BuzzerBooster_Driver_0/U0/BuzzerBooster_Driver_v1_0_S00_AXI_inst/pwm_cycles_reg[22]_i_10_n_0. Optimizations did not improve timing on the net.
INFO: [Physopt 32-702] Processed net DEMO_i/BuzzerBooster_Driver_0/U0/BuzzerBooster_Driver_v1_0_S00_AXI_inst/pwm_cycles_reg[22]_i_15_n_0. Optimizations did not improve timing on the net.
INFO: [Physopt 32-702] Processed net DEMO_i/BuzzerBooster_Driver_0/U0/BuzzerBooster_Driver_v1_0_S00_AXI_inst/pwm_cycles_reg[22]_i_20_n_0. Optimizations did not improve timing on the net.
INFO: [Physopt 32-702] Processed net DEMO_i/BuzzerBooster_Driver_0/U0/BuzzerBooster_Driver_v1_0_S00_AXI_inst/pwm_cycles_reg[22]_i_25_n_0. Optimizations did not improve timing on the net.
INFO: [Physopt 32-702] Processed net DEMO_i/BuzzerBooster_Driver_0/U0/BuzzerBooster_Driver_v1_0_S00_AXI_inst/pwm_cycles_reg[22]_i_30_n_0. Optimizations did not improve timing on the net.
INFO: [Physopt 32-702] Processed net DEMO_i/BuzzerBooster_Driver_0/U0/BuzzerBooster_Driver_v1_0_S00_AXI_inst/pwm_cycles_reg[22]_i_35_n_0. Optimizations did not improve timing on the net.
INFO: [Physopt 32-702] Processed net DEMO_i/BuzzerBooster_Driver_0/U0/BuzzerBooster_Driver_v1_0_S00_AXI_inst/pwm_cycles[22]_i_42_n_0. Optimizations did not improve timing on the net.
INFO: [Physopt 32-702] Processed net DEMO_i/BuzzerBooster_Driver_0/U0/BuzzerBooster_Driver_v1_0_S00_AXI_inst/pwm_cycles10_in[23]. Optimizations did not improve timing on the net.
INFO: [Physopt 32-702] Processed net DEMO_i/BuzzerBooster_Driver_0/U0/BuzzerBooster_Driver_v1_0_S00_AXI_inst/pwm_cycles_reg[23]_i_3_n_0. Optimizations did not improve timing on the net.
INFO: [Physopt 32-702] Processed net DEMO_i/BuzzerBooster_Driver_0/U0/BuzzerBooster_Driver_v1_0_S00_AXI_inst/pwm_cycles_reg[23]_i_5_n_0. Optimizations did not improve timing on the net.
INFO: [Physopt 32-702] Processed net DEMO_i/BuzzerBooster_Driver_0/U0/BuzzerBooster_Driver_v1_0_S00_AXI_inst/pwm_cycles_reg[23]_i_10_n_0. Optimizations did not improve timing on the net.
INFO: [Physopt 32-702] Processed net DEMO_i/BuzzerBooster_Driver_0/U0/BuzzerBooster_Driver_v1_0_S00_AXI_inst/pwm_cycles_reg[23]_i_15_n_0. Optimizations did not improve timing on the net.
INFO: [Physopt 32-702] Processed net DEMO_i/BuzzerBooster_Driver_0/U0/BuzzerBooster_Driver_v1_0_S00_AXI_inst/pwm_cycles_reg[23]_i_20_n_0. Optimizations did not improve timing on the net.
INFO: [Physopt 32-702] Processed net DEMO_i/BuzzerBooster_Driver_0/U0/BuzzerBooster_Driver_v1_0_S00_AXI_inst/pwm_cycles_reg[23]_i_25_n_0. Optimizations did not improve timing on the net.
INFO: [Physopt 32-702] Processed net DEMO_i/BuzzerBooster_Driver_0/U0/BuzzerBooster_Driver_v1_0_S00_AXI_inst/pwm_cycles_reg[23]_i_30_n_0. Optimizations did not improve timing on the net.
INFO: [Physopt 32-702] Processed net DEMO_i/BuzzerBooster_Driver_0/U0/BuzzerBooster_Driver_v1_0_S00_AXI_inst/pwm_cycles_reg[23]_i_35_n_0. Optimizations did not improve timing on the net.
INFO: [Physopt 32-702] Processed net DEMO_i/BuzzerBooster_Driver_0/U0/BuzzerBooster_Driver_v1_0_S00_AXI_inst/pwm_cycles10_in[24]. Optimizations did not improve timing on the net.
INFO: [Physopt 32-702] Processed net DEMO_i/BuzzerBooster_Driver_0/U0/BuzzerBooster_Driver_v1_0_S00_AXI_inst/pwm_cycles_reg[24]_i_3_n_0. Optimizations did not improve timing on the net.
INFO: [Physopt 32-702] Processed net DEMO_i/BuzzerBooster_Driver_0/U0/BuzzerBooster_Driver_v1_0_S00_AXI_inst/pwm_cycles_reg[24]_i_5_n_0. Optimizations did not improve timing on the net.
INFO: [Physopt 32-702] Processed net DEMO_i/BuzzerBooster_Driver_0/U0/BuzzerBooster_Driver_v1_0_S00_AXI_inst/pwm_cycles_reg[24]_i_10_n_0. Optimizations did not improve timing on the net.
INFO: [Physopt 32-702] Processed net DEMO_i/BuzzerBooster_Driver_0/U0/BuzzerBooster_Driver_v1_0_S00_AXI_inst/pwm_cycles_reg[24]_i_15_n_0. Optimizations did not improve timing on the net.
INFO: [Physopt 32-702] Processed net DEMO_i/BuzzerBooster_Driver_0/U0/BuzzerBooster_Driver_v1_0_S00_AXI_inst/pwm_cycles_reg[24]_i_20_n_0. Optimizations did not improve timing on the net.
INFO: [Physopt 32-702] Processed net DEMO_i/BuzzerBooster_Driver_0/U0/BuzzerBooster_Driver_v1_0_S00_AXI_inst/pwm_cycles_reg[24]_i_25_n_0. Optimizations did not improve timing on the net.
INFO: [Physopt 32-702] Processed net DEMO_i/BuzzerBooster_Driver_0/U0/BuzzerBooster_Driver_v1_0_S00_AXI_inst/pwm_cycles_reg[24]_i_30_n_0. Optimizations did not improve timing on the net.
INFO: [Physopt 32-702] Processed net DEMO_i/BuzzerBooster_Driver_0/U0/BuzzerBooster_Driver_v1_0_S00_AXI_inst/pwm_cycles_reg[24]_i_35_n_0. Optimizations did not improve timing on the net.
INFO: [Physopt 32-702] Processed net DEMO_i/BuzzerBooster_Driver_0/U0/BuzzerBooster_Driver_v1_0_S00_AXI_inst/pwm_cycles[24]_i_42_n_0. Optimizations did not improve timing on the net.
INFO: [Physopt 32-702] Processed net DEMO_i/BuzzerBooster_Driver_0/U0/BuzzerBooster_Driver_v1_0_S00_AXI_inst/pwm_cycles10_in[25]. Optimizations did not improve timing on the net.
INFO: [Physopt 32-702] Processed net DEMO_i/BuzzerBooster_Driver_0/U0/BuzzerBooster_Driver_v1_0_S00_AXI_inst/pwm_cycles_reg[25]_i_3_n_0. Optimizations did not improve timing on the net.
INFO: [Physopt 32-702] Processed net DEMO_i/BuzzerBooster_Driver_0/U0/BuzzerBooster_Driver_v1_0_S00_AXI_inst/pwm_cycles_reg[25]_i_5_n_0. Optimizations did not improve timing on the net.
INFO: [Physopt 32-702] Processed net DEMO_i/BuzzerBooster_Driver_0/U0/BuzzerBooster_Driver_v1_0_S00_AXI_inst/pwm_cycles_reg[25]_i_10_n_0. Optimizations did not improve timing on the net.
INFO: [Physopt 32-702] Processed net DEMO_i/BuzzerBooster_Driver_0/U0/BuzzerBooster_Driver_v1_0_S00_AXI_inst/pwm_cycles_reg[25]_i_15_n_0. Optimizations did not improve timing on the net.
INFO: [Physopt 32-702] Processed net DEMO_i/BuzzerBooster_Driver_0/U0/BuzzerBooster_Driver_v1_0_S00_AXI_inst/pwm_cycles_reg[25]_i_20_n_0. Optimizations did not improve timing on the net.
INFO: [Physopt 32-702] Processed net DEMO_i/BuzzerBooster_Driver_0/U0/BuzzerBooster_Driver_v1_0_S00_AXI_inst/pwm_cycles_reg[25]_i_25_n_0. Optimizations did not improve timing on the net.
INFO: [Physopt 32-702] Processed net DEMO_i/BuzzerBooster_Driver_0/U0/BuzzerBooster_Driver_v1_0_S00_AXI_inst/pwm_cycles_reg[25]_i_30_n_0. Optimizations did not improve timing on the net.
INFO: [Physopt 32-702] Processed net DEMO_i/BuzzerBooster_Driver_0/U0/BuzzerBooster_Driver_v1_0_S00_AXI_inst/pwm_cycles_reg[25]_i_35_n_0. Optimizations did not improve timing on the net.
INFO: [Physopt 32-702] Processed net DEMO_i/BuzzerBooster_Driver_0/U0/BuzzerBooster_Driver_v1_0_S00_AXI_inst/pwm_cycles[25]_i_43_n_0. Optimizations did not improve timing on the net.
INFO: [Physopt 32-702] Processed net DEMO_i/BuzzerBooster_Driver_0/U0/BuzzerBooster_Driver_v1_0_S00_AXI_inst/pwm_cycles10_in[26]. Optimizations did not improve timing on the net.
INFO: [Physopt 32-702] Processed net DEMO_i/BuzzerBooster_Driver_0/U0/BuzzerBooster_Driver_v1_0_S00_AXI_inst/pwm_cycles[26]_i_8_n_0. Optimizations did not improve timing on the net.
INFO: [Physopt 32-702] Processed net DEMO_i/BuzzerBooster_Driver_0/U0/BuzzerBooster_Driver_v1_0_S00_AXI_inst/pwm_cycles3[29]. Optimizations did not improve timing on the net.
INFO: [Physopt 32-702] Processed net DEMO_i/BuzzerBooster_Driver_0/U0/BuzzerBooster_Driver_v1_0_S00_AXI_inst/pwm_cycles_reg[26]_i_20_n_0. Optimizations did not improve timing on the net.
INFO: [Physopt 32-702] Processed net DEMO_i/BuzzerBooster_Driver_0/U0/BuzzerBooster_Driver_v1_0_S00_AXI_inst/pwm_cycles_reg[26]_i_30_n_0. Optimizations did not improve timing on the net.
INFO: [Physopt 32-702] Processed net DEMO_i/BuzzerBooster_Driver_0/U0/BuzzerBooster_Driver_v1_0_S00_AXI_inst/pwm_cycles_reg[26]_i_46_n_0. Optimizations did not improve timing on the net.
INFO: [Physopt 32-702] Processed net DEMO_i/BuzzerBooster_Driver_0/U0/BuzzerBooster_Driver_v1_0_S00_AXI_inst/pwm_cycles_reg[26]_i_60_n_0. Optimizations did not improve timing on the net.
INFO: [Physopt 32-702] Processed net DEMO_i/BuzzerBooster_Driver_0/U0/BuzzerBooster_Driver_v1_0_S00_AXI_inst/pwm_cycles_reg[26]_i_74_n_0. Optimizations did not improve timing on the net.
INFO: [Physopt 32-702] Processed net DEMO_i/BuzzerBooster_Driver_0/U0/BuzzerBooster_Driver_v1_0_S00_AXI_inst/pwm_cycles_reg[26]_i_88_n_0. Optimizations did not improve timing on the net.
INFO: [Physopt 32-702] Processed net DEMO_i/BuzzerBooster_Driver_0/U0/BuzzerBooster_Driver_v1_0_S00_AXI_inst/pwm_cycles_reg[26]_i_101_n_0. Optimizations did not improve timing on the net.
INFO: [Physopt 32-662] Processed net DEMO_i/BuzzerBooster_Driver_0/U0/BuzzerBooster_Driver_v1_0_S00_AXI_inst/pwm_cycles[26]_i_106_n_0.  Did not re-place instance DEMO_i/BuzzerBooster_Driver_0/U0/BuzzerBooster_Driver_v1_0_S00_AXI_inst/pwm_cycles[26]_i_106
INFO: [Physopt 32-702] Processed net DEMO_i/BuzzerBooster_Driver_0/U0/BuzzerBooster_Driver_v1_0_S00_AXI_inst/pwm_cycles[26]_i_106_n_0. Optimizations did not improve timing on the net.
INFO: [Physopt 32-662] Processed net DEMO_i/BuzzerBooster_Driver_0/U0/BuzzerBooster_Driver_v1_0_S00_AXI_inst/duty_cycle3__1_i_7_n_0.  Did not re-place instance DEMO_i/BuzzerBooster_Driver_0/U0/BuzzerBooster_Driver_v1_0_S00_AXI_inst/duty_cycle3__1_i_7
INFO: [Physopt 32-702] Processed net DEMO_i/BuzzerBooster_Driver_0/U0/BuzzerBooster_Driver_v1_0_S00_AXI_inst/duty_cycle3__1_i_7_n_0. Optimizations did not improve timing on the net.
INFO: [Physopt 32-662] Processed net DEMO_i/BuzzerBooster_Driver_0/U0/BuzzerBooster_Driver_v1_0_S00_AXI_inst/frequency[0].  Did not re-place instance DEMO_i/BuzzerBooster_Driver_0/U0/BuzzerBooster_Driver_v1_0_S00_AXI_inst/frequency_reg[0]
INFO: [Physopt 32-572] Net DEMO_i/BuzzerBooster_Driver_0/U0/BuzzerBooster_Driver_v1_0_S00_AXI_inst/frequency[0] was not replicated.
Resolution: phys_opt_design can be forced to replicate a net driver using the option -force_replication_on_nets <list of net objects>.
INFO: [Physopt 32-702] Processed net DEMO_i/BuzzerBooster_Driver_0/U0/BuzzerBooster_Driver_v1_0_S00_AXI_inst/frequency[0]. Optimizations did not improve timing on the net.
INFO: [Physopt 32-662] Processed net DEMO_i/BuzzerBooster_Driver_0/U0/BuzzerBooster_Driver_v1_0_S00_AXI_inst/duty_cycle3__1_i_7_psdsp_n.  Did not re-place instance DEMO_i/BuzzerBooster_Driver_0/U0/BuzzerBooster_Driver_v1_0_S00_AXI_inst/duty_cycle3__1_i_7_psdsp
INFO: [Physopt 32-702] Processed net DEMO_i/BuzzerBooster_Driver_0/U0/BuzzerBooster_Driver_v1_0_S00_AXI_inst/duty_cycle3__1_i_7_psdsp_n. Optimizations did not improve timing on the net.
INFO: [Physopt 32-702] Processed net DEMO_i/processing_system7_0/inst/FCLK_CLK_unbuffered[0]. Optimizations did not improve timing on the net.
INFO: [Physopt 32-702] Processed net DEMO_i/BuzzerBooster_Driver_0/U0/BuzzerBooster_Driver_v1_0_S00_AXI_inst/pwm_cycles1[21]. Optimizations did not improve timing on the net.
INFO: [Physopt 32-662] Processed net DEMO_i/BuzzerBooster_Driver_0/U0/BuzzerBooster_Driver_v1_0_S00_AXI_inst/pwm_cycles00_carry_i_1_n_0.  Did not re-place instance DEMO_i/BuzzerBooster_Driver_0/U0/BuzzerBooster_Driver_v1_0_S00_AXI_inst/pwm_cycles00_carry_i_1
INFO: [Physopt 32-702] Processed net DEMO_i/BuzzerBooster_Driver_0/U0/BuzzerBooster_Driver_v1_0_S00_AXI_inst/pwm_cycles00_carry_i_1_n_0. Optimizations did not improve timing on the net.
INFO: [Physopt 32-702] Processed net DEMO_i/BuzzerBooster_Driver_0/U0/BuzzerBooster_Driver_v1_0_S00_AXI_inst/pwm_cycles10_in[0]. Optimizations did not improve timing on the net.
INFO: [Physopt 32-702] Processed net DEMO_i/BuzzerBooster_Driver_0/U0/BuzzerBooster_Driver_v1_0_S00_AXI_inst/pwm_cycles[0]_i_42_n_0. Optimizations did not improve timing on the net.
INFO: [Physopt 32-702] Processed net DEMO_i/BuzzerBooster_Driver_0/U0/BuzzerBooster_Driver_v1_0_S00_AXI_inst/pwm_cycles10_in[1]. Optimizations did not improve timing on the net.
INFO: [Physopt 32-702] Processed net DEMO_i/BuzzerBooster_Driver_0/U0/BuzzerBooster_Driver_v1_0_S00_AXI_inst/pwm_cycles[1]_i_43_n_0. Optimizations did not improve timing on the net.
INFO: [Physopt 32-702] Processed net DEMO_i/BuzzerBooster_Driver_0/U0/BuzzerBooster_Driver_v1_0_S00_AXI_inst/pwm_cycles10_in[2]. Optimizations did not improve timing on the net.
INFO: [Physopt 32-702] Processed net DEMO_i/BuzzerBooster_Driver_0/U0/BuzzerBooster_Driver_v1_0_S00_AXI_inst/pwm_cycles[2]_i_43_n_0. Optimizations did not improve timing on the net.
INFO: [Physopt 32-702] Processed net DEMO_i/BuzzerBooster_Driver_0/U0/BuzzerBooster_Driver_v1_0_S00_AXI_inst/pwm_cycles10_in[3]. Optimizations did not improve timing on the net.
INFO: [Physopt 32-702] Processed net DEMO_i/BuzzerBooster_Driver_0/U0/BuzzerBooster_Driver_v1_0_S00_AXI_inst/pwm_cycles[3]_i_43_n_0. Optimizations did not improve timing on the net.
INFO: [Physopt 32-702] Processed net DEMO_i/BuzzerBooster_Driver_0/U0/BuzzerBooster_Driver_v1_0_S00_AXI_inst/pwm_cycles10_in[4]. Optimizations did not improve timing on the net.
INFO: [Physopt 32-702] Processed net DEMO_i/BuzzerBooster_Driver_0/U0/BuzzerBooster_Driver_v1_0_S00_AXI_inst/pwm_cycles[4]_i_43_n_0. Optimizations did not improve timing on the net.
INFO: [Physopt 32-702] Processed net DEMO_i/BuzzerBooster_Driver_0/U0/BuzzerBooster_Driver_v1_0_S00_AXI_inst/pwm_cycles10_in[5]. Optimizations did not improve timing on the net.
INFO: [Physopt 32-702] Processed net DEMO_i/BuzzerBooster_Driver_0/U0/BuzzerBooster_Driver_v1_0_S00_AXI_inst/pwm_cycles[5]_i_43_n_0. Optimizations did not improve timing on the net.
INFO: [Physopt 32-702] Processed net DEMO_i/BuzzerBooster_Driver_0/U0/BuzzerBooster_Driver_v1_0_S00_AXI_inst/pwm_cycles10_in[6]. Optimizations did not improve timing on the net.
INFO: [Physopt 32-702] Processed net DEMO_i/BuzzerBooster_Driver_0/U0/BuzzerBooster_Driver_v1_0_S00_AXI_inst/pwm_cycles[6]_i_43_n_0. Optimizations did not improve timing on the net.
INFO: [Physopt 32-702] Processed net DEMO_i/BuzzerBooster_Driver_0/U0/BuzzerBooster_Driver_v1_0_S00_AXI_inst/pwm_cycles10_in[7]. Optimizations did not improve timing on the net.
INFO: [Physopt 32-702] Processed net DEMO_i/BuzzerBooster_Driver_0/U0/BuzzerBooster_Driver_v1_0_S00_AXI_inst/pwm_cycles[7]_i_43_n_0. Optimizations did not improve timing on the net.
INFO: [Physopt 32-702] Processed net DEMO_i/BuzzerBooster_Driver_0/U0/BuzzerBooster_Driver_v1_0_S00_AXI_inst/pwm_cycles10_in[8]. Optimizations did not improve timing on the net.
INFO: [Physopt 32-702] Processed net DEMO_i/BuzzerBooster_Driver_0/U0/BuzzerBooster_Driver_v1_0_S00_AXI_inst/pwm_cycles[8]_i_42_n_0. Optimizations did not improve timing on the net.
INFO: [Physopt 32-702] Processed net DEMO_i/BuzzerBooster_Driver_0/U0/BuzzerBooster_Driver_v1_0_S00_AXI_inst/pwm_cycles10_in[9]. Optimizations did not improve timing on the net.
INFO: [Physopt 32-702] Processed net DEMO_i/BuzzerBooster_Driver_0/U0/BuzzerBooster_Driver_v1_0_S00_AXI_inst/pwm_cycles[9]_i_43_n_0. Optimizations did not improve timing on the net.
INFO: [Physopt 32-702] Processed net DEMO_i/BuzzerBooster_Driver_0/U0/BuzzerBooster_Driver_v1_0_S00_AXI_inst/pwm_cycles10_in[10]. Optimizations did not improve timing on the net.
INFO: [Physopt 32-702] Processed net DEMO_i/BuzzerBooster_Driver_0/U0/BuzzerBooster_Driver_v1_0_S00_AXI_inst/pwm_cycles[10]_i_43_n_0. Optimizations did not improve timing on the net.
INFO: [Physopt 32-702] Processed net DEMO_i/BuzzerBooster_Driver_0/U0/BuzzerBooster_Driver_v1_0_S00_AXI_inst/pwm_cycles10_in[11]. Optimizations did not improve timing on the net.
INFO: [Physopt 32-702] Processed net DEMO_i/BuzzerBooster_Driver_0/U0/BuzzerBooster_Driver_v1_0_S00_AXI_inst/pwm_cycles[11]_i_43_n_0. Optimizations did not improve timing on the net.
INFO: [Physopt 32-702] Processed net DEMO_i/BuzzerBooster_Driver_0/U0/BuzzerBooster_Driver_v1_0_S00_AXI_inst/pwm_cycles10_in[12]. Optimizations did not improve timing on the net.
INFO: [Physopt 32-702] Processed net DEMO_i/BuzzerBooster_Driver_0/U0/BuzzerBooster_Driver_v1_0_S00_AXI_inst/pwm_cycles[12]_i_43_n_0. Optimizations did not improve timing on the net.
INFO: [Physopt 32-702] Processed net DEMO_i/BuzzerBooster_Driver_0/U0/BuzzerBooster_Driver_v1_0_S00_AXI_inst/pwm_cycles10_in[13]. Optimizations did not improve timing on the net.
INFO: [Physopt 32-702] Processed net DEMO_i/BuzzerBooster_Driver_0/U0/BuzzerBooster_Driver_v1_0_S00_AXI_inst/pwm_cycles[13]_i_42_n_0. Optimizations did not improve timing on the net.
INFO: [Physopt 32-702] Processed net DEMO_i/BuzzerBooster_Driver_0/U0/BuzzerBooster_Driver_v1_0_S00_AXI_inst/pwm_cycles10_in[14]. Optimizations did not improve timing on the net.
INFO: [Physopt 32-702] Processed net DEMO_i/BuzzerBooster_Driver_0/U0/BuzzerBooster_Driver_v1_0_S00_AXI_inst/pwm_cycles[14]_i_42_n_0. Optimizations did not improve timing on the net.
INFO: [Physopt 32-702] Processed net DEMO_i/BuzzerBooster_Driver_0/U0/BuzzerBooster_Driver_v1_0_S00_AXI_inst/pwm_cycles10_in[15]. Optimizations did not improve timing on the net.
INFO: [Physopt 32-702] Processed net DEMO_i/BuzzerBooster_Driver_0/U0/BuzzerBooster_Driver_v1_0_S00_AXI_inst/pwm_cycles[15]_i_42_n_0. Optimizations did not improve timing on the net.
INFO: [Physopt 32-702] Processed net DEMO_i/BuzzerBooster_Driver_0/U0/BuzzerBooster_Driver_v1_0_S00_AXI_inst/pwm_cycles10_in[16]. Optimizations did not improve timing on the net.
INFO: [Physopt 32-702] Processed net DEMO_i/BuzzerBooster_Driver_0/U0/BuzzerBooster_Driver_v1_0_S00_AXI_inst/pwm_cycles[16]_i_42_n_0. Optimizations did not improve timing on the net.
INFO: [Physopt 32-702] Processed net DEMO_i/BuzzerBooster_Driver_0/U0/BuzzerBooster_Driver_v1_0_S00_AXI_inst/pwm_cycles10_in[17]. Optimizations did not improve timing on the net.
INFO: [Physopt 32-702] Processed net DEMO_i/BuzzerBooster_Driver_0/U0/BuzzerBooster_Driver_v1_0_S00_AXI_inst/pwm_cycles[17]_i_43_n_0. Optimizations did not improve timing on the net.
INFO: [Physopt 32-702] Processed net DEMO_i/BuzzerBooster_Driver_0/U0/BuzzerBooster_Driver_v1_0_S00_AXI_inst/pwm_cycles10_in[18]. Optimizations did not improve timing on the net.
INFO: [Physopt 32-702] Processed net DEMO_i/BuzzerBooster_Driver_0/U0/BuzzerBooster_Driver_v1_0_S00_AXI_inst/pwm_cycles[18]_i_42_n_0. Optimizations did not improve timing on the net.
INFO: [Physopt 32-702] Processed net DEMO_i/BuzzerBooster_Driver_0/U0/BuzzerBooster_Driver_v1_0_S00_AXI_inst/pwm_cycles10_in[19]. Optimizations did not improve timing on the net.
INFO: [Physopt 32-702] Processed net DEMO_i/BuzzerBooster_Driver_0/U0/BuzzerBooster_Driver_v1_0_S00_AXI_inst/pwm_cycles[19]_i_43_n_0. Optimizations did not improve timing on the net.
INFO: [Physopt 32-702] Processed net DEMO_i/BuzzerBooster_Driver_0/U0/BuzzerBooster_Driver_v1_0_S00_AXI_inst/pwm_cycles10_in[20]. Optimizations did not improve timing on the net.
INFO: [Physopt 32-702] Processed net DEMO_i/BuzzerBooster_Driver_0/U0/BuzzerBooster_Driver_v1_0_S00_AXI_inst/pwm_cycles[20]_i_42_n_0. Optimizations did not improve timing on the net.
INFO: [Physopt 32-702] Processed net DEMO_i/BuzzerBooster_Driver_0/U0/BuzzerBooster_Driver_v1_0_S00_AXI_inst/pwm_cycles10_in[21]. Optimizations did not improve timing on the net.
INFO: [Physopt 32-702] Processed net DEMO_i/BuzzerBooster_Driver_0/U0/BuzzerBooster_Driver_v1_0_S00_AXI_inst/pwm_cycles[21]_i_36_n_0. Optimizations did not improve timing on the net.
INFO: [Physopt 32-702] Processed net DEMO_i/BuzzerBooster_Driver_0/U0/BuzzerBooster_Driver_v1_0_S00_AXI_inst/pwm_cycles10_in[22]. Optimizations did not improve timing on the net.
INFO: [Physopt 32-702] Processed net DEMO_i/BuzzerBooster_Driver_0/U0/BuzzerBooster_Driver_v1_0_S00_AXI_inst/pwm_cycles[22]_i_42_n_0. Optimizations did not improve timing on the net.
INFO: [Physopt 32-702] Processed net DEMO_i/BuzzerBooster_Driver_0/U0/BuzzerBooster_Driver_v1_0_S00_AXI_inst/pwm_cycles10_in[23]. Optimizations did not improve timing on the net.
INFO: [Physopt 32-702] Processed net DEMO_i/BuzzerBooster_Driver_0/U0/BuzzerBooster_Driver_v1_0_S00_AXI_inst/pwm_cycles10_in[24]. Optimizations did not improve timing on the net.
INFO: [Physopt 32-702] Processed net DEMO_i/BuzzerBooster_Driver_0/U0/BuzzerBooster_Driver_v1_0_S00_AXI_inst/pwm_cycles[24]_i_42_n_0. Optimizations did not improve timing on the net.
INFO: [Physopt 32-702] Processed net DEMO_i/BuzzerBooster_Driver_0/U0/BuzzerBooster_Driver_v1_0_S00_AXI_inst/pwm_cycles10_in[25]. Optimizations did not improve timing on the net.
INFO: [Physopt 32-702] Processed net DEMO_i/BuzzerBooster_Driver_0/U0/BuzzerBooster_Driver_v1_0_S00_AXI_inst/pwm_cycles[25]_i_43_n_0. Optimizations did not improve timing on the net.
INFO: [Physopt 32-702] Processed net DEMO_i/BuzzerBooster_Driver_0/U0/BuzzerBooster_Driver_v1_0_S00_AXI_inst/pwm_cycles10_in[26]. Optimizations did not improve timing on the net.
INFO: [Physopt 32-702] Processed net DEMO_i/BuzzerBooster_Driver_0/U0/BuzzerBooster_Driver_v1_0_S00_AXI_inst/pwm_cycles[26]_i_8_n_0. Optimizations did not improve timing on the net.
INFO: [Physopt 32-702] Processed net DEMO_i/BuzzerBooster_Driver_0/U0/BuzzerBooster_Driver_v1_0_S00_AXI_inst/pwm_cycles3[29]. Optimizations did not improve timing on the net.
INFO: [Physopt 32-662] Processed net DEMO_i/BuzzerBooster_Driver_0/U0/BuzzerBooster_Driver_v1_0_S00_AXI_inst/pwm_cycles[26]_i_106_n_0.  Did not re-place instance DEMO_i/BuzzerBooster_Driver_0/U0/BuzzerBooster_Driver_v1_0_S00_AXI_inst/pwm_cycles[26]_i_106
INFO: [Physopt 32-702] Processed net DEMO_i/BuzzerBooster_Driver_0/U0/BuzzerBooster_Driver_v1_0_S00_AXI_inst/pwm_cycles[26]_i_106_n_0. Optimizations did not improve timing on the net.
INFO: [Physopt 32-662] Processed net DEMO_i/BuzzerBooster_Driver_0/U0/BuzzerBooster_Driver_v1_0_S00_AXI_inst/duty_cycle3__1_i_7_n_0.  Did not re-place instance DEMO_i/BuzzerBooster_Driver_0/U0/BuzzerBooster_Driver_v1_0_S00_AXI_inst/duty_cycle3__1_i_7
INFO: [Physopt 32-702] Processed net DEMO_i/BuzzerBooster_Driver_0/U0/BuzzerBooster_Driver_v1_0_S00_AXI_inst/duty_cycle3__1_i_7_n_0. Optimizations did not improve timing on the net.
INFO: [Physopt 32-662] Processed net DEMO_i/BuzzerBooster_Driver_0/U0/BuzzerBooster_Driver_v1_0_S00_AXI_inst/frequency[0].  Did not re-place instance DEMO_i/BuzzerBooster_Driver_0/U0/BuzzerBooster_Driver_v1_0_S00_AXI_inst/frequency_reg[0]
INFO: [Physopt 32-702] Processed net DEMO_i/BuzzerBooster_Driver_0/U0/BuzzerBooster_Driver_v1_0_S00_AXI_inst/frequency[0]. Optimizations did not improve timing on the net.
INFO: [Physopt 32-619] Estimated Timing Summary | WNS=-72.982 | TNS=-2882.608 |
Phase 4 Critical Path Optimization | Checksum: 17b6687b2

Time (s): cpu = 00:00:29 ; elapsed = 00:00:21 . Memory (MB): peak = 2122.582 ; gain = 0.000
Netlist sorting complete. Time (s): cpu = 00:00:00 ; elapsed = 00:00:00.074 . Memory (MB): peak = 2122.582 ; gain = 0.000
INFO: [Physopt 32-603] Post Physical Optimization Timing Summary | WNS=-72.982 | TNS=-2882.608 |

Summary of Physical Synthesis Optimizations
============================================


-------------------------------------------------------------------------------------------------------------------------------------------------------------
|  Optimization   |  WNS Gain (ns)  |  TNS Gain (ns)  |  Added Cells  |  Removed Cells  |  Optimized Cells/Nets  |  Dont Touch  |  Iterations  |  Elapsed   |
-------------------------------------------------------------------------------------------------------------------------------------------------------------
|  DSP Register   |          0.000  |          0.000  |            0  |              0  |                     0  |           0  |           1  |  00:00:00  |
|  Critical Path  |          0.213  |          8.131  |            4  |              0  |                     3  |           0  |           2  |  00:00:15  |
|  Total          |          0.213  |          8.131  |            4  |              0  |                     3  |           0  |           3  |  00:00:15  |
-------------------------------------------------------------------------------------------------------------------------------------------------------------


Netlist sorting complete. Time (s): cpu = 00:00:00 ; elapsed = 00:00:00.034 . Memory (MB): peak = 2122.582 ; gain = 0.000
Ending Physical Synthesis Task | Checksum: f545b6e2

Time (s): cpu = 00:00:30 ; elapsed = 00:00:21 . Memory (MB): peak = 2122.582 ; gain = 0.000
INFO: [Common 17-83] Releasing license: Implementation
834 Infos, 22 Warnings, 2 Critical Warnings and 0 Errors encountered.
phys_opt_design completed successfully
phys_opt_design: Time (s): cpu = 00:00:44 ; elapsed = 00:00:31 . Memory (MB): peak = 2122.582 ; gain = 0.000
INFO: [Timing 38-480] Writing timing data to binary archive.
Writing placer database...
Writing XDEF routing.
Writing XDEF routing logical nets.
Writing XDEF routing special nets.
Write XDEF Complete: Time (s): cpu = 00:00:12 ; elapsed = 00:00:04 . Memory (MB): peak = 2122.582 ; gain = 0.000
INFO: [Common 17-1381] The checkpoint 'C:/Users/linnh/Sep-repository-2/Avancefinal/Avancefinal.runs/impl_1/DEMO_wrapper_physopt.dcp' has been generated.
write_checkpoint: Time (s): cpu = 00:00:23 ; elapsed = 00:00:13 . Memory (MB): peak = 2122.582 ; gain = 0.000
Command: route_design
Attempting to get a license for feature 'Implementation' and/or device 'xc7z010'
INFO: [Common 17-349] Got license for feature 'Implementation' and/or device 'xc7z010'
INFO: [DRC 23-27] Running DRC with 2 threads
INFO: [Vivado_Tcl 4-198] DRC finished with 0 Errors
INFO: [Vivado_Tcl 4-199] Please refer to the DRC report (report_drc) for more information.
Running DRC as a precondition to command route_design
INFO: [DRC 23-27] Running DRC with 2 threads
INFO: [Vivado_Tcl 4-198] DRC finished with 0 Errors
INFO: [Vivado_Tcl 4-199] Please refer to the DRC report (report_drc) for more information.


Starting Routing Task
INFO: [Route 35-254] Multithreading enabled for route_design using a maximum of 2 CPUs
Checksum: PlaceDB: 1e51bd73 ConstDB: 0 ShapeSum: 8bf74e84 RouteDB: 0

Phase 1 Build RT Design
Phase 1 Build RT Design | Checksum: 279b8173

Time (s): cpu = 00:00:53 ; elapsed = 00:00:42 . Memory (MB): peak = 2142.660 ; gain = 20.078
Post Restoration Checksum: NetGraph: 1a639700 NumContArr: d37ea73 Constraints: 0 Timing: 0

Phase 2 Router Initialization

Phase 2.1 Create Timer
Phase 2.1 Create Timer | Checksum: 279b8173

Time (s): cpu = 00:00:54 ; elapsed = 00:00:42 . Memory (MB): peak = 2142.660 ; gain = 20.078

Phase 2.2 Fix Topology Constraints
Phase 2.2 Fix Topology Constraints | Checksum: 279b8173

Time (s): cpu = 00:00:54 ; elapsed = 00:00:42 . Memory (MB): peak = 2145.797 ; gain = 23.215

Phase 2.3 Pre Route Cleanup
Phase 2.3 Pre Route Cleanup | Checksum: 279b8173

Time (s): cpu = 00:00:54 ; elapsed = 00:00:43 . Memory (MB): peak = 2145.797 ; gain = 23.215
 Number of Nodes with overlaps = 0

Phase 2.4 Update Timing
Phase 2.4 Update Timing | Checksum: 16629b7c1

Time (s): cpu = 00:01:16 ; elapsed = 00:00:57 . Memory (MB): peak = 2176.891 ; gain = 54.309
INFO: [Route 35-416] Intermediate Timing Summary | WNS=-70.896| TNS=-2801.779| WHS=-0.165 | THS=-403.646|


Phase 2.5 Update Timing for Bus Skew

Phase 2.5.1 Update Timing
Phase 2.5.1 Update Timing | Checksum: 1b17f6b35

Time (s): cpu = 00:01:34 ; elapsed = 00:01:08 . Memory (MB): peak = 2212.668 ; gain = 90.086
INFO: [Route 35-416] Intermediate Timing Summary | WNS=-70.896| TNS=-2798.498| WHS=N/A    | THS=N/A    |

Phase 2.5 Update Timing for Bus Skew | Checksum: 134c0bb43

Time (s): cpu = 00:01:34 ; elapsed = 00:01:08 . Memory (MB): peak = 2217.402 ; gain = 94.820
Phase 2 Router Initialization | Checksum: 1953bf48c

Time (s): cpu = 00:01:35 ; elapsed = 00:01:08 . Memory (MB): peak = 2217.402 ; gain = 94.820

Router Utilization Summary
  Global Vertical Routing Utilization    = 0 %
  Global Horizontal Routing Utilization  = 0 %
  Routable Net Status*
  *Does not include unroutable nets such as driverless and loadless.
  Run report_route_status for detailed report.
  Number of Failed Nets               = 26024
    (Failed Nets is the sum of unrouted and partially routed nets)
  Number of Unrouted Nets             = 26024
  Number of Partially Routed Nets     = 0
  Number of Node Overlaps             = 0


Phase 3 Initial Routing
Phase 3 Initial Routing | Checksum: 2082c0754

Time (s): cpu = 00:01:46 ; elapsed = 00:01:14 . Memory (MB): peak = 2217.402 ; gain = 94.820

Phase 4 Rip-up And Reroute

Phase 4.1 Global Iteration 0
 Number of Nodes with overlaps = 5386
 Number of Nodes with overlaps = 1078
 Number of Nodes with overlaps = 289
 Number of Nodes with overlaps = 50
 Number of Nodes with overlaps = 14
 Number of Nodes with overlaps = 5
 Number of Nodes with overlaps = 2
 Number of Nodes with overlaps = 0
INFO: [Route 35-416] Intermediate Timing Summary | WNS=-75.641| TNS=-3077.996| WHS=N/A    | THS=N/A    |

Phase 4.1 Global Iteration 0 | Checksum: 23d92ccc9

Time (s): cpu = 00:03:05 ; elapsed = 00:02:04 . Memory (MB): peak = 2217.402 ; gain = 94.820

Phase 4.2 Global Iteration 1
 Number of Nodes with overlaps = 672
 Number of Nodes with overlaps = 203
 Number of Nodes with overlaps = 33
 Number of Nodes with overlaps = 4
 Number of Nodes with overlaps = 0
INFO: [Route 35-416] Intermediate Timing Summary | WNS=-76.854| TNS=-3128.057| WHS=N/A    | THS=N/A    |

Phase 4.2 Global Iteration 1 | Checksum: 2235cf753

Time (s): cpu = 00:03:21 ; elapsed = 00:02:18 . Memory (MB): peak = 2217.402 ; gain = 94.820
Phase 4 Rip-up And Reroute | Checksum: 2235cf753

Time (s): cpu = 00:03:22 ; elapsed = 00:02:18 . Memory (MB): peak = 2217.402 ; gain = 94.820

Phase 5 Delay and Skew Optimization

Phase 5.1 Delay CleanUp

Phase 5.1.1 Update Timing
Phase 5.1.1 Update Timing | Checksum: 1a4343aff

Time (s): cpu = 00:03:28 ; elapsed = 00:02:22 . Memory (MB): peak = 2217.402 ; gain = 94.820
INFO: [Route 35-416] Intermediate Timing Summary | WNS=-75.641| TNS=-3068.820| WHS=N/A    | THS=N/A    |

 Number of Nodes with overlaps = 0
Phase 5.1 Delay CleanUp | Checksum: 869d37a3

Time (s): cpu = 00:03:38 ; elapsed = 00:02:27 . Memory (MB): peak = 2218.531 ; gain = 95.949

Phase 5.2 Clock Skew Optimization
Phase 5.2 Clock Skew Optimization | Checksum: 869d37a3

Time (s): cpu = 00:03:38 ; elapsed = 00:02:28 . Memory (MB): peak = 2218.531 ; gain = 95.949
Phase 5 Delay and Skew Optimization | Checksum: 869d37a3

Time (s): cpu = 00:03:38 ; elapsed = 00:02:28 . Memory (MB): peak = 2218.531 ; gain = 95.949

Phase 6 Post Hold Fix

Phase 6.1 Hold Fix Iter

Phase 6.1.1 Update Timing
Phase 6.1.1 Update Timing | Checksum: a3d80341

Time (s): cpu = 00:03:45 ; elapsed = 00:02:33 . Memory (MB): peak = 2218.531 ; gain = 95.949
INFO: [Route 35-416] Intermediate Timing Summary | WNS=-75.641| TNS=-3012.497| WHS=0.014  | THS=0.000  |

Phase 6.1 Hold Fix Iter | Checksum: 8da14389

Time (s): cpu = 00:03:45 ; elapsed = 00:02:33 . Memory (MB): peak = 2218.531 ; gain = 95.949
Phase 6 Post Hold Fix | Checksum: 8da14389

Time (s): cpu = 00:03:45 ; elapsed = 00:02:33 . Memory (MB): peak = 2218.531 ; gain = 95.949

Phase 7 Route finalize

Router Utilization Summary
  Global Vertical Routing Utilization    = 18.1772 %
  Global Horizontal Routing Utilization  = 23.975 %
  Routable Net Status*
  *Does not include unroutable nets such as driverless and loadless.
  Run report_route_status for detailed report.
  Number of Failed Nets               = 0
    (Failed Nets is the sum of unrouted and partially routed nets)
  Number of Unrouted Nets             = 0
  Number of Partially Routed Nets     = 0
  Number of Node Overlaps             = 0

Congestion Report
North Dir 1x1 Area, Max Cong = 80.1802%, No Congested Regions.
South Dir 1x1 Area, Max Cong = 69.3694%, No Congested Regions.
East Dir 1x1 Area, Max Cong = 80.8824%, No Congested Regions.
West Dir 1x1 Area, Max Cong = 79.4118%, No Congested Regions.

------------------------------
Reporting congestion hotspots
------------------------------
Direction: North
----------------
Congested clusters found at Level 0
Effective congestion level: 0 Aspect Ratio: 1 Sparse Ratio: 0
Direction: South
----------------
Congested clusters found at Level 0
Effective congestion level: 0 Aspect Ratio: 1 Sparse Ratio: 0
Direction: East
----------------
Congested clusters found at Level 0
Effective congestion level: 0 Aspect Ratio: 1 Sparse Ratio: 0
Direction: West
----------------
Congested clusters found at Level 0
Effective congestion level: 0 Aspect Ratio: 1 Sparse Ratio: 0

Phase 7 Route finalize | Checksum: a456e489

Time (s): cpu = 00:03:46 ; elapsed = 00:02:34 . Memory (MB): peak = 2218.531 ; gain = 95.949

Phase 8 Verifying routed nets

 Verification completed successfully
Phase 8 Verifying routed nets | Checksum: a456e489

Time (s): cpu = 00:03:46 ; elapsed = 00:02:34 . Memory (MB): peak = 2218.531 ; gain = 95.949

Phase 9 Depositing Routes
Phase 9 Depositing Routes | Checksum: e55e2052

Time (s): cpu = 00:03:52 ; elapsed = 00:02:41 . Memory (MB): peak = 2218.531 ; gain = 95.949

Phase 10 Post Router Timing
INFO: [Route 35-57] Estimated Timing Summary | WNS=-75.641| TNS=-3012.497| WHS=0.014  | THS=0.000  |

WARNING: [Route 35-328] Router estimated timing not met.
Resolution: For a complete and accurate timing signoff, report_timing_summary must be run after route_design. Alternatively, route_design can be run with the -timing_summary option to enable a complete timing signoff at the end of route_design.
Phase 10 Post Router Timing | Checksum: e55e2052

Time (s): cpu = 00:03:53 ; elapsed = 00:02:42 . Memory (MB): peak = 2218.531 ; gain = 95.949
INFO: [Route 35-16] Router Completed Successfully

Time (s): cpu = 00:03:53 ; elapsed = 00:02:42 . Memory (MB): peak = 2218.531 ; gain = 95.949

Routing Is Done.
INFO: [Common 17-83] Releasing license: Implementation
853 Infos, 23 Warnings, 2 Critical Warnings and 0 Errors encountered.
route_design completed successfully
route_design: Time (s): cpu = 00:04:02 ; elapsed = 00:02:47 . Memory (MB): peak = 2218.531 ; gain = 95.949
INFO: [Timing 38-480] Writing timing data to binary archive.
Writing placer database...
Writing XDEF routing.
Writing XDEF routing logical nets.
Writing XDEF routing special nets.
Write XDEF Complete: Time (s): cpu = 00:00:17 ; elapsed = 00:00:06 . Memory (MB): peak = 2218.531 ; gain = 0.000
INFO: [Common 17-1381] The checkpoint 'C:/Users/linnh/Sep-repository-2/Avancefinal/Avancefinal.runs/impl_1/DEMO_wrapper_routed.dcp' has been generated.
write_checkpoint: Time (s): cpu = 00:00:27 ; elapsed = 00:00:14 . Memory (MB): peak = 2218.531 ; gain = 0.000
INFO: [runtcl-4] Executing : report_drc -file DEMO_wrapper_drc_routed.rpt -pb DEMO_wrapper_drc_routed.pb -rpx DEMO_wrapper_drc_routed.rpx
Command: report_drc -file DEMO_wrapper_drc_routed.rpt -pb DEMO_wrapper_drc_routed.pb -rpx DEMO_wrapper_drc_routed.rpx
INFO: [IP_Flow 19-1839] IP Catalog is up to date.
INFO: [DRC 23-27] Running DRC with 2 threads
INFO: [Coretcl 2-168] The results of DRC are in file C:/Users/linnh/Sep-repository-2/Avancefinal/Avancefinal.runs/impl_1/DEMO_wrapper_drc_routed.rpt.
report_drc completed successfully
report_drc: Time (s): cpu = 00:00:19 ; elapsed = 00:00:11 . Memory (MB): peak = 2227.059 ; gain = 8.527
INFO: [runtcl-4] Executing : report_methodology -file DEMO_wrapper_methodology_drc_routed.rpt -pb DEMO_wrapper_methodology_drc_routed.pb -rpx DEMO_wrapper_methodology_drc_routed.rpx
Command: report_methodology -file DEMO_wrapper_methodology_drc_routed.rpt -pb DEMO_wrapper_methodology_drc_routed.pb -rpx DEMO_wrapper_methodology_drc_routed.rpx
INFO: [Timing 38-35] Done setting XDC timing constraints.
INFO: [DRC 23-133] Running Methodology with 2 threads
INFO: [Coretcl 2-1520] The results of Report Methodology are in file C:/Users/linnh/Sep-repository-2/Avancefinal/Avancefinal.runs/impl_1/DEMO_wrapper_methodology_drc_routed.rpt.
report_methodology completed successfully
report_methodology: Time (s): cpu = 00:00:46 ; elapsed = 00:00:28 . Memory (MB): peak = 2336.086 ; gain = 109.027
INFO: [runtcl-4] Executing : report_power -file DEMO_wrapper_power_routed.rpt -pb DEMO_wrapper_power_summary_routed.pb -rpx DEMO_wrapper_power_routed.rpx
Command: report_power -file DEMO_wrapper_power_routed.rpt -pb DEMO_wrapper_power_summary_routed.pb -rpx DEMO_wrapper_power_routed.rpx
INFO: [Timing 38-35] Done setting XDC timing constraints.
Running Vector-less Activity Propagation...

Finished Running Vector-less Activity Propagation
865 Infos, 23 Warnings, 2 Critical Warnings and 0 Errors encountered.
report_power completed successfully
report_power: Time (s): cpu = 00:00:28 ; elapsed = 00:00:19 . Memory (MB): peak = 2342.320 ; gain = 6.234
INFO: [runtcl-4] Executing : report_route_status -file DEMO_wrapper_route_status.rpt -pb DEMO_wrapper_route_status.pb
INFO: [runtcl-4] Executing : report_timing_summary -max_paths 10 -file DEMO_wrapper_timing_summary_routed.rpt -pb DEMO_wrapper_timing_summary_routed.pb -rpx DEMO_wrapper_timing_summary_routed.rpx -warn_on_violation 
INFO: [Timing 38-91] UpdateTimingParams: Speed grade: -1, Delay Type: min_max.
INFO: [Timing 38-191] Multithreading enabled for timing update using a maximum of 2 CPUs
CRITICAL WARNING: [Timing 38-282] The design failed to meet the timing requirements. Please see the timing summary report for details on the timing violations.
WARNING: [Timing 38-436] There are set_bus_skew constraint(s) in this design. Please run report_bus_skew to ensure that bus skew requirements are met.
INFO: [runtcl-4] Executing : report_incremental_reuse -file DEMO_wrapper_incremental_reuse_routed.rpt
INFO: [Vivado_Tcl 4-1062] Incremental flow is disabled. No incremental reuse Info to report.
INFO: [runtcl-4] Executing : report_clock_utilization -file DEMO_wrapper_clock_utilization_routed.rpt
INFO: [runtcl-4] Executing : report_bus_skew -warn_on_violation -file DEMO_wrapper_bus_skew_routed.rpt -pb DEMO_wrapper_bus_skew_routed.pb -rpx DEMO_wrapper_bus_skew_routed.rpx
INFO: [Timing 38-91] UpdateTimingParams: Speed grade: -1, Delay Type: min_max.
INFO: [Timing 38-191] Multithreading enabled for timing update using a maximum of 2 CPUs
INFO: [Memdata 28-208] The XPM instance: <DEMO_i/axi_traffic_gen_1/inst/ATG_MODE_AXI_BASIC_FULL.basic_n_full_top/sharedram_blk/sharedram/ram0/MEM_INFER_BLK_MEM.inst/proc_bmg/xpm_mem.xpm_tdpram_mem.xpm_memory_tdpram_inst/xpm_memory_base_inst> is part of IP: <DEMO_i/axi_traffic_gen_1>. This XPM instance will be excluded from the .mmi because updatemem is prohibited from making changes to an XPM that is part of an IP.
INFO: [Memdata 28-208] The XPM instance: <DEMO_i/axi_traffic_gen_1/inst/ATG_MODE_AXI_BASIC_FULL.basic_n_full_top/cmd_blk/Cmdram/cmd_ram0_3/MEM_INFER_BLK_MEM.inst/proc_bmg/xpm_mem.xpm_tdpram_mem.xpm_memory_tdpram_inst/xpm_memory_base_inst> is part of IP: <DEMO_i/axi_traffic_gen_1>. This XPM instance will be excluded from the .mmi because updatemem is prohibited from making changes to an XPM that is part of an IP.
INFO: [Memdata 28-208] The XPM instance: <DEMO_i/axi_traffic_gen_1/inst/ATG_MODE_AXI_BASIC_FULL.basic_n_full_top/ATG_PARARAM_INST_YES.paramram_blk/PARAMRAM_ON_1.paramram/ram0/MEM_INFER_BLK_MEM.inst/proc_bmg/xpm_mem.xpm_tdpram_mem.xpm_memory_tdpram_inst/xpm_memory_base_inst> is part of IP: <DEMO_i/axi_traffic_gen_1>. This XPM instance will be excluded from the .mmi because updatemem is prohibited from making changes to an XPM that is part of an IP.
INFO: [Memdata 28-167] Found XPM memory block DEMO_i/axi_traffic_gen_0/inst/ATG_MODE_SYSTEM_INIT_TEST.systeminit_top/systeminit_dmg_data/xpm_memory_spram_inst/xpm_memory_base_inst with a P_MEMORY_PRIMITIVE property set to distributed. A value of block is required. You will not be able to use the updatemem program to update the bitstream with new data for the DEMO_i/axi_traffic_gen_0/inst/ATG_MODE_SYSTEM_INIT_TEST.systeminit_top/systeminit_dmg_data/xpm_memory_spram_inst/xpm_memory_base_inst block.
INFO: [Memdata 28-167] Found XPM memory block DEMO_i/axi_traffic_gen_0/inst/ATG_MODE_SYSTEM_INIT_TEST.systeminit_top/systeminit_dmg_addr/xpm_memory_spram_inst/xpm_memory_base_inst with a P_MEMORY_PRIMITIVE property set to distributed. A value of block is required. You will not be able to use the updatemem program to update the bitstream with new data for the DEMO_i/axi_traffic_gen_0/inst/ATG_MODE_SYSTEM_INIT_TEST.systeminit_top/systeminit_dmg_addr/xpm_memory_spram_inst/xpm_memory_base_inst block.
INFO: [Memdata 28-167] Found XPM memory block DEMO_i/axi_traffic_gen_0/inst/ATG_MODE_SYSTEM_INIT_TEST.systeminit_top/ATG_SYSINIT_DMG.systeminit_dmg_mask/xpm_memory_spram_inst/xpm_memory_base_inst with a P_MEMORY_PRIMITIVE property set to distributed. A value of block is required. You will not be able to use the updatemem program to update the bitstream with new data for the DEMO_i/axi_traffic_gen_0/inst/ATG_MODE_SYSTEM_INIT_TEST.systeminit_top/ATG_SYSINIT_DMG.systeminit_dmg_mask/xpm_memory_spram_inst/xpm_memory_base_inst block.
INFO: [Memdata 28-167] Found XPM memory block DEMO_i/axi_traffic_gen_0/inst/ATG_MODE_SYSTEM_INIT_TEST.systeminit_top/ATG_SYSINIT_DMG.systeminit_dmg_ctrl/xpm_memory_spram_inst/xpm_memory_base_inst with a P_MEMORY_PRIMITIVE property set to distributed. A value of block is required. You will not be able to use the updatemem program to update the bitstream with new data for the DEMO_i/axi_traffic_gen_0/inst/ATG_MODE_SYSTEM_INIT_TEST.systeminit_top/ATG_SYSINIT_DMG.systeminit_dmg_ctrl/xpm_memory_spram_inst/xpm_memory_base_inst block.
INFO: [Memdata 28-167] Found XPM memory block DEMO_i/axi_smc_1/inst/s00_nodes/s00_w_node/inst/inst_mi_handler/gen_normal_area.inst_fifo_node_payld/gen_xpm_memory_fifo.inst_fifo/gen_mem_rep[0].inst_xpm_memory/xpm_memory_base_inst with a P_MEMORY_PRIMITIVE property set to distributed. A value of block is required. You will not be able to use the updatemem program to update the bitstream with new data for the DEMO_i/axi_smc_1/inst/s00_nodes/s00_w_node/inst/inst_mi_handler/gen_normal_area.inst_fifo_node_payld/gen_xpm_memory_fifo.inst_fifo/gen_mem_rep[0].inst_xpm_memory/xpm_memory_base_inst block.
INFO: [Memdata 28-167] Found XPM memory block DEMO_i/axi_smc_1/inst/s00_nodes/s00_r_node/inst/inst_mi_handler/gen_normal_area.inst_fifo_node_payld/gen_xpm_memory_fifo.inst_fifo/gen_mem_rep[0].inst_xpm_memory/xpm_memory_base_inst with a P_MEMORY_PRIMITIVE property set to distributed. A value of block is required. You will not be able to use the updatemem program to update the bitstream with new data for the DEMO_i/axi_smc_1/inst/s00_nodes/s00_r_node/inst/inst_mi_handler/gen_normal_area.inst_fifo_node_payld/gen_xpm_memory_fifo.inst_fifo/gen_mem_rep[0].inst_xpm_memory/xpm_memory_base_inst block.
INFO: [Memdata 28-167] Found XPM memory block DEMO_i/axi_smc_1/inst/s00_nodes/s00_b_node/inst/inst_mi_handler/gen_normal_area.inst_fifo_node_payld/gen_xpm_memory_fifo.inst_fifo/gen_mem_rep[0].inst_xpm_memory/xpm_memory_base_inst with a P_MEMORY_PRIMITIVE property set to distributed. A value of block is required. You will not be able to use the updatemem program to update the bitstream with new data for the DEMO_i/axi_smc_1/inst/s00_nodes/s00_b_node/inst/inst_mi_handler/gen_normal_area.inst_fifo_node_payld/gen_xpm_memory_fifo.inst_fifo/gen_mem_rep[0].inst_xpm_memory/xpm_memory_base_inst block.
INFO: [Memdata 28-167] Found XPM memory block DEMO_i/axi_smc_1/inst/s00_nodes/s00_aw_node/inst/inst_mi_handler/gen_normal_area.inst_fifo_node_payld/gen_xpm_memory_fifo.inst_fifo/gen_mem_rep[0].inst_xpm_memory/xpm_memory_base_inst with a P_MEMORY_PRIMITIVE property set to distributed. A value of block is required. You will not be able to use the updatemem program to update the bitstream with new data for the DEMO_i/axi_smc_1/inst/s00_nodes/s00_aw_node/inst/inst_mi_handler/gen_normal_area.inst_fifo_node_payld/gen_xpm_memory_fifo.inst_fifo/gen_mem_rep[0].inst_xpm_memory/xpm_memory_base_inst block.
INFO: [Memdata 28-167] Found XPM memory block DEMO_i/axi_smc_1/inst/s00_nodes/s00_ar_node/inst/inst_mi_handler/gen_normal_area.inst_fifo_node_payld/gen_xpm_memory_fifo.inst_fifo/gen_mem_rep[0].inst_xpm_memory/xpm_memory_base_inst with a P_MEMORY_PRIMITIVE property set to distributed. A value of block is required. You will not be able to use the updatemem program to update the bitstream with new data for the DEMO_i/axi_smc_1/inst/s00_nodes/s00_ar_node/inst/inst_mi_handler/gen_normal_area.inst_fifo_node_payld/gen_xpm_memory_fifo.inst_fifo/gen_mem_rep[0].inst_xpm_memory/xpm_memory_base_inst block.
INFO: [Memdata 28-167] Found XPM memory block DEMO_i/axi_smc/inst/s00_nodes/s00_w_node/inst/inst_mi_handler/gen_normal_area.inst_fifo_node_payld/gen_xpm_memory_fifo.inst_fifo/gen_mem_rep[0].inst_xpm_memory/xpm_memory_base_inst with a P_MEMORY_PRIMITIVE property set to distributed. A value of block is required. You will not be able to use the updatemem program to update the bitstream with new data for the DEMO_i/axi_smc/inst/s00_nodes/s00_w_node/inst/inst_mi_handler/gen_normal_area.inst_fifo_node_payld/gen_xpm_memory_fifo.inst_fifo/gen_mem_rep[0].inst_xpm_memory/xpm_memory_base_inst block.
INFO: [Memdata 28-167] Found XPM memory block DEMO_i/axi_smc/inst/s00_nodes/s00_r_node/inst/inst_mi_handler/gen_normal_area.inst_fifo_node_payld/gen_xpm_memory_fifo.inst_fifo/gen_mem_rep[0].inst_xpm_memory/xpm_memory_base_inst with a P_MEMORY_PRIMITIVE property set to distributed. A value of block is required. You will not be able to use the updatemem program to update the bitstream with new data for the DEMO_i/axi_smc/inst/s00_nodes/s00_r_node/inst/inst_mi_handler/gen_normal_area.inst_fifo_node_payld/gen_xpm_memory_fifo.inst_fifo/gen_mem_rep[0].inst_xpm_memory/xpm_memory_base_inst block.
INFO: [Memdata 28-167] Found XPM memory block DEMO_i/axi_smc/inst/s00_nodes/s00_b_node/inst/inst_mi_handler/gen_normal_area.inst_fifo_node_payld/gen_xpm_memory_fifo.inst_fifo/gen_mem_rep[0].inst_xpm_memory/xpm_memory_base_inst with a P_MEMORY_PRIMITIVE property set to distributed. A value of block is required. You will not be able to use the updatemem program to update the bitstream with new data for the DEMO_i/axi_smc/inst/s00_nodes/s00_b_node/inst/inst_mi_handler/gen_normal_area.inst_fifo_node_payld/gen_xpm_memory_fifo.inst_fifo/gen_mem_rep[0].inst_xpm_memory/xpm_memory_base_inst block.
INFO: [Memdata 28-167] Found XPM memory block DEMO_i/axi_smc/inst/s00_nodes/s00_aw_node/inst/inst_mi_handler/gen_normal_area.inst_fifo_node_payld/gen_xpm_memory_fifo.inst_fifo/gen_mem_rep[0].inst_xpm_memory/xpm_memory_base_inst with a P_MEMORY_PRIMITIVE property set to distributed. A value of block is required. You will not be able to use the updatemem program to update the bitstream with new data for the DEMO_i/axi_smc/inst/s00_nodes/s00_aw_node/inst/inst_mi_handler/gen_normal_area.inst_fifo_node_payld/gen_xpm_memory_fifo.inst_fifo/gen_mem_rep[0].inst_xpm_memory/xpm_memory_base_inst block.
INFO: [Memdata 28-167] Found XPM memory block DEMO_i/axi_smc/inst/s00_nodes/s00_ar_node/inst/inst_mi_handler/gen_normal_area.inst_fifo_node_payld/gen_xpm_memory_fifo.inst_fifo/gen_mem_rep[0].inst_xpm_memory/xpm_memory_base_inst with a P_MEMORY_PRIMITIVE property set to distributed. A value of block is required. You will not be able to use the updatemem program to update the bitstream with new data for the DEMO_i/axi_smc/inst/s00_nodes/s00_ar_node/inst/inst_mi_handler/gen_normal_area.inst_fifo_node_payld/gen_xpm_memory_fifo.inst_fifo/gen_mem_rep[0].inst_xpm_memory/xpm_memory_base_inst block.
INFO: [Memdata 28-167] Found XPM memory block DEMO_i/axi_quad_spi_1/U0/NO_DUAL_QUAD_MODE.QSPI_NORMAL/QSPI_LEGACY_MD_GEN.QSPI_CORE_INTERFACE_I/FIFO_EXISTS.TX_FIFO_II/xpm_fifo_instance.xpm_fifo_async_inst/gnuram_async_fifo.xpm_fifo_base_inst/gen_sdpram.xpm_memory_base_inst with a P_MEMORY_PRIMITIVE property set to auto. A value of block is required. You will not be able to use the updatemem program to update the bitstream with new data for the DEMO_i/axi_quad_spi_1/U0/NO_DUAL_QUAD_MODE.QSPI_NORMAL/QSPI_LEGACY_MD_GEN.QSPI_CORE_INTERFACE_I/FIFO_EXISTS.TX_FIFO_II/xpm_fifo_instance.xpm_fifo_async_inst/gnuram_async_fifo.xpm_fifo_base_inst/gen_sdpram.xpm_memory_base_inst block.
INFO: [Memdata 28-167] Found XPM memory block DEMO_i/axi_quad_spi_1/U0/NO_DUAL_QUAD_MODE.QSPI_NORMAL/QSPI_LEGACY_MD_GEN.QSPI_CORE_INTERFACE_I/FIFO_EXISTS.RX_FIFO_II/gnuram_async_fifo.xpm_fifo_base_inst/gen_sdpram.xpm_memory_base_inst with a P_MEMORY_PRIMITIVE property set to auto. A value of block is required. You will not be able to use the updatemem program to update the bitstream with new data for the DEMO_i/axi_quad_spi_1/U0/NO_DUAL_QUAD_MODE.QSPI_NORMAL/QSPI_LEGACY_MD_GEN.QSPI_CORE_INTERFACE_I/FIFO_EXISTS.RX_FIFO_II/gnuram_async_fifo.xpm_fifo_base_inst/gen_sdpram.xpm_memory_base_inst block.
INFO: [Memdata 28-167] Found XPM memory block DEMO_i/axi_quad_spi_0/U0/NO_DUAL_QUAD_MODE.QSPI_NORMAL/QSPI_LEGACY_MD_GEN.QSPI_CORE_INTERFACE_I/FIFO_EXISTS.TX_FIFO_II/xpm_fifo_instance.xpm_fifo_async_inst/gnuram_async_fifo.xpm_fifo_base_inst/gen_sdpram.xpm_memory_base_inst with a P_MEMORY_PRIMITIVE property set to auto. A value of block is required. You will not be able to use the updatemem program to update the bitstream with new data for the DEMO_i/axi_quad_spi_0/U0/NO_DUAL_QUAD_MODE.QSPI_NORMAL/QSPI_LEGACY_MD_GEN.QSPI_CORE_INTERFACE_I/FIFO_EXISTS.TX_FIFO_II/xpm_fifo_instance.xpm_fifo_async_inst/gnuram_async_fifo.xpm_fifo_base_inst/gen_sdpram.xpm_memory_base_inst block.
INFO: [Memdata 28-167] Found XPM memory block DEMO_i/axi_quad_spi_0/U0/NO_DUAL_QUAD_MODE.QSPI_NORMAL/QSPI_LEGACY_MD_GEN.QSPI_CORE_INTERFACE_I/FIFO_EXISTS.RX_FIFO_II/gnuram_async_fifo.xpm_fifo_base_inst/gen_sdpram.xpm_memory_base_inst with a P_MEMORY_PRIMITIVE property set to auto. A value of block is required. You will not be able to use the updatemem program to update the bitstream with new data for the DEMO_i/axi_quad_spi_0/U0/NO_DUAL_QUAD_MODE.QSPI_NORMAL/QSPI_LEGACY_MD_GEN.QSPI_CORE_INTERFACE_I/FIFO_EXISTS.RX_FIFO_II/gnuram_async_fifo.xpm_fifo_base_inst/gen_sdpram.xpm_memory_base_inst block.
Command: write_bitstream -force DEMO_wrapper.bit
Attempting to get a license for feature 'Implementation' and/or device 'xc7z010'
INFO: [Common 17-349] Got license for feature 'Implementation' and/or device 'xc7z010'
Running DRC as a precondition to command write_bitstream
INFO: [IP_Flow 19-1839] IP Catalog is up to date.
INFO: [DRC 23-27] Running DRC with 2 threads
WARNING: [DRC BUFC-1] Input Buffer Connections: Input buffer spi_rtl_sck_iobuf/IBUF has no loads. It is recommended to have an input buffer drive an internal load.
WARNING: [DRC BUFC-1] Input Buffer Connections: Input buffer spi_rtl_ss_iobuf_0/IBUF has no loads. It is recommended to have an input buffer drive an internal load.
WARNING: [DRC DPIP-1] Input pipelining: DSP DEMO_i/BuzzerBooster_Driver_0/U0/BuzzerBooster_Driver_v1_0_S00_AXI_inst/duty_cycle3 input DEMO_i/BuzzerBooster_Driver_0/U0/BuzzerBooster_Driver_v1_0_S00_AXI_inst/duty_cycle3/B[17:0] is not pipelined. Pipelining DSP48 input will improve performance.
WARNING: [DRC DPIP-1] Input pipelining: DSP DEMO_i/BuzzerBooster_Driver_0/U0/BuzzerBooster_Driver_v1_0_S00_AXI_inst/duty_cycle3__0 input DEMO_i/BuzzerBooster_Driver_0/U0/BuzzerBooster_Driver_v1_0_S00_AXI_inst/duty_cycle3__0/B[17:0] is not pipelined. Pipelining DSP48 input will improve performance.
WARNING: [DRC DPIP-1] Input pipelining: DSP DEMO_i/BuzzerBooster_Driver_0/U0/BuzzerBooster_Driver_v1_0_S00_AXI_inst/duty_cycle3__1 input DEMO_i/BuzzerBooster_Driver_0/U0/BuzzerBooster_Driver_v1_0_S00_AXI_inst/duty_cycle3__1/B[17:0] is not pipelined. Pipelining DSP48 input will improve performance.
WARNING: [DRC DPOP-1] PREG Output pipelining: DSP DEMO_i/BuzzerBooster_Driver_0/U0/BuzzerBooster_Driver_v1_0_S00_AXI_inst/duty_cycle3 output DEMO_i/BuzzerBooster_Driver_0/U0/BuzzerBooster_Driver_v1_0_S00_AXI_inst/duty_cycle3/P[47:0] is not pipelined (PREG=0). Pipelining the DSP48 output will improve performance and often saves power so it is suggested whenever possible to fully pipeline this function.  If this DSP48 function was inferred, it is suggested to describe an additional register stage after this function.  If the DSP48 was instantiated in the design, it is suggested to set the PREG attribute to 1.
WARNING: [DRC DPOP-1] PREG Output pipelining: DSP DEMO_i/BuzzerBooster_Driver_0/U0/BuzzerBooster_Driver_v1_0_S00_AXI_inst/duty_cycle3__0 output DEMO_i/BuzzerBooster_Driver_0/U0/BuzzerBooster_Driver_v1_0_S00_AXI_inst/duty_cycle3__0/P[47:0] is not pipelined (PREG=0). Pipelining the DSP48 output will improve performance and often saves power so it is suggested whenever possible to fully pipeline this function.  If this DSP48 function was inferred, it is suggested to describe an additional register stage after this function.  If the DSP48 was instantiated in the design, it is suggested to set the PREG attribute to 1.
WARNING: [DRC DPOP-1] PREG Output pipelining: DSP DEMO_i/BuzzerBooster_Driver_0/U0/BuzzerBooster_Driver_v1_0_S00_AXI_inst/duty_cycle3__1 output DEMO_i/BuzzerBooster_Driver_0/U0/BuzzerBooster_Driver_v1_0_S00_AXI_inst/duty_cycle3__1/P[47:0] is not pipelined (PREG=0). Pipelining the DSP48 output will improve performance and often saves power so it is suggested whenever possible to fully pipeline this function.  If this DSP48 function was inferred, it is suggested to describe an additional register stage after this function.  If the DSP48 was instantiated in the design, it is suggested to set the PREG attribute to 1.
WARNING: [DRC DPOP-2] MREG Output pipelining: DSP DEMO_i/BuzzerBooster_Driver_0/U0/BuzzerBooster_Driver_v1_0_S00_AXI_inst/duty_cycle3 multiplier stage DEMO_i/BuzzerBooster_Driver_0/U0/BuzzerBooster_Driver_v1_0_S00_AXI_inst/duty_cycle3/P[47:0] is not pipelined (MREG=0). Pipelining the multiplier function will improve performance and will save significant power so it is suggested whenever possible to fully pipeline this function.  If this multiplier was inferred, it is suggested to describe an additional register stage after this function.  If there is no registered adder/accumulator following the multiply function, two pipeline stages are suggested to allow both the MREG and PREG registers to be used.  If the DSP48 was instantiated in the design, it is suggested to set both the MREG and PREG attributes to 1 when performing multiply functions.
WARNING: [DRC DPOP-2] MREG Output pipelining: DSP DEMO_i/BuzzerBooster_Driver_0/U0/BuzzerBooster_Driver_v1_0_S00_AXI_inst/duty_cycle3__0 multiplier stage DEMO_i/BuzzerBooster_Driver_0/U0/BuzzerBooster_Driver_v1_0_S00_AXI_inst/duty_cycle3__0/P[47:0] is not pipelined (MREG=0). Pipelining the multiplier function will improve performance and will save significant power so it is suggested whenever possible to fully pipeline this function.  If this multiplier was inferred, it is suggested to describe an additional register stage after this function.  If there is no registered adder/accumulator following the multiply function, two pipeline stages are suggested to allow both the MREG and PREG registers to be used.  If the DSP48 was instantiated in the design, it is suggested to set both the MREG and PREG attributes to 1 when performing multiply functions.
WARNING: [DRC DPOP-2] MREG Output pipelining: DSP DEMO_i/BuzzerBooster_Driver_0/U0/BuzzerBooster_Driver_v1_0_S00_AXI_inst/duty_cycle3__1 multiplier stage DEMO_i/BuzzerBooster_Driver_0/U0/BuzzerBooster_Driver_v1_0_S00_AXI_inst/duty_cycle3__1/P[47:0] is not pipelined (MREG=0). Pipelining the multiplier function will improve performance and will save significant power so it is suggested whenever possible to fully pipeline this function.  If this multiplier was inferred, it is suggested to describe an additional register stage after this function.  If there is no registered adder/accumulator following the multiply function, two pipeline stages are suggested to allow both the MREG and PREG registers to be used.  If the DSP48 was instantiated in the design, it is suggested to set both the MREG and PREG attributes to 1 when performing multiply functions.
WARNING: [DRC RTSTAT-10] No routable loads: 27 net(s) have no routable loads. The problem bus(es) and/or net(s) are dbg_hub/inst/BSCANID.u_xsdbm_id/CORE_XSDB.UUT_MASTER/U_ICON_INTERFACE/U_CMD6_RD/U_RD_FIFO/SUBCORE_FIFO.xsdbm_v3_0_0_rdfifo_inst/inst_fifo_gen/gconvfifo.rf/grf.rf/gntv_or_sync_fifo.gl0.rd/gr1.gr1_int.rfwft/aempty_fwft_i, dbg_hub/inst/BSCANID.u_xsdbm_id/CORE_XSDB.UUT_MASTER/U_ICON_INTERFACE/U_CMD7_CTL/ctl_reg[2:0], dbg_hub/inst/BSCANID.u_xsdbm_id/CORE_XSDB.UUT_MASTER/U_ICON_INTERFACE/U_CMD7_CTL/ctl_reg_en_2[1], dbg_hub/inst/BSCANID.u_xsdbm_id/CORE_XSDB.UUT_MASTER/U_ICON_INTERFACE/U_CMD1/ctl_reg_en_2[1], dbg_hub/inst/BSCANID.u_xsdbm_id/SWITCH_N_EXT_BSCAN.bscan_switch/m_bscan_capture[0], dbg_hub/inst/BSCANID.u_xsdbm_id/SWITCH_N_EXT_BSCAN.bscan_switch/m_bscan_drck[0], dbg_hub/inst/BSCANID.u_xsdbm_id/SWITCH_N_EXT_BSCAN.bscan_switch/m_bscan_runtest[0], dbg_hub/inst/BSCANID.u_xsdbm_id/CORE_XSDB.UUT_MASTER/U_ICON_INTERFACE/U_CMD6_RD/U_RD_FIFO/SUBCORE_FIFO.xsdbm_v3_0_0_rdfifo_inst/inst_fifo_gen/gconvfifo.rf/grf.rf/gntv_or_sync_fifo.gl0.wr/gwhf.whf/overflow, dbg_hub/inst/BSCANID.u_xsdbm_id/CORE_XSDB.UUT_MASTER/U_ICON_INTERFACE/U_CMD6_WR/U_WR_FIFO/SUBCORE_FIFO.xsdbm_v3_0_0_wrfifo_inst/inst_fifo_gen/gconvfifo.rf/grf.rf/gntv_or_sync_fifo.gl0.wr/gwhf.whf/overflow, DEMO_i/axi_traffic_gen_0/inst/ext_sync_flop_1/q, DEMO_i/axi_traffic_gen_0/inst/ext_st_sync_flop_1/q, dbg_hub/inst/BSCANID.u_xsdbm_id/CORE_XSDB.UUT_MASTER/U_ICON_INTERFACE/U_CMD6_RD/U_RD_FIFO/SUBCORE_FIFO.xsdbm_v3_0_0_rdfifo_inst/inst_fifo_gen/gconvfifo.rf/grf.rf/gntv_or_sync_fifo.gl0.rd/gras.rsts/ram_empty_i, dbg_hub/inst/BSCANID.u_xsdbm_id/CORE_XSDB.UUT_MASTER/U_ICON_INTERFACE/U_CMD6_WR/U_WR_FIFO/SUBCORE_FIFO.xsdbm_v3_0_0_wrfifo_inst/inst_fifo_gen/gconvfifo.rf/grf.rf/gntv_or_sync_fifo.gl0.wr/gwas.wsts/ram_full_i, dbg_hub/inst/BSCANID.u_xsdbm_id/CORE_XSDB.UUT_MASTER/U_ICON_INTERFACE/U_CMD6_WR/U_WR_FIFO/SUBCORE_FIFO.xsdbm_v3_0_0_wrfifo_inst/inst_fifo_gen/gconvfifo.rf/grf.rf/rstblk/rd_rst_reg[0], dbg_hub/inst/BSCANID.u_xsdbm_id/SWITCH_N_EXT_BSCAN.bscan_inst/s_bscan_tms... and (the first 15 of 25 listed).
INFO: [DRC REQP-24] enum_BREG_0_connects_CEB1_GND_connects_CEB2_GND: DEMO_i/BuzzerBooster_Driver_0/U0/BuzzerBooster_Driver_v1_0_S00_AXI_inst/duty_cycle3__1: When DSP48E1 attribute BREG is set to 0, the CEB1 and CEB2 pins should be tied to GND to save power.
INFO: [Vivado 12-3199] DRC finished with 0 Errors, 12 Warnings, 1 Advisories
INFO: [Vivado 12-3200] Please refer to the DRC report (report_drc) for more information.
INFO: [Designutils 20-2272] Running write_bitstream with 2 threads.
Loading data files...
Loading site data...
Loading route data...
Processing options...
Creating bitmap...
Creating bitstream...
Writing bitstream ./DEMO_wrapper.bit...
INFO: [Vivado 12-1842] Bitgen Completed Successfully.
INFO: [Project 1-120] WebTalk data collection is mandatory when using a WebPACK part without a full Vivado license. To see the specific WebTalk data collected for your design, open the usage_statistics_webtalk.html or usage_statistics_webtalk.xml file in the implementation directory.
INFO: [Common 17-83] Releasing license: Implementation
906 Infos, 36 Warnings, 3 Critical Warnings and 0 Errors encountered.
write_bitstream completed successfully
write_bitstream: Time (s): cpu = 00:01:13 ; elapsed = 00:01:03 . Memory (MB): peak = 2750.672 ; gain = 408.352
INFO: [Common 17-206] Exiting Vivado at Sun Nov 23 07:49:11 2025...
