#ifndef __LCD_GUI_H
#define __LCD_GUI_H		

#include "LCD_Driver.h"
#include "fonts.h"

/********************************************************************************
function:	
			dot pixel
********************************************************************************/
typedef enum{
	DOT_PIXEL_1X1  = 1,		// dot pixel 1 x 1
	DOT_PIXEL_2X2  , 		// dot pixel 2 X 2 
	DOT_PIXEL_3X3  ,		// dot pixel 3 X 3
	DOT_PIXEL_4X4  ,		// dot pixel 4 X 4
	DOT_PIXEL_5X5  , 		// dot pixel 5 X 5
	DOT_PIXEL_6X6  , 		// dot pixel 6 X 6
	DOT_PIXEL_7X7  , 		// dot pixel 7 X 7
	DOT_PIXEL_8X8  , 		// dot pixel 8 X 8
}DOT_PIXEL;
#define DOT_PIXEL_DFT  DOT_PIXEL_1X1  //Default dot pilex

/********************************************************************************
function:	
			dot Fill style
********************************************************************************/
typedef enum{
	DOT_FILL_AROUND  = 1,		// dot pixel 1 x 1
	DOT_FILL_RIGHTUP  , 		// dot pixel 2 X 2 
}DOT_STYLE;
#define DOT_STYLE_DFT  DOT_FILL_AROUND  //Default dot pilex
/********************************************************************************
function:	
			solid line and dotted line
********************************************************************************/
typedef enum{
	LINE_SOLID = 0,
	LINE_DOTTED,
}LINE_STYLE;

/********************************************************************************
function:	
			DRAW Internal fill
********************************************************************************/
typedef enum{
	DRAW_EMPTY = 0,
	DRAW_FULL,
}DRAW_FILL;

/********************************************************************************
function:	
			Defines commonly used colors for the display
********************************************************************************/
#define GUI_BACKGROUND		BLACK   //Default background color
#define FONT_BACKGROUND		BLACK   //Default font background color
#define FONT_FOREGROUND	    YELLOW    //Default font foreground color

#define WHITE          0xFFFF
#define BLACK          0x0000	  
#define BLUE           0x001F  
#define BRED           0XF81F
#define GRED 		   0XFFE0
#define GBLUE		   0X07FF
#define RED            0xF800
#define MAGENTA        0xF81F
#define GREEN          0x07E0
#define CYAN           0x7FFF
#define YELLOW         0xFFE0
#define BROWN 		   0XBC40 
#define BRRED 		   0XFC07 
#define GRAY  		   0X8430 

/********************************************************************************
function:	
			Macro definition variable name
********************************************************************************/
//Drawing
void GUI_DrawPoint(POINT Xpoint, POINT Ypoint, COLOR Color, DOT_PIXEL Dot_Pixel, DOT_STYLE Dot_FillWay);
void GUI_DrawLine(POINT Xstart, POINT Ystart, POINT Xend, POINT Yend, COLOR Color, LINE_STYLE Line_Style, DOT_PIXEL Dot_Pixel);
void GUI_DrawRectangle(POINT Xstart, POINT Ystart, POINT Xend, POINT Yend, COLOR Color, DRAW_FILL Filled , DOT_PIXEL Dot_Pixel );
void GUI_DrawCircle(POINT X_Center, POINT Y_Center, LENGTH Radius, COLOR Color, DRAW_FILL Draw_Fill , DOT_PIXEL Dot_Pixel );
void GUI_Disbitmap(POINT Xpoint, POINT Ypoint, const unsigned char *pBmp, POINT Width, POINT Height);
//Display string
void GUI_DisChar( POINT Xstart, POINT Ystart, const char Acsii_Char, sFONT* Font, COLOR Color_Background, COLOR Color_Foreground );
void GUI_DisString_EN(POINT Xstart, POINT Ystart, const char * pString, sFONT* Font, COLOR Color_Background, COLOR Color_Foreground );
void GUI_DisNum(POINT Xpoint, POINT Ypoint, int32_t Nummber, sFONT* Font, COLOR Color_Background, COLOR Color_Foreground );

void GUI_Show(void);
void GUI_INTRO(void);



static const unsigned char waveshare[1024]=
{
    0x00,0x00,0x00,0x00,0x00,0x00,0x00,0x00,0x00,0x00,0x00,0x00,0x00,0x00,0x00,0x00,
    0x00,0x00,0x00,0x00,0x00,0x00,0x00,0x00,0x00,0x00,0x00,0x00,0x00,0x00,0x00,0x00,
    0x11,0x11,0x00,0x9C,0x64,0x42,0x1C,0x78,0x7A,0x78,0xEF,0xB8,0x30,0x89,0x8C,0x70,
    0x19,0x91,0x88,0x9C,0xF4,0x63,0x1E,0x78,0x7A,0x79,0xEF,0x3C,0x78,0x89,0x9E,0xF0,
    0x09,0x91,0x88,0xB1,0x84,0x63,0x12,0x40,0x42,0x43,0x02,0x24,0xCC,0xC9,0x30,0x80,
    0x09,0x91,0x88,0xB1,0x84,0x67,0x12,0x40,0x42,0x42,0x02,0x24,0x84,0xC9,0x20,0x80,
    0x09,0x92,0x89,0xB0,0x84,0x65,0x12,0x40,0x42,0x42,0x02,0x24,0x84,0xC9,0x20,0xC0,
    0x0A,0xB2,0x4D,0x1C,0xC7,0xE5,0x96,0x78,0x7A,0x72,0x02,0x2C,0x84,0xA9,0x20,0x60,
    0x0A,0xA2,0x45,0x14,0x67,0xE4,0x9C,0x70,0x72,0x52,0x02,0x38,0x84,0xA9,0x20,0x30,
    0x0A,0x63,0xC5,0x30,0x34,0x67,0x94,0x40,0x42,0x42,0x02,0x28,0x84,0xB9,0x20,0x10,
    0x06,0x67,0xC7,0x30,0x14,0x6F,0x92,0x40,0x42,0x42,0x02,0x24,0x84,0x99,0x20,0x10,
    0x06,0x64,0x66,0x30,0x14,0x68,0x92,0x40,0x42,0x43,0x02,0x24,0x8C,0x99,0x20,0x10,
    0x06,0x64,0x22,0x3D,0xB4,0x68,0xD3,0x78,0x7A,0x79,0xE2,0x26,0x78,0x89,0xBE,0xF0,
    0x04,0x44,0x22,0x1C,0xE4,0x48,0x51,0x78,0x7A,0x79,0xE2,0x22,0x70,0x89,0x9E,0xE0,
    0x00,0x00,0x00,0x00,0x00,0x00,0x00,0x00,0x00,0x00,0x00,0x00,0x00,0x00,0x00,0x00,
    0x00,0x00,0x00,0x00,0x00,0x00,0x00,0x00,0x00,0x00,0x00,0x00,0x00,0x00,0x00,0x00,
    0x00,0x00,0x00,0x00,0x00,0x00,0x00,0x00,0x00,0x00,0x00,0x00,0x00,0x00,0x00,0x00,
    0x00,0x00,0x00,0x00,0x00,0x00,0x00,0x00,0x00,0x00,0x00,0x00,0x00,0x00,0x00,0x00,
    0x00,0x00,0x00,0x00,0x00,0x00,0x00,0x00,0x00,0x00,0x00,0x00,0x00,0x00,0x00,0x00,
    0x00,0x00,0x00,0x00,0x00,0x00,0x00,0x00,0x00,0x00,0x00,0x00,0x00,0x00,0x00,0x00,
    0x00,0x00,0x00,0x00,0x00,0x00,0x00,0x00,0x00,0x00,0x00,0x00,0x00,0x00,0x00,0x00,
    0x00,0x00,0x00,0x00,0x00,0x00,0x00,0x00,0x00,0x00,0x00,0x00,0x00,0x00,0x00,0x00,
    0x00,0x00,0x00,0x00,0x00,0x00,0x00,0x00,0x00,0x00,0x00,0x00,0x00,0x00,0x00,0x00,
    0x00,0x00,0x00,0x00,0x00,0x00,0x00,0x00,0x00,0x00,0x00,0x00,0x00,0x00,0x00,0x00,
    0x3F,0xFF,0xF0,0x00,0x00,0x00,0x00,0x00,0x00,0x00,0x00,0x00,0x00,0x00,0x00,0x00,
    0x3F,0xFF,0xFE,0x00,0x00,0x00,0x00,0x00,0x00,0x00,0x00,0x00,0x00,0x00,0x00,0x00,
    0x3F,0xFF,0xFF,0x80,0x00,0x08,0x30,0x00,0x00,0x00,0x00,0x10,0x00,0x00,0x00,0x00,
    0x3F,0xFF,0xF7,0xC0,0x06,0xDB,0x30,0x3F,0xFF,0xFC,0x00,0x70,0x00,0x7F,0xFF,0xF0,
    0x3F,0xFF,0xE7,0xE0,0x0E,0xDB,0x30,0x3F,0xFF,0xFC,0x7F,0xFF,0xF8,0x7F,0xFF,0xF0,
    0x3F,0xFF,0xC7,0xF0,0x0C,0xDB,0x7E,0x00,0x18,0x00,0x7F,0xFF,0xF8,0x7F,0xFF,0xF0,
    0x3F,0xFF,0x87,0xF0,0x1C,0xDB,0xFE,0x00,0x18,0x00,0x7F,0xFF,0xF8,0x00,0x00,0xF0,
    0x3F,0xFF,0x07,0xF8,0x1C,0xDB,0xF0,0x3F,0xFF,0xFC,0x60,0x70,0x38,0x00,0x01,0xE0,
    0x3F,0xFF,0x87,0xFC,0x18,0xDB,0xC0,0x3F,0xFF,0xF8,0x60,0x70,0x38,0x00,0x01,0xC0,
    0x20,0xC3,0x86,0x3C,0x06,0xFF,0x00,0x30,0x18,0x18,0x60,0x70,0x38,0x00,0x03,0xC0,
    0x30,0xC3,0x0C,0x3C,0x06,0xFF,0x0C,0x30,0x18,0x18,0x60,0x70,0x38,0x00,0x03,0x80,
    0x30,0x43,0x0C,0x1E,0x0E,0xFF,0x6C,0x33,0x18,0xD8,0x60,0x70,0x38,0x07,0xFF,0x00,
    0x30,0x00,0x1C,0x1E,0x0E,0x00,0x6C,0x33,0x9B,0xD8,0x70,0x70,0x38,0x07,0xFF,0x00,
    0x38,0x00,0x08,0x0E,0x1C,0xFE,0x7C,0x30,0x18,0x18,0x7F,0xFF,0xF8,0x07,0xFE,0x00,
    0x38,0x00,0x08,0x0E,0x1C,0xFE,0x3C,0x30,0x19,0x18,0x7F,0xFF,0xF8,0x07,0xFE,0x00,
    0x38,0x00,0x00,0x06,0x1C,0xFE,0x38,0x31,0x9B,0x98,0x60,0x70,0x38,0x00,0x0E,0x00,
    0x3C,0x10,0x00,0x86,0x0C,0x00,0x38,0x33,0x99,0xD8,0x60,0x70,0x38,0x00,0x0E,0x00,
    0x3C,0x10,0x00,0x82,0x0C,0x00,0x38,0x00,0x00,0x00,0x60,0x70,0x38,0x00,0x0E,0x00,
    0x3C,0x18,0x41,0x86,0x0C,0x7E,0x38,0x00,0x00,0x00,0x60,0x70,0x38,0xFF,0xFF,0xF0,
    0x1E,0x38,0x41,0x86,0x0C,0x7E,0x18,0x3F,0xFF,0xF8,0x60,0x70,0x38,0xFF,0xFF,0xF0,
    0x1E,0x38,0xE3,0x8E,0x0C,0x7E,0x18,0x3F,0xFF,0xF8,0x60,0x70,0x38,0xFF,0xFF,0xF0,
    0x1E,0x7C,0xE2,0x0E,0x0C,0x66,0x38,0x00,0x00,0x18,0x7F,0xFF,0xF8,0x00,0x0E,0x00,
    0x1F,0xFF,0xFE,0x1E,0x0C,0x66,0x38,0x00,0x00,0x18,0x7F,0xFF,0xF0,0x00,0x0E,0x00,
    0x0F,0xFF,0xFE,0x0E,0x0C,0x66,0x38,0x1F,0xFF,0xF8,0x7F,0xFF,0xF0,0x00,0x0E,0x00,
    0x0F,0xFF,0xFE,0x1E,0x0C,0x66,0x3C,0x1F,0xFF,0xF8,0x00,0x70,0x00,0x00,0x0E,0x00,
    0x07,0xFF,0xFE,0x3E,0x0C,0x66,0x3C,0x10,0x00,0x38,0x00,0x70,0x00,0x00,0x0E,0x00,
    0x03,0xFF,0xFE,0x7E,0x0C,0x66,0x7C,0x00,0x00,0x18,0x00,0x70,0x00,0x00,0x1E,0x00,
    0x01,0xFF,0xFE,0xFE,0x0C,0xE7,0xEE,0x00,0x00,0x18,0x00,0x7F,0xF8,0x3F,0xFE,0x00,
    0x00,0xFF,0xFF,0xFE,0x0C,0xE7,0xEE,0x3F,0xFF,0xF8,0x00,0x3F,0xF8,0x3F,0xFE,0x00,
    0x00,0x7F,0xFF,0xFE,0x0C,0xC7,0xC6,0x3F,0xFF,0xF8,0x00,0x3F,0xF8,0x3F,0xFC,0x00,
    0x00,0x1F,0xFF,0xFE,0x00,0x00,0x00,0x00,0x00,0x00,0x00,0x00,0x00,0x00,0x00,0x00,
    0x00,0x03,0xFF,0xFE,0x00,0x00,0x00,0x00,0x00,0x00,0x00,0x00,0x00,0x00,0x00,0x00,
    0x00,0x00,0x00,0x00,0x00,0x00,0x00,0x00,0x00,0x00,0x00,0x00,0x00,0x00,0x00,0x00,
    0x00,0x00,0x00,0x00,0x00,0x00,0x00,0x00,0x00,0x00,0x00,0x00,0x00,0x00,0x00,0x00,
    0x00,0x00,0x00,0x00,0x00,0x00,0x00,0x00,0x00,0x00,0x00,0x00,0x00,0x00,0x00,0x00,
    0x00,0x00,0x00,0x00,0x00,0x00,0x00,0x00,0x00,0x00,0x00,0x00,0x00,0x00,0x00,0x00,
    0x00,0x00,0x00,0x00,0x00,0x00,0x00,0x00,0x00,0x00,0x00,0x00,0x00,0x00,0x00,0x00,
    0x00,0x00,0x00,0x00,0x00,0x00,0x00,0x00,0x00,0x00,0x00,0x00,0x00,0x00,0x00,0x00,
    0x00,0x00,0x00,0x00,0x00,0x00,0x00,0x00,0x00,0x00,0x00,0x00,0x00,0x00,0x00,0x00,
    0x00,0x00,0x00,0x00,0x00,0x00,0x00,0x00,0x00,0x00,0x00,0x00,0x00,0x00,0x00,0x00,
};


static const uint8_t Bmp4016[96] =  //SUN
{
    0x00,0x00,0x00,0x00,0x00,0x00,0x00,0x00,0x00,0x00,0x3F,0xF1,0x81,0x8F,0xFC,0x3F,
    0xF1,0x81,0x8F,0xFC,0x30,0x31,0x81,0x8C,0x0C,0x30,0x01,0x81,0x8C,0x0C,0x30,0x01,
    0x81,0x8C,0x0C,0x3F,0xF1,0x81,0x8C,0x0C,0x3F,0xF1,0x81,0x8C,0x0C,0x00,0x31,0x81,
    0x8C,0x0C,0x00,0x31,0x81,0x8C,0x0C,0x30,0x31,0x81,0x8C,0x0C,0x3F,0xF1,0xFF,0x8C,
    0x0C,0x3F,0xF1,0xFF,0x8C,0x0C,0x00,0x00,0x00,0x00,0x00,0x00,0x00,0x00,0x00,0x00
};

static const uint8_t Signal816[16] = //mobie singal
{
    0xFE,0x02,0x92,0x0A,0x54,0x2A,0x38,0xAA,0x12,0xAA,0x12,0xAA,0x12,0xAA,0x12,0xAA
};

static const uint8_t Msg816[16] =  //message
{
    0x1F,0xF8,0x10,0x08,0x18,0x18,0x14,0x28,0x13,0xC8,0x10,0x08,0x10,0x08,0x1F,0xF8
};

static const uint8_t Bat816[16] = //batery
{
    0x0F,0xFE,0x30,0x02,0x26,0xDA,0x26,0xDA,0x26,0xDA,0x26,0xDA,0x30,0x02,0x0F,0xFE
};

static const uint8_t Bluetooth88[8] = // bluetooth
{
    0x18,0x54,0x32,0x1C,0x1C,0x32,0x54,0x18
};

static const uint8_t GPRS88[8] = //GPRS
{
    0xC3,0x99,0x24,0x20,0x2C,0x24,0x99,0xC3
};

static const uint8_t Alarm88[8] = //alram
{
    0xC3,0xBD,0x42,0x52,0x4E,0x42,0x3C,0xC3
};
//static const int intro[128][128]=
//{
static const uint16_t intro[128][128] = {
		{0x69a3, 0x5121, 0x4901, 0x5121, 0x5101, 0x6182, 0x69a3, 0x5942, 0x48e0, 0x40e0, 0x5142, 0x4921, 0x40e0, 0x40e0, 0x40c0, 0x48e1, 0x69c3, 0x69e4, 0x4901, 0x40e0, 0x40e0, 0x4901, 0x5142, 0x6182, 0x5121, 0x48e0, 0x5101, 0x7203, 0x71a2, 0x5941, 0x5121, 0x5942, 0x5962, 0x5921, 0x5941, 0x69e2, 0x5941, 0x5101, 0x7245, 0x6a04, 0x7223, 0x7a84, 0x5120, 0x48e0, 0x5121, 0x5121, 0x48e0, 0x4900, 0x6161, 0x6161, 0x4900, 0x4900, 0x5962, 0x6182, 0x4900, 0x4900, 0x48e0, 0x6a03, 0x7a24, 0x69c2, 0x5961, 0x5100, 0x5921, 0x5941, 0x5120, 0x82c5, 0x82a5, 0x5100, 0x7204, 0x69c3, 0x5101, 0x4900, 0x5961, 0x5941, 0x4900, 0x5100, 0x5941, 0x5940, 0x5920, 0x6140, 0x6981, 0x5961, 0x5120, 0x4900, 0x5100, 0x6182, 0x7a44, 0x71e3, 0x5942, 0x4901, 0x61a2, 0x5941, 0x6982, 0x6161, 0x5121, 0x6161, 0x6161, 0x7a44, 0x69e3, 0x5121, 0x6181, 0x7a21, 0x8242, 0x69c2, 0x5941, 0x5100, 0x6182, 0x5941, 0x5100, 0x50e0, 0x50e0, 0x5100, 0x6161, 0x71e3, 0x6161, 0x5920, 0x5921, 0x5941, 0x5921, 0x5120, 0x5100, 0x5100, 0x69c3, 0x9327, 0x6182, 0x5101, 0x69a2, 0x69c2},
		{0x5942, 0x4901, 0x40e1, 0x61a3, 0x69c3, 0x4900, 0x6182, 0x69c3, 0x5121, 0x40e0, 0x5121, 0x4921, 0x40e1, 0x5983, 0x59a3, 0x48e1, 0x4901, 0x5962, 0x5142, 0x5142, 0x40e0, 0x40e0, 0x48e1, 0x6182, 0x5961, 0x48e0, 0x5121, 0x6181, 0x5921, 0x5921, 0x5101, 0x48e0, 0x6182, 0x5962, 0x48e0, 0x6161, 0x5941, 0x48e0, 0x61c3, 0x7a45, 0x69c2, 0x69c2, 0x5100, 0x48e0, 0x5121, 0x5121, 0x5100, 0x5100, 0x5941, 0x6161, 0x5120, 0x4900, 0x4900, 0x48e0, 0x48e0, 0x4900, 0x4900, 0x6a03, 0x7223, 0x5121, 0x5101, 0x50e0, 0x5100, 0x5100, 0x5100, 0x61a2, 0x5982, 0x5100, 0x7203, 0x69e3, 0x5962, 0x6182, 0x4900, 0x4900, 0x5920, 0x5921, 0x69c2, 0x7a02, 0x6140, 0x5920, 0x6161, 0x6182, 0x5120, 0x5961, 0x6182, 0x5120, 0x5100, 0x5100, 0x5100, 0x5961, 0x69e3, 0x5141, 0x5120, 0x5100, 0x5121, 0x5941, 0x5921, 0x71e3, 0x6182, 0x5920, 0x8221, 0xb3c3, 0xab63, 0x71e1, 0x5920, 0x6161, 0x7203, 0x6182, 0x5100, 0x5100, 0x5100, 0x5100, 0x6161, 0x6161, 0x5120, 0x5100, 0x4900, 0x5100, 0x5100, 0x5921, 0x5941, 0x5961, 0x6182, 0x71e3, 0x6141, 0x69a2, 0x71e3, 0x6161},
		{0x40e0, 0x48e0, 0x40e1, 0x59a3, 0x69e3, 0x48e0, 0x4900, 0x5962, 0x6162, 0x4901, 0x4901, 0x48e1, 0x40e1, 0x61c4, 0x6a04, 0x4900, 0x40e0, 0x4901, 0x5141, 0x5982, 0x4921, 0x4901, 0x4901, 0x5942, 0x5941, 0x48e0, 0x5121, 0x5121, 0x50e0, 0x5101, 0x50e1, 0x48e0, 0x6182, 0x5942, 0x48e0, 0x48e0, 0x48e0, 0x48e0, 0x5121, 0x7203, 0x61a2, 0x5121, 0x5100, 0x4900, 0x48e0, 0x4900, 0x6182, 0x5962, 0x5101, 0x6161, 0x5941, 0x5100, 0x4900, 0x4900, 0x48e0, 0x4900, 0x4900, 0x69e3, 0x7223, 0x5101, 0x48e1, 0x48e0, 0x6161, 0x6161, 0x5100, 0x5100, 0x5100, 0x5100, 0x7203, 0x69e3, 0x5982, 0x69c3, 0x4900, 0x5120, 0x69a1, 0x6981, 0x71c2, 0x71e2, 0x5941, 0x6161, 0x69e3, 0x7204, 0x5120, 0x69c3, 0x7203, 0x5920, 0x5100, 0x5100, 0x5100, 0x5941, 0x61a2, 0x5120, 0x5100, 0x5100, 0x5100, 0x5121, 0x5962, 0x69a2, 0x5120, 0x6161, 0x9b22, 0xd546, 0xc484, 0x7201, 0x5920, 0x5961, 0x6181, 0x5920, 0x5100, 0x5100, 0x5920, 0x5940, 0x6161, 0x6161, 0x5120, 0x4900, 0x4900, 0x5100, 0x5100, 0x5940, 0x69a1, 0x6161, 0x5920, 0x5900, 0x5921, 0x71c2, 0x71e3, 0x6141},
		{0x48e0, 0x5921, 0x5101, 0x48e1, 0x5101, 0x4900, 0x40e0, 0x4900, 0x5941, 0x5941, 0x61a3, 0x6182, 0x5121, 0x5121, 0x5962, 0x61c3, 0x4901, 0x4900, 0x4900, 0x5121, 0x5121, 0x4900, 0x4900, 0x5121, 0x69c3, 0x5941, 0x4900, 0x48e0, 0x48e1, 0x50e1, 0x50e0, 0x5100, 0x6182, 0x5941, 0x48e0, 0x48e0, 0x48e0, 0x48e0, 0x4900, 0x5981, 0x6182, 0x5121, 0x5121, 0x5120, 0x48e0, 0x4900, 0x5941, 0x5941, 0x5101, 0x6161, 0x69a2, 0x6161, 0x5940, 0x5120, 0x4900, 0x4900, 0x4900, 0x6182, 0x7203, 0x5121, 0x5101, 0x5121, 0x69c2, 0x6182, 0x5100, 0x5100, 0x5100, 0x5100, 0x7a03, 0x71e3, 0x5100, 0x5100, 0x5100, 0x5920, 0x6981, 0x6981, 0x6141, 0x5941, 0x5941, 0x6161, 0x7a66, 0x7a86, 0x5920, 0x7244, 0x82e7, 0x5961, 0x5120, 0x5100, 0x5120, 0x5921, 0x5941, 0x5120, 0x5120, 0x5120, 0x5100, 0x5100, 0x5921, 0x5941, 0x5121, 0x69c1, 0xbc64, 0xee69, 0xbc65, 0x69c1, 0x5920, 0x6161, 0x69a2, 0x6161, 0x5941, 0x5941, 0x5941, 0x5941, 0x7244, 0x82e6, 0x5961, 0x5120, 0x5140, 0x5940, 0x5120, 0x5940, 0x6960, 0x6140, 0x5920, 0x5920, 0x5921, 0x5921, 0x5920, 0x5920},
		{0x48e0, 0x5100, 0x5100, 0x48e0, 0x48e0, 0x48e0, 0x4900, 0x48e0, 0x4900, 0x6182, 0x7a45, 0x69c3, 0x69a2, 0x5962, 0x5962, 0x8b08, 0x69e4, 0x4900, 0x48e1, 0x48e0, 0x48e0, 0x5101, 0x5121, 0x5101, 0x6182, 0x69a2, 0x5121, 0x5100, 0x5100, 0x69e3, 0x69a2, 0x5100, 0x69c2, 0x69a2, 0x5101, 0x5100, 0x4900, 0x48e0, 0x4900, 0x5120, 0x5141, 0x5941, 0x5941, 0x5941, 0x5100, 0x48e0, 0x5100, 0x5100, 0x5101, 0x6182, 0x71e2, 0x69a2, 0x69a2, 0x6161, 0x5100, 0x4900, 0x5100, 0x5921, 0x69a2, 0x5941, 0x6182, 0x71e3, 0x6981, 0x5120, 0x5920, 0x6141, 0x5940, 0x5920, 0x7a03, 0x7203, 0x5101, 0x5120, 0x5120, 0x6140, 0x6140, 0x6141, 0x5941, 0x5941, 0x5920, 0x5920, 0x8ac7, 0x8ac7, 0x5940, 0x7204, 0x7a85, 0x5941, 0x5120, 0x5120, 0x5100, 0x5920, 0x5940, 0x5120, 0x5941, 0x5941, 0x5920, 0x5100, 0x5121, 0x5120, 0x5921, 0x71e1, 0xbc64, 0xd546, 0x8b03, 0x6161, 0x5921, 0x5941, 0x5941, 0x6161, 0x5961, 0x6161, 0x6161, 0x5940, 0x7244, 0x7aa6, 0x5941, 0x5961, 0x69e2, 0x6181, 0x5940, 0x6140, 0x6140, 0x5920, 0x5920, 0x5920, 0x6120, 0x5921, 0x5921, 0x5920},
		{0x48e0, 0x48e0, 0x4900, 0x4900, 0x4900, 0x48e0, 0x4900, 0x4900, 0x4900, 0x6182, 0x8266, 0x69a3, 0x6162, 0x5941, 0x5121, 0x7a65, 0x69c3, 0x5100, 0x5101, 0x5121, 0x4900, 0x4901, 0x5121, 0x5100, 0x5121, 0x6182, 0x5961, 0x5100, 0x5921, 0x8ae6, 0x7a64, 0x5100, 0x7a23, 0x7a64, 0x5120, 0x5961, 0x6181, 0x6181, 0x5120, 0x5100, 0x5120, 0x5141, 0x5921, 0x5921, 0x5120, 0x5100, 0x5100, 0x5920, 0x5921, 0x69c2, 0x8244, 0x71c2, 0x71c2, 0x6981, 0x5920, 0x4900, 0x5120, 0x6161, 0x6161, 0x6181, 0x71e2, 0x7a23, 0x6161, 0x5941, 0x69c2, 0x8284, 0x8284, 0x69c2, 0x71e3, 0x69e3, 0x5101, 0x5120, 0x5920, 0x7181, 0x6981, 0x6141, 0x5941, 0x69a2, 0x6161, 0x6141, 0x7204, 0x7203, 0x5940, 0x5940, 0x5940, 0x5120, 0x5120, 0x5120, 0x5120, 0x5920, 0x5920, 0x5120, 0x5941, 0x5941, 0x5921, 0x5921, 0x6161, 0x69a2, 0x5941, 0x6981, 0x8aa2, 0x8aa2, 0x69a1, 0x5941, 0x5941, 0x5120, 0x5120, 0x5920, 0x5941, 0x6161, 0x6161, 0x5940, 0x5961, 0x5941, 0x5941, 0x7244, 0x82a5, 0x6981, 0x5940, 0x5941, 0x5920, 0x5920, 0x6141, 0x6981, 0x6981, 0x6141, 0x6161, 0x6161},
		{0x48e0, 0x48e0, 0x4900, 0x5100, 0x4900, 0x4900, 0x4900, 0x4900, 0x5101, 0x5121, 0x5962, 0x5961, 0x5121, 0x5101, 0x5101, 0x5120, 0x5120, 0x5941, 0x5121, 0x5941, 0x4901, 0x48e0, 0x48e0, 0x5121, 0x5121, 0x5121, 0x5961, 0x5941, 0x5941, 0x6182, 0x5941, 0x5100, 0x69e3, 0x7203, 0x5120, 0x61a2, 0x8a63, 0x8a62, 0x6180, 0x5120, 0x5920, 0x5920, 0x5920, 0x5920, 0x5920, 0x5921, 0x6141, 0x6981, 0x6981, 0x69a2, 0x8a64, 0x8203, 0x71a2, 0x6161, 0x6141, 0x5100, 0x5141, 0x6981, 0x6161, 0x6161, 0x6181, 0x6161, 0x5941, 0x6161, 0x7a64, 0x9b88, 0x8ac5, 0x69c2, 0x71e3, 0x71e3, 0x5921, 0x5920, 0x6140, 0x8a02, 0x79c2, 0x6141, 0x6141, 0x69a2, 0x6982, 0x6961, 0x6141, 0x6140, 0x5940, 0x5920, 0x5920, 0x5940, 0x6182, 0x5941, 0x5920, 0x5940, 0x5920, 0x5120, 0x5120, 0x5120, 0x5941, 0x5941, 0x6161, 0x69c2, 0x6161, 0x5941, 0x6141, 0x6160, 0x5941, 0x5941, 0x5941, 0x5920, 0x5921, 0x6141, 0x6961, 0x6961, 0x6161, 0x6141, 0x5941, 0x5941, 0x6161, 0x7a23, 0x7202, 0x5940, 0x5920, 0x5940, 0x5920, 0x5961, 0x69c2, 0x71e2, 0x69a2, 0x6141, 0x6961, 0x6981},
		{0x40e0, 0x48e0, 0x48e0, 0x4900, 0x4900, 0x5120, 0x4900, 0x4900, 0x5101, 0x5121, 0x5120, 0x5941, 0x5121, 0x5121, 0x5121, 0x5961, 0x5961, 0x69a2, 0x5961, 0x5100, 0x5100, 0x48e0, 0x4900, 0x5921, 0x5941, 0x5100, 0x5921, 0x6161, 0x6161, 0x5921, 0x5100, 0x5101, 0x5120, 0x5921, 0x5121, 0x5961, 0x8a62, 0xa323, 0x8a82, 0x6180, 0x5940, 0x5940, 0x6141, 0x5940, 0x5941, 0x6141, 0x6981, 0x8aa2, 0x8a82, 0x6981, 0x7a23, 0x8a44, 0x71a2, 0x6161, 0x6161, 0x6141, 0x5941, 0x69c2, 0x7a23, 0x6182, 0x6161, 0x5941, 0x5921, 0x5921, 0x7203, 0x9b47, 0x8aa5, 0x71c2, 0x71c2, 0x69a2, 0x5921, 0x5920, 0x6120, 0x6961, 0x6961, 0x6141, 0x6161, 0x69a2, 0x8223, 0x71a2, 0x6161, 0x5940, 0x5940, 0x5940, 0x5940, 0x5940, 0x6182, 0x6161, 0x6141, 0x6140, 0x5940, 0x5920, 0x5940, 0x5941, 0x6141, 0x6961, 0x6161, 0x6161, 0x5941, 0x5941, 0x5921, 0x5941, 0x5941, 0x5941, 0x69a2, 0x69a2, 0x5941, 0x6961, 0x7981, 0x79e2, 0x8223, 0x71a2, 0x6161, 0x71a1, 0x71c1, 0x6981, 0x6961, 0x5941, 0x5940, 0x6181, 0x6161, 0x5921, 0x69a2, 0x71a1, 0x6140, 0x6141, 0x6961, 0x7a03},
		{0x48e0, 0x48e0, 0x48e0, 0x4900, 0x5121, 0x5961, 0x5120, 0x5100, 0x5100, 0x5120, 0x5120, 0x5941, 0x5961, 0x5141, 0x5121, 0x5961, 0x6182, 0x6181, 0x5141, 0x4900, 0x5100, 0x4900, 0x5100, 0x5921, 0x5941, 0x5121, 0x5921, 0x5941, 0x5941, 0x5120, 0x5100, 0x5120, 0x5120, 0x5121, 0x5121, 0x5120, 0x71c1, 0xa303, 0x9b04, 0x69a1, 0x5941, 0x5941, 0x6161, 0x6141, 0x71c2, 0x71c2, 0x69a1, 0xabc4, 0xabe4, 0x69c1, 0x69a2, 0x8a44, 0x71c2, 0x6961, 0x71c2, 0x7a03, 0x5941, 0x69a2, 0x71e3, 0x6161, 0x5941, 0x5941, 0x5921, 0x6161, 0x71e2, 0x92e6, 0x92c5, 0x71c2, 0x71c2, 0x69a2, 0x5941, 0x5940, 0x5920, 0x5920, 0x5921, 0x6140, 0x6160, 0x7a03, 0xa348, 0x8244, 0x6961, 0x6140, 0x5920, 0x5920, 0x5940, 0x5120, 0x5940, 0x6141, 0x6141, 0x6160, 0x6160, 0x5940, 0x6160, 0x6981, 0x6961, 0x6961, 0x6961, 0x6161, 0x6141, 0x6141, 0x6141, 0x6161, 0x6961, 0x6161, 0x71c2, 0x71c2, 0x6161, 0x6961, 0x79a1, 0x9ae5, 0xbbe8, 0x8a43, 0x71a1, 0x8a22, 0x81e2, 0x7181, 0x71a1, 0x6981, 0x6961, 0x6981, 0x6161, 0x5921, 0x6141, 0x6981, 0x6161, 0x6961, 0x71a1, 0x79c2},
		{0x5100, 0x5941, 0x5941, 0x4900, 0x5100, 0x5921, 0x5920, 0x6161, 0x5941, 0x5100, 0x5120, 0x6161, 0x71a1, 0x69a1, 0x5941, 0x5121, 0x5941, 0x5941, 0x5121, 0x5120, 0x5120, 0x5120, 0x5100, 0x5100, 0x5120, 0x6182, 0x71e3, 0x6161, 0x6161, 0x6141, 0x5920, 0x69a2, 0x6181, 0x5100, 0x4901, 0x5121, 0x5941, 0x79e1, 0x7a02, 0x6981, 0x6141, 0x6141, 0x5941, 0x5941, 0x71e2, 0x71e2, 0x6181, 0x8ac3, 0x9b23, 0x71c1, 0x6141, 0x8264, 0x8223, 0x71a2, 0x71c2, 0x7203, 0x5940, 0x5921, 0x5941, 0x5941, 0x5941, 0x5921, 0x5121, 0x6141, 0x71c2, 0x92c6, 0x8264, 0x71a1, 0x71c2, 0x71c2, 0x6141, 0x5940, 0x5920, 0x5920, 0x6140, 0x6140, 0x6160, 0x8a64, 0x9b06, 0x71c2, 0x6161, 0x6141, 0x5940, 0x5941, 0x5941, 0x5940, 0x6161, 0x6981, 0x6161, 0x7a64, 0x8284, 0x69a1, 0x71a1, 0x71e1, 0x6981, 0x6981, 0x7a23, 0x71c2, 0x6961, 0x6961, 0x71c2, 0x8244, 0x71a2, 0x7182, 0x79e3, 0x71a1, 0x6961, 0x6961, 0x8a23, 0xab25, 0xb386, 0x81e2, 0x79a1, 0x8202, 0x81e2, 0x79e2, 0x71a1, 0x71a1, 0x71c2, 0x7a03, 0x71c2, 0x6141, 0x6140, 0x6961, 0x7181, 0x71c2, 0x71a1, 0x71a1},
		{0x5100, 0x6182, 0x6162, 0x5101, 0x5101, 0x5120, 0x5941, 0x6981, 0x6161, 0x5120, 0x5141, 0x6981, 0x8a21, 0x8a41, 0x69a1, 0x5121, 0x5121, 0x5121, 0x5121, 0x5121, 0x5120, 0x5120, 0x5120, 0x5120, 0x5120, 0x5961, 0x69a2, 0x6161, 0x6161, 0x6982, 0x6181, 0x7203, 0x61a2, 0x5121, 0x5120, 0x5120, 0x5941, 0x6161, 0x6961, 0x6161, 0x6961, 0x6141, 0x5941, 0x5941, 0x6141, 0x6981, 0x6961, 0x6981, 0x71c1, 0x6981, 0x5941, 0x8a84, 0x9ae6, 0x8223, 0x6982, 0x5921, 0x5921, 0x5921, 0x5941, 0x5941, 0x6161, 0x5941, 0x5121, 0x5941, 0x69a2, 0x92a5, 0x8a64, 0x8a84, 0x8223, 0x6981, 0x6161, 0x6141, 0x5940, 0x5920, 0x6141, 0x6140, 0x6160, 0x8aa5, 0x92a5, 0x6961, 0x6161, 0x6961, 0x6161, 0x6161, 0x5941, 0x5940, 0x69a1, 0x71a2, 0x69a1, 0xac09, 0xac29, 0x7a01, 0x71e0, 0x71a0, 0x6980, 0x6981, 0x7a03, 0x71c1, 0x6161, 0x6961, 0x8a64, 0x9ae6, 0x71a2, 0x8244, 0x8a44, 0x6981, 0x6961, 0x6981, 0x8a63, 0x9aa4, 0x8a22, 0x7181, 0x79c1, 0x81e2, 0x79c2, 0x71c2, 0x71a1, 0x7181, 0x71a1, 0x8203, 0x79e2, 0x6141, 0x6141, 0x6981, 0x79c1, 0x79c2, 0x6981, 0x7a02},
		{0x5100, 0x5121, 0x5121, 0x5121, 0x5141, 0x61a1, 0x69c1, 0x6161, 0x5921, 0x5941, 0x5961, 0x6161, 0x8201, 0x9241, 0x71c1, 0x5961, 0x5141, 0x6161, 0x6181, 0x5921, 0x5921, 0x5941, 0x5921, 0x5920, 0x5941, 0x5920, 0x5120, 0x5941, 0x6161, 0x6982, 0x7a24, 0x7a43, 0x6161, 0x6141, 0x5940, 0x5940, 0x6981, 0x6981, 0x6161, 0x6161, 0x6161, 0x6141, 0x5941, 0x5940, 0x6141, 0x6981, 0x7a02, 0x71a1, 0x71a2, 0x7a03, 0x6981, 0x7a23, 0xa346, 0x92c4, 0x69a2, 0x5941, 0x6141, 0x5941, 0x5940, 0x5941, 0x6981, 0x6161, 0x5941, 0x5941, 0x6981, 0x8244, 0x8a64, 0x92c5, 0x8a64, 0x6981, 0x6161, 0x6141, 0x6141, 0x6141, 0x5941, 0x6141, 0x6161, 0x8aa5, 0x8a64, 0x6961, 0x6161, 0x71c2, 0x71c2, 0x6161, 0x6161, 0x6161, 0x71c2, 0x71c1, 0x71a1, 0x8aa4, 0x8aa4, 0x79e0, 0x71e0, 0x71c1, 0x69a1, 0x6161, 0x6961, 0x6981, 0x6981, 0x6961, 0x7a02, 0x8202, 0x8223, 0x92c6, 0x7a03, 0x6981, 0x6961, 0x6981, 0x79e2, 0x79e1, 0x71a1, 0x7181, 0x71a1, 0x79e2, 0x71a1, 0x71a1, 0x69a1, 0x6961, 0x6981, 0x71a1, 0x6981, 0x6961, 0x6981, 0x79e2, 0x79c2, 0x69a2, 0x7a02, 0x8a83},
		{0x5120, 0x5120, 0x5101, 0x5121, 0x7a43, 0x9b44, 0x9b64, 0x8282, 0x5941, 0x6141, 0x6161, 0x5941, 0x69a1, 0x71c1, 0x6981, 0x6161, 0x5961, 0x6181, 0x69a1, 0x6161, 0x5941, 0x5941, 0x5920, 0x6141, 0x6161, 0x5920, 0x5120, 0x5941, 0x71e3, 0x69a2, 0x7a44, 0x8ae6, 0x71c2, 0x6140, 0x6161, 0x6961, 0x69a1, 0x6980, 0x6160, 0x6140, 0x6141, 0x6140, 0x5940, 0x5940, 0x6141, 0x6981, 0x79e2, 0x6981, 0x71c3, 0x8ac6, 0x71e3, 0x69a1, 0x9b47, 0x8ac5, 0x6161, 0x6181, 0x6981, 0x6140, 0x6140, 0x6161, 0x6961, 0x6961, 0x69a1, 0x69a1, 0x6981, 0x79e2, 0x79e2, 0x79e2, 0x79e2, 0x69a1, 0x6161, 0x6161, 0x71e2, 0x7a02, 0x6961, 0x6981, 0x6961, 0x8aa5, 0x8223, 0x6961, 0x6961, 0x71c2, 0x71c2, 0x6981, 0x6181, 0x71c2, 0x7a23, 0x71c1, 0x81e1, 0x79c1, 0x71a1, 0x79c1, 0x81e1, 0x8201, 0x79c1, 0x6981, 0x71c2, 0x79e2, 0x6981, 0x6961, 0x6981, 0x79c2, 0x92e6, 0x8264, 0x7181, 0x6981, 0x6961, 0x7181, 0x79c1, 0x79c2, 0x71a1, 0x79c2, 0x7181, 0x79c1, 0x79c2, 0x71a1, 0x6961, 0x6961, 0x7181, 0x8203, 0x8a43, 0x71c2, 0x79c1, 0x79e2, 0x71a2, 0x6981, 0x7a02, 0x7a02},
		{0x5120, 0x5120, 0x5100, 0x5920, 0x7a42, 0xb406, 0xd528, 0xc4c8, 0x92e5, 0x71c2, 0x7a03, 0x71c2, 0x6981, 0x6981, 0x71c1, 0x69a1, 0x6961, 0x6981, 0x6161, 0x6161, 0x5941, 0x5941, 0x5920, 0x5941, 0x5941, 0x5920, 0x5920, 0x6141, 0x79c3, 0x71e3, 0x71a2, 0x7a44, 0x7a64, 0x69c2, 0x6982, 0x71a3, 0x6981, 0x6160, 0x5940, 0x6981, 0x6981, 0x6161, 0x6161, 0x6161, 0x6161, 0x6981, 0x69a1, 0x6141, 0x6141, 0x7a03, 0x71e3, 0x6981, 0x7a23, 0x7203, 0x71a2, 0x6981, 0x5941, 0x6160, 0x6961, 0x6981, 0x6981, 0x6981, 0x6981, 0x6981, 0x6961, 0x6981, 0x6981, 0x8223, 0x79e2, 0x6981, 0x6161, 0x6161, 0x71e2, 0x7a02, 0x6981, 0x6981, 0x69a2, 0x8ac5, 0x79e2, 0x6161, 0x6961, 0x6981, 0x71e2, 0x71c2, 0x71e3, 0x8a64, 0x8a84, 0x8a01, 0x9a41, 0x81c1, 0x71a1, 0x8a22, 0x9a82, 0x8a01, 0x8201, 0x71c1, 0x71c1, 0x79c1, 0x7181, 0x6981, 0x71a1, 0x92a4, 0x92c5, 0x71a2, 0x6961, 0x6981, 0x7181, 0x79a1, 0x81e2, 0x79c1, 0x71c1, 0x7a02, 0x8243, 0x8a43, 0x79e2, 0x71a1, 0x71a1, 0x71a1, 0x71a1, 0x8223, 0x8a23, 0x81e2, 0x71a1, 0x6981, 0x6961, 0x6981, 0x6981, 0x6981},
		{0x5920, 0x5120, 0x5120, 0x5920, 0x6161, 0x8a83, 0xccc8, 0xe58a, 0xbc07, 0x8223, 0x9264, 0xab26, 0x9284, 0x71a1, 0x6981, 0x6981, 0x71c2, 0x71c2, 0x6981, 0x6982, 0x6161, 0x5941, 0x5940, 0x5920, 0x5920, 0x5920, 0x5941, 0x69a1, 0x71c2, 0x71c2, 0x6981, 0x6161, 0x7223, 0x7203, 0x6161, 0x6961, 0x6981, 0x6160, 0x5940, 0x71c2, 0x79e3, 0x79e3, 0x8aa5, 0x71c2, 0x6961, 0x71a1, 0x8242, 0x71e1, 0x6161, 0x6981, 0x69a1, 0x71c2, 0x6161, 0x6141, 0x7a03, 0x71e2, 0x5940, 0x69a1, 0x71a1, 0x6981, 0x6981, 0x6981, 0x6961, 0x6161, 0x6161, 0x6161, 0x6161, 0x71e2, 0x71c1, 0x6961, 0x6961, 0x69a2, 0x71c2, 0x6981, 0x6981, 0x6181, 0x69e2, 0x92e6, 0x71c2, 0x69a1, 0x6981, 0x6981, 0x71c2, 0x69a2, 0x71a2, 0x8a84, 0x92a4, 0x9a83, 0x9a82, 0x7a02, 0x79c1, 0x8a21, 0x9aa3, 0x9aa3, 0x8a42, 0x71c1, 0x71a1, 0x71a1, 0x71a1, 0x79a1, 0x8a43, 0x9b05, 0x8223, 0x6981, 0x6961, 0x7181, 0x71a1, 0x79c1, 0x79c1, 0x71a1, 0x7181, 0x71a1, 0x8a83, 0x8a83, 0x79e1, 0x8222, 0x8202, 0x79c2, 0x71a1, 0x71a1, 0x7181, 0x79e1, 0x71a1, 0x6981, 0x6981, 0x7181, 0x6981, 0x71c1},
		{0x6161, 0x6141, 0x5940, 0x5921, 0x5941, 0x6981, 0x92a3, 0xb385, 0xa304, 0x8202, 0x8a23, 0xbb87, 0xcc29, 0xa305, 0x71a1, 0x6141, 0x71a2, 0x8243, 0x71e3, 0x69a2, 0x6981, 0x6981, 0x5940, 0x5920, 0x5920, 0x5940, 0x6161, 0x8243, 0x8aa4, 0x71c2, 0x6961, 0x6981, 0x71a2, 0x6981, 0x6961, 0x6961, 0x6961, 0x6161, 0x6161, 0x6161, 0x6961, 0x8204, 0x9b07, 0x71c2, 0x6981, 0x79e2, 0xb407, 0xb3c7, 0x79e1, 0x71a1, 0x69a1, 0x69a2, 0x6981, 0x6961, 0x8244, 0x8a64, 0x6981, 0x71a1, 0x71a1, 0x6981, 0x6981, 0x7181, 0x6981, 0x6161, 0x6981, 0x6981, 0x6161, 0x6961, 0x6961, 0x6161, 0x6981, 0x71a1, 0x71c2, 0x6981, 0x6161, 0x6161, 0x7203, 0x92c6, 0x69a1, 0x71c2, 0x6981, 0x69a1, 0x69a1, 0x6981, 0x6981, 0x8a84, 0x92a4, 0x9ae5, 0x8a83, 0x8263, 0x8202, 0x8a21, 0x9ac4, 0xab04, 0x8202, 0x6981, 0x6981, 0x6981, 0x71a1, 0x81c2, 0x9ac5, 0x92a4, 0x71a1, 0x6981, 0x7181, 0x71a1, 0x79c1, 0x8222, 0x8223, 0x79c1, 0x71a1, 0x71a1, 0x79c1, 0x79e1, 0x8a42, 0x9ac4, 0x8222, 0x79c2, 0x71a1, 0x6981, 0x6961, 0x79c1, 0x79c2, 0x71c2, 0x79e2, 0x71c1, 0x7181, 0x79c1},
		{0x69a2, 0x6982, 0x6161, 0x5941, 0x5941, 0x6161, 0x71a1, 0x79e2, 0x9aa3, 0x9ac3, 0x79c1, 0x9264, 0xcc09, 0xdc8b, 0xa306, 0x71a2, 0x6981, 0x7a03, 0x69c2, 0x6161, 0x6981, 0x69a1, 0x6161, 0x5940, 0x5940, 0x5940, 0x6161, 0x8aa5, 0x9b47, 0x71e2, 0x6981, 0x71a1, 0x71a1, 0x6961, 0x6961, 0x6161, 0x6961, 0x6981, 0x6161, 0x6161, 0x6161, 0x6981, 0x7181, 0x6961, 0x6961, 0x7a02, 0xcca9, 0xe58c, 0xab65, 0x79e1, 0x71a1, 0x6981, 0x6981, 0x6981, 0x79e3, 0x7a23, 0x6961, 0x71a2, 0x71c2, 0x6981, 0x6981, 0x71a1, 0x6981, 0x71c2, 0x7a02, 0x71a1, 0x6981, 0x6981, 0x6981, 0x6981, 0x71a1, 0x71a1, 0x6981, 0x6981, 0x6981, 0x6181, 0x7a44, 0x8ac5, 0x69a1, 0x6981, 0x6980, 0x69a1, 0x71a1, 0x71a1, 0x71c1, 0x8a83, 0x8aa4, 0x92e4, 0x8201, 0x79c1, 0x8a22, 0x8a22, 0xa2e4, 0xab04, 0x79c1, 0x6981, 0x6981, 0x71a1, 0x79a1, 0x81c1, 0x8a43, 0x8202, 0x7181, 0x6981, 0x7181, 0x79c1, 0x8a22, 0x9b05, 0xa325, 0x8222, 0x79a1, 0x71a1, 0x79a1, 0x79e1, 0x9283, 0x9263, 0x79c2, 0x71a1, 0x71a1, 0x6981, 0x6981, 0x7a03, 0x7a02, 0x8264, 0x8223, 0x71a1, 0x71a1, 0x79a1},
		{0x6961, 0x6982, 0x69a2, 0x6162, 0x6141, 0x71e3, 0x8285, 0x71a2, 0x8202, 0x8a63, 0x6981, 0x7181, 0x9284, 0xc42a, 0xd48b, 0x9ac6, 0x6981, 0x71c2, 0x71c2, 0x6161, 0x6161, 0x69a1, 0x69a1, 0x5960, 0x5940, 0x69c2, 0x71c2, 0x7a23, 0x8a64, 0x71a1, 0x6981, 0x6961, 0x6961, 0x6981, 0x6961, 0x6961, 0x6981, 0x6981, 0x6981, 0x6961, 0x6981, 0x6961, 0x6961, 0x6961, 0x6981, 0x71a1, 0xab86, 0xedcc, 0xd4ea, 0x92a3, 0x79e1, 0x6981, 0x6981, 0x6961, 0x6961, 0x6961, 0x6161, 0x71c2, 0x79e2, 0x6981, 0x6181, 0x69a1, 0x71a1, 0x79e2, 0x7a02, 0x71c2, 0x79e2, 0x71a1, 0x71a1, 0x71c1, 0x71c1, 0x71c1, 0x71a1, 0x6981, 0x6981, 0x6981, 0x8284, 0x92c5, 0x71a1, 0x69a1, 0x69a1, 0x71c1, 0x71c1, 0x71c1, 0x8223, 0x92a4, 0x8202, 0x8202, 0x81e1, 0x71c1, 0x79e1, 0x9242, 0xa2e4, 0x9aa3, 0x8201, 0x79c1, 0x71a1, 0x79c1, 0x81c1, 0x8a02, 0x8a02, 0x79a2, 0x7181, 0x7181, 0x71a1, 0x8201, 0xa345, 0xaba6, 0x9ac3, 0x8222, 0x79c1, 0x79c1, 0x79c1, 0x81e1, 0x8a22, 0x79e1, 0x71a1, 0x71c1, 0x71a1, 0x6981, 0x6981, 0x79e2, 0x79e2, 0x79c2, 0x79a1, 0x71a1, 0x71a1, 0x8202},
		{0x7181, 0x6961, 0x6982, 0x69a3, 0x69a2, 0x8264, 0x9306, 0x69a1, 0x6961, 0x6161, 0x6161, 0x6961, 0x7181, 0x8a64, 0xb3a8, 0xa306, 0x71a2, 0x6981, 0x6981, 0x6961, 0x69a2, 0x69a2, 0x6161, 0x6981, 0x6161, 0x71e2, 0x71c2, 0x71a1, 0x71a1, 0x6981, 0x6961, 0x6961, 0x6981, 0x79e3, 0x79e3, 0x71c2, 0x71c2, 0x6981, 0x6981, 0x6981, 0x6981, 0x79e2, 0x71c2, 0x6981, 0x6981, 0x6981, 0x8222, 0xbc28, 0xccc9, 0x9ae4, 0x71c1, 0x6981, 0x6161, 0x6981, 0x6961, 0x6141, 0x6141, 0x8a64, 0x8a84, 0x6981, 0x6181, 0x71c2, 0x79e2, 0x69a1, 0x6981, 0x71a1, 0x79e1, 0x79c1, 0x8223, 0x8a63, 0x79e2, 0x79e1, 0x79c1, 0x71c1, 0x79e2, 0x79e2, 0x8aa5, 0x92c5, 0x71c1, 0x71c1, 0x79e1, 0x8a22, 0x79e1, 0x71c1, 0x92a4, 0x9ac4, 0x79e1, 0x79e1, 0x9263, 0x8a42, 0x79c1, 0x8a22, 0x9a83, 0xab87, 0xb3c9, 0x92a4, 0x81e1, 0x81e1, 0x9222, 0x9a43, 0x9202, 0x79c1, 0x71a1, 0x71a1, 0x81c1, 0x92a3, 0xaba6, 0x9ae4, 0x8202, 0x79c1, 0x79e2, 0x79e2, 0x79c1, 0x81e1, 0x79e1, 0x71c1, 0x71a1, 0x71a1, 0x71a1, 0x71a1, 0x71c1, 0x8a43, 0x9264, 0x81e2, 0x79c1, 0x79e1, 0x79e1, 0x8202},
		{0x81e2, 0x71a1, 0x6981, 0x6982, 0x71a3, 0x79e3, 0x79c2, 0x6981, 0x6981, 0x6981, 0x6981, 0x6981, 0x6981, 0x6961, 0x71c2, 0x8223, 0x71c2, 0x6981, 0x6981, 0x6981, 0x7a03, 0x69e3, 0x6161, 0x71a1, 0x71a1, 0x6961, 0x6981, 0x6981, 0x6981, 0x71a1, 0x6981, 0x6961, 0x71a1, 0x9263, 0xa306, 0x8a64, 0x71a2, 0x7181, 0x7181, 0x6981, 0x71a1, 0x7a22, 0x71c2, 0x6981, 0x6981, 0x6981, 0x6981, 0x7a02, 0x8a83, 0x92a4, 0x79e2, 0x69a1, 0x6981, 0x6981, 0x6981, 0x6961, 0x6961, 0x8a84, 0x9aa4, 0x71a1, 0x6981, 0x7a24, 0x8a84, 0x71a1, 0x6981, 0x6981, 0x79e1, 0x8a22, 0x9ac4, 0x9b05, 0x8202, 0x81e1, 0x81e1, 0x8a84, 0x8a84, 0x79e2, 0x8aa4, 0x8aa4, 0x79c1, 0x79e1, 0x8a63, 0xa2e4, 0x8201, 0x79e1, 0x9ac4, 0x9ac4, 0x81e1, 0x79c1, 0x9263, 0x8a42, 0x79c1, 0x8a01, 0xab45, 0xcccb, 0xccac, 0xb345, 0x8a21, 0x8a01, 0x9a43, 0x9a63, 0x8a02, 0x79c1, 0x71c1, 0x79c1, 0x8a42, 0xa346, 0x92e5, 0x8201, 0x79c1, 0x71c1, 0x71a1, 0x79c1, 0x81e1, 0x79c1, 0x71a1, 0x71a1, 0x71a1, 0x71a1, 0x71a1, 0x71a1, 0x79c1, 0x81e1, 0x8222, 0x8222, 0x8201, 0x8221, 0x8201, 0x79e1},
		{0xc48d, 0x9284, 0x71a1, 0x7181, 0x6981, 0x7182, 0x71a2, 0x71a1, 0x71a1, 0x71a1, 0x8222, 0x8a43, 0x7181, 0x6961, 0x6961, 0x69a1, 0x71e2, 0x71e2, 0x71c2, 0x8202, 0x8202, 0x71a1, 0x6961, 0x7181, 0x71a1, 0x71a1, 0x6981, 0x6981, 0x6981, 0x71a1, 0x71a1, 0x6981, 0x79a1, 0x8a22, 0xab26, 0xb368, 0x8203, 0x79a2, 0x71a1, 0x7181, 0x7181, 0x71c1, 0x71a1, 0x71a1, 0x71a1, 0x6981, 0x6981, 0x6981, 0x71a1, 0x8a63, 0x8223, 0x71a1, 0x71a1, 0x71a1, 0x71a1, 0x7181, 0x6981, 0x79e2, 0x9283, 0x79e2, 0x71a1, 0x71e2, 0x7a03, 0x71a1, 0x69a1, 0x71a1, 0x81e1, 0x8a22, 0x8222, 0x8202, 0x81e1, 0x81e1, 0x81e1, 0x8a22, 0x8202, 0x79c1, 0x8223, 0x8243, 0x81e1, 0x9283, 0x92a4, 0x9263, 0x8a21, 0x8a21, 0x9aa3, 0x9a83, 0x8a02, 0x81e1, 0x81e1, 0x79c1, 0x79c1, 0x8a22, 0xbb85, 0xd468, 0xd489, 0xc3a5, 0x9a62, 0x8a22, 0x9222, 0x8a02, 0x81e1, 0x79c1, 0x79c1, 0x8222, 0x9ae4, 0x92a4, 0x79e1, 0x79c1, 0x79c1, 0x71a0, 0x79c0, 0x81e1, 0x81e1, 0x79c1, 0x71a1, 0x71a1, 0x71a1, 0x71a1, 0x71c1, 0x71a1, 0x71c1, 0x79c1, 0x8201, 0x8222, 0x8222, 0x8221, 0x8201, 0x79e1},
		{0xee76, 0xab68, 0x79c1, 0x71a1, 0x6981, 0x6961, 0x6961, 0x79e1, 0x92a3, 0x92a2, 0x92a4, 0x92a4, 0x7181, 0x6961, 0x6981, 0x7181, 0x71a1, 0x71c2, 0x79c2, 0x81e2, 0x81c1, 0x79c1, 0x71a1, 0x71a1, 0x71c1, 0x71c2, 0x79c2, 0x71c2, 0x6981, 0x6981, 0x6981, 0x6981, 0x71a1, 0x8202, 0x8a42, 0xab46, 0xa2e5, 0x79c2, 0x71a1, 0x7181, 0x6981, 0x6981, 0x6981, 0x71c2, 0x71c1, 0x6981, 0x6981, 0x7a02, 0x7a02, 0x71c2, 0x71c2, 0x71c1, 0x79c1, 0x71c1, 0x71c1, 0x71a1, 0x71a2, 0x71c2, 0x92a4, 0x8a63, 0x79e1, 0x71c2, 0x71e2, 0x71c1, 0x71a1, 0x71c1, 0x8201, 0x79e1, 0x79c1, 0x79c1, 0x81e1, 0x81e1, 0x8a01, 0x8a02, 0x81e2, 0x79c1, 0x81e2, 0x8a22, 0x8a02, 0x9ae4, 0x92c4, 0x8202, 0x8a22, 0x9262, 0x9a83, 0x9242, 0x8a63, 0x8a22, 0x79c1, 0x79c1, 0x79c1, 0x8a22, 0xaae3, 0xcc68, 0xe5ee, 0xcc26, 0x9a62, 0x8a01, 0x8a01, 0x81e1, 0x79c1, 0x79c1, 0x8201, 0x9ac3, 0xa304, 0x8a22, 0x79a1, 0x79a1, 0x79c0, 0x81c0, 0x8a42, 0x9a83, 0x8a22, 0x79e1, 0x71a1, 0x71c1, 0x71a1, 0x71a0, 0x71a0, 0x79c1, 0x8201, 0x8a83, 0x92c4, 0x8a43, 0x81e1, 0x8201, 0x8202, 0x79e1},
		{0xdd2f, 0xa2e5, 0x79c1, 0x71a1, 0x7181, 0x6981, 0x6981, 0x8202, 0xb3e6, 0xbbe6, 0x9a83, 0x79e1, 0x7181, 0x7161, 0x6981, 0x7181, 0x7181, 0x6981, 0x79e2, 0x79c2, 0x7181, 0x71a1, 0x79a1, 0x81e2, 0x79e2, 0x71a1, 0x79c2, 0x71a1, 0x7181, 0x7181, 0x7181, 0x79c2, 0x8223, 0x9264, 0x79e2, 0x8202, 0x9284, 0x79c1, 0x8202, 0x8223, 0x6981, 0x7181, 0x7181, 0x71a1, 0x71a1, 0x6981, 0x71a1, 0x8223, 0x8a84, 0x71a1, 0x7181, 0x79c1, 0x8201, 0x81e1, 0x79c1, 0x79c2, 0x79a2, 0x79c2, 0x9aa4, 0xa325, 0x8a63, 0x79e2, 0x71c2, 0x71a1, 0x71c1, 0x79c1, 0x8222, 0x8202, 0x79c1, 0x79c1, 0x81e1, 0x81e1, 0x8a01, 0x9ac4, 0x9ac5, 0x81e1, 0x81e1, 0x8a22, 0x9222, 0x8a42, 0x8202, 0x79a1, 0x81e1, 0x9262, 0x9aa3, 0x9242, 0x92a3, 0x8a22, 0x79c1, 0x8202, 0x8202, 0x81e2, 0x9242, 0xb345, 0xc448, 0xab04, 0x9222, 0x8a21, 0x8a22, 0x8201, 0x8202, 0x8a01, 0x9aa3, 0xa2e4, 0x9aa4, 0x9263, 0x79c1, 0x79c1, 0x8201, 0x9aa2, 0xb304, 0xb344, 0x9aa3, 0x8a01, 0x79c1, 0x79c1, 0x79a1, 0x79c0, 0x8a00, 0x9a61, 0xa325, 0xa366, 0x9aa3, 0x8a21, 0x81e1, 0x79e1, 0x79e1, 0x79c1},
		{0xd46b, 0xc3a8, 0x8a22, 0x79a1, 0x7181, 0x7981, 0x79c2, 0x81e2, 0x92a4, 0xa2e4, 0x9242, 0x79c1, 0x7981, 0x7181, 0x7181, 0x7181, 0x7181, 0x7181, 0x79c1, 0x71a1, 0x6961, 0x7181, 0x71a1, 0x79e2, 0x8202, 0x71a1, 0x7181, 0x71a1, 0x79a1, 0x79a1, 0x71a1, 0x79e2, 0x8202, 0x9aa5, 0x9aa6, 0x79e2, 0x71a1, 0x79c1, 0x8a63, 0x9ae5, 0x7a23, 0x7181, 0x7181, 0x71a1, 0x7181, 0x71a1, 0x71a1, 0x71c2, 0x7a03, 0x71a2, 0x79c1, 0x8a63, 0xb3c8, 0xab46, 0x8a02, 0x79c2, 0x79c1, 0x79c2, 0x92a4, 0xab45, 0x8a63, 0x79e1, 0x71a1, 0x71a1, 0x79c1, 0x79e1, 0x92a4, 0x92c4, 0x79c1, 0x81c1, 0x81e1, 0x8201, 0x8a01, 0x9283, 0x92a4, 0x81e1, 0x81e1, 0x8a02, 0x9a62, 0x8a22, 0x79c1, 0x79c1, 0x79c1, 0x8a01, 0x9242, 0x9a83, 0x9ac4, 0x81e1, 0x81e1, 0x8222, 0x8202, 0x79e1, 0x9222, 0x9a62, 0x9a42, 0x8a01, 0x8a22, 0x9aa3, 0xa2a4, 0x8a42, 0x8a22, 0x8a42, 0x9ac3, 0x8a42, 0x79e1, 0x92a4, 0x8a42, 0x81e1, 0x9ae4, 0xbc07, 0xbb84, 0xbb84, 0xab23, 0x8a42, 0x81c1, 0x81c1, 0x81c1, 0x9221, 0xb302, 0xbbe6, 0xaba7, 0x92a3, 0x9241, 0x9241, 0x8a01, 0x81e1, 0x8a21, 0x8a01},
		{0xab05, 0xb347, 0x9243, 0x79c1, 0x79a1, 0x79a1, 0x81c2, 0x79c2, 0x79a1, 0x79c1, 0x79c1, 0x81e2, 0x8a23, 0x79e1, 0x7181, 0x7181, 0x7181, 0x79a1, 0x71a1, 0x79c2, 0x79e2, 0x71a1, 0x79a1, 0x8222, 0x92a4, 0x79e2, 0x79a1, 0x79c1, 0x79c1, 0x8a02, 0x81e2, 0x79a1, 0x79c1, 0xab28, 0xd4ae, 0xab48, 0x79c2, 0x8202, 0x8222, 0x8a84, 0x92c5, 0x79e2, 0x71a1, 0x71a1, 0x71a1, 0x79c1, 0x79e2, 0x79c2, 0x79c2, 0x79e2, 0x8202, 0x9ae4, 0xd54f, 0xcccb, 0x9aa3, 0x8202, 0x79c1, 0x8202, 0x9262, 0xa2e4, 0x8a22, 0x8202, 0x79c1, 0x79c1, 0x79c1, 0x79c1, 0x8a63, 0x92a3, 0x8a22, 0x81e1, 0x8202, 0x8a42, 0x8a01, 0x8a01, 0x89e1, 0x81e1, 0x8201, 0xa2e4, 0xa2c4, 0x8a21, 0x81e1, 0x79c1, 0x81e1, 0x8a01, 0x8a22, 0x9ac4, 0x9aa4, 0x81e1, 0x8a22, 0x8a63, 0x8201, 0x8a22, 0x9242, 0x9a82, 0x9a82, 0x8a42, 0x9ac4, 0xaae4, 0xa2a3, 0x8a22, 0x8a21, 0x9262, 0x8a42, 0x79c0, 0x79c1, 0x92e5, 0x9aa4, 0x8a01, 0x92a3, 0xb364, 0xbb63, 0xb323, 0xa2c2, 0x9242, 0x8a01, 0x8201, 0x8a01, 0xaae3, 0xc426, 0xaba6, 0x9262, 0x9241, 0xa2a2, 0xa2c2, 0x8a21, 0x8a01, 0xa2a2, 0x9a82},
		{0x8a22, 0x8a22, 0x81e2, 0x79c1, 0x79e1, 0x81c1, 0x79c1, 0x79a1, 0x79c1, 0x79c1, 0x79a1, 0x8202, 0x8a63, 0x9283, 0x8a43, 0x79c1, 0x79a1, 0x79a1, 0x79c1, 0x8202, 0x8222, 0x79c1, 0x81e1, 0x8a01, 0x8a22, 0x81e1, 0x81e1, 0x81e1, 0x81c1, 0x8a02, 0x8202, 0x79c1, 0x8a02, 0xb325, 0xdcab, 0xc408, 0x9263, 0x79e2, 0x79e2, 0x79e2, 0x92a4, 0x92a4, 0x79e1, 0x79c1, 0x79c1, 0x81e1, 0x9aa4, 0x9ac4, 0x8a22, 0x81e2, 0x8202, 0x9242, 0xab26, 0xc408, 0xb365, 0x9242, 0x81e2, 0x8a22, 0x8a22, 0xa2e4, 0x9283, 0x8a02, 0x81e1, 0x79e1, 0x81e1, 0x81e2, 0x79c1, 0x8a22, 0x9242, 0x81e1, 0x8202, 0x8a22, 0x8a01, 0x8a21, 0x8a01, 0x8a21, 0x9241, 0xab65, 0xa2e4, 0x8a01, 0x8a01, 0x8a01, 0x8a01, 0x8a01, 0x8a22, 0x9aa3, 0x8a42, 0x8a01, 0x9263, 0x92a3, 0x8a21, 0x8a41, 0x9242, 0xa2a3, 0x9a82, 0x9a61, 0xa2c3, 0xb2c3, 0xa282, 0x8a01, 0x8a22, 0x8a41, 0x8201, 0x81e1, 0x81e1, 0x8a01, 0x9241, 0x9241, 0x8a01, 0x9241, 0xa2a2, 0x9a81, 0x9241, 0x8a01, 0x9263, 0x9283, 0x8a21, 0x9ac3, 0xa304, 0x8a41, 0x8a00, 0x9261, 0xab03, 0xa2c2, 0x8a21, 0x8a21, 0x9a82, 0x9261},
		{0x81c1, 0x81c1, 0x79c1, 0x79c1, 0x81e1, 0x81e1, 0x81c1, 0x79c1, 0x79c1, 0x79c1, 0x79c1, 0x79e1, 0x81e1, 0x8a42, 0x9ae4, 0x9ac4, 0x8202, 0x79e1, 0x81e1, 0x81e1, 0x79e1, 0x81e1, 0x8a01, 0x8a21, 0x8a21, 0x9a82, 0x9262, 0x8201, 0x81e1, 0x81c1, 0x81c1, 0x79c1, 0x8a02, 0xa2c3, 0xbb64, 0xab04, 0xa2c4, 0x8a23, 0x79c2, 0x79c2, 0x8202, 0x92a4, 0x8a63, 0x81e1, 0x81e1, 0x8202, 0xa2c3, 0xb365, 0x9aa3, 0x8a01, 0x81e1, 0x81e1, 0x8a21, 0xaae4, 0xab04, 0x8a22, 0x8a22, 0x8a22, 0x9242, 0xab24, 0xab24, 0x8a22, 0x8202, 0x81e1, 0x81e1, 0x8202, 0x81e1, 0x8201, 0x8a01, 0x81e1, 0x79c1, 0x81e1, 0x8201, 0x8a21, 0x9261, 0x9aa2, 0xa2c2, 0x9a82, 0x8a21, 0x8a21, 0x9a62, 0x9262, 0x8a21, 0x8a01, 0x8a01, 0x8a22, 0x8a01, 0x8a21, 0x9242, 0x8a42, 0x8a01, 0x8a21, 0x9241, 0x9a62, 0x9a62, 0xa282, 0x9a41, 0xa262, 0x9a41, 0x8a01, 0x8a21, 0x8a01, 0x8a01, 0x8a01, 0x8a21, 0x9261, 0x9241, 0x8a21, 0x8a01, 0x8201, 0x8a01, 0x8a21, 0x8a01, 0x81e1, 0x8a22, 0x8a42, 0x8a01, 0x8a01, 0x8a01, 0x8a01, 0x8a01, 0x8a41, 0x9261, 0x8a21, 0x8a01, 0x8a01, 0x8a21, 0x9241},
		{0x81e1, 0x81e1, 0x81c1, 0x81c1, 0x81c1, 0x81e1, 0x81e1, 0x81e1, 0x81e1, 0x79e1, 0x79e1, 0x79e1, 0x81e1, 0x8a01, 0x9aa3, 0xab87, 0xab88, 0x9ae5, 0x9284, 0x8a43, 0x8222, 0x8201, 0x8a21, 0x9261, 0x9241, 0x9aa2, 0x9a82, 0x8a21, 0x8a21, 0x8a01, 0x81e1, 0x81e1, 0x81e2, 0x9262, 0xa2c3, 0x9ae5, 0xab68, 0xa347, 0x92c6, 0x8a64, 0x8202, 0x8a43, 0x9ac5, 0xa2c3, 0x9a81, 0x8a21, 0x9a82, 0xb385, 0xb385, 0x9a82, 0x8a21, 0x8a01, 0x8a01, 0x9241, 0x9261, 0x9241, 0x9262, 0x9262, 0x9261, 0xa304, 0xab24, 0x9242, 0x8a01, 0x81e1, 0x81e1, 0x81e1, 0x81e1, 0x81e1, 0x81e1, 0x81e1, 0x81e1, 0x81e1, 0x8201, 0x9241, 0xab23, 0xc467, 0xc447, 0xa2a1, 0x9241, 0x9241, 0xa2e3, 0xa2c3, 0x9241, 0x8a21, 0x9a82, 0x9242, 0x9242, 0x9242, 0x8a21, 0x8a01, 0x8a01, 0x8a01, 0x8a21, 0x9221, 0x9a42, 0xa2a2, 0x9a62, 0x9221, 0x9221, 0x9221, 0x8a41, 0x8a21, 0x8a21, 0x8a21, 0x9aa1, 0xb361, 0xa2e1, 0x8a21, 0x8a01, 0x8201, 0x8201, 0x8201, 0x8a01, 0x8a00, 0x8a00, 0x8a01, 0x8a01, 0x8a01, 0x8a01, 0x8a01, 0x8a01, 0x8a01, 0x8a21, 0x8a21, 0x8a21, 0x8a21, 0x8a41, 0x9261},
		{0x9221, 0x8a01, 0x89e1, 0x81e1, 0x81e1, 0x81e1, 0x81e1, 0x81e1, 0x81e1, 0x81e1, 0x81e1, 0x81e1, 0x81e1, 0x8a43, 0xa348, 0xbc6c, 0xcd4f, 0xcd4f, 0xc4ad, 0xb3ea, 0x9ae6, 0x9263, 0x9241, 0x9240, 0x9a60, 0xa281, 0xa281, 0x9a81, 0x9241, 0x9241, 0x8a21, 0x8a02, 0x8202, 0x8a84, 0x9b49, 0xa3ae, 0x9bb1, 0x9b71, 0x9b90, 0x9b8d, 0x9307, 0x9284, 0x9ac4, 0xb365, 0xb344, 0xa303, 0xa2a1, 0xb323, 0xc407, 0xb385, 0x9aa2, 0x9241, 0x8a21, 0x8a01, 0x8a21, 0x9261, 0x9261, 0x9260, 0x9a80, 0x9aa2, 0xab24, 0x9a82, 0x8a21, 0x8201, 0x8201, 0x8201, 0x8201, 0x81e1, 0x81e1, 0x81e1, 0x8201, 0x8a01, 0x8a01, 0x9a61, 0xc426, 0xdd2a, 0xc3e5, 0xaac1, 0xa281, 0xa281, 0xab23, 0xa2e3, 0x9261, 0x9241, 0x9a82, 0x9241, 0x9241, 0x9242, 0x8a21, 0x8a01, 0x8a01, 0x8a01, 0x9221, 0x9a62, 0xa282, 0xa2a2, 0xa2c3, 0x9a82, 0x9241, 0x9241, 0x8a21, 0x8a21, 0x8a21, 0x8a21, 0x9ac1, 0xb361, 0xab02, 0x8a41, 0x8a01, 0x8a01, 0x8a21, 0x8a21, 0x9aa1, 0xa2e1, 0xa302, 0x9a81, 0x8a01, 0x8a01, 0x8a01, 0x8a01, 0x8a01, 0x8a21, 0x8a21, 0x8a41, 0x9241, 0x8a41, 0x9241, 0xa2c2},
		{0xaae3, 0xa2a2, 0x9241, 0x8a01, 0x89e1, 0x81e1, 0x81e1, 0x81e1, 0x81e1, 0x81e1, 0x81e1, 0x8a01, 0x8a63, 0xa389, 0xc50f, 0xdd8e, 0xedcd, 0xeded, 0xe5cd, 0xdd8e, 0xc4cd, 0xab88, 0xa2c3, 0xa2a1, 0xaaa0, 0xbb22, 0xc3c5, 0xb344, 0xa281, 0x9241, 0x9222, 0x8a22, 0x8243, 0x9329, 0x9b71, 0x8295, 0x71d5, 0x6975, 0x71b5, 0x8294, 0x9baf, 0x9b89, 0x9ac4, 0xab24, 0xbbe7, 0xb3c6, 0xa2a1, 0xaac2, 0xbba5, 0xbbe5, 0xaae2, 0x9a61, 0x9221, 0x8a21, 0x9221, 0x9221, 0x9221, 0x9260, 0x9a80, 0x9a61, 0xab04, 0xa2a3, 0x9241, 0x8a21, 0x8201, 0x8201, 0x8201, 0x8a01, 0x8201, 0x8a01, 0x8a01, 0x8a01, 0x8a21, 0xa281, 0xcc88, 0xdd6b, 0xc3a4, 0xaac1, 0xa2a1, 0xa2a1, 0xab23, 0x9aa1, 0x9241, 0x9221, 0x9241, 0x9241, 0x9241, 0x9241, 0x8a01, 0x8a01, 0x9221, 0x9a41, 0xa281, 0xbba4, 0xb364, 0xaae2, 0xbb84, 0xab03, 0x9a81, 0x9a81, 0x9a81, 0x9241, 0x8a21, 0x8a21, 0x9261, 0x9aa1, 0x9a82, 0x9221, 0x8a01, 0x8a21, 0x9241, 0xa2c1, 0xb3c3, 0xbc03, 0xbc23, 0xb381, 0x9a81, 0x9221, 0x9221, 0x8a21, 0x8a21, 0x8a41, 0x9281, 0x9281, 0x9241, 0x8a41, 0x9261, 0xab03},
		{0xaae2, 0xb303, 0xab03, 0xa2a2, 0x9241, 0x9201, 0x8a01, 0x8a01, 0x8a01, 0x8a01, 0x8a01, 0x8a22, 0xa348, 0xcd0e, 0xe5ad, 0xf589, 0xf5a9, 0xf5c9, 0xf5a9, 0xeda9, 0xe5ad, 0xcced, 0xb3a8, 0xb364, 0xbb22, 0xcbc4, 0xe5d0, 0xd4ec, 0xaac2, 0x9241, 0x8a42, 0x8a63, 0x92e6, 0x9b8e, 0x8235, 0x68f6, 0x68d6, 0x68d6, 0x68f6, 0x6915, 0x7a54, 0x9b90, 0xa389, 0xa2e4, 0xab24, 0xaae2, 0x9a81, 0xa281, 0xaac1, 0xab02, 0xa2a1, 0x9a41, 0x9241, 0x9241, 0x9241, 0x9221, 0x9221, 0x9241, 0x9240, 0x9a61, 0xa2c2, 0x9a82, 0x9261, 0x8a21, 0x8a01, 0x8a01, 0x8201, 0x8a01, 0x8a01, 0x8a01, 0x8a01, 0x8a21, 0x9241, 0xaaa1, 0xd4a8, 0xe5cd, 0xd488, 0xbba4, 0xaac1, 0xa2c1, 0xa2c2, 0x9a61, 0x9241, 0x9241, 0x9241, 0x9241, 0x9241, 0x9241, 0x8a21, 0x9221, 0x9a41, 0xaa81, 0xbb63, 0xd445, 0xbb42, 0xbb84, 0xbba4, 0xaaa1, 0xa281, 0xb322, 0xb383, 0x9a81, 0x9221, 0x9221, 0x9221, 0x9221, 0x9221, 0x9221, 0x9241, 0x9a61, 0x9a81, 0xab62, 0xc463, 0xc484, 0xc463, 0xbc02, 0xab21, 0x9a60, 0x9a61, 0x9241, 0x9241, 0x9261, 0x9aa1, 0x9260, 0x9240, 0x9241, 0x9261, 0x9a81},
		{0xa281, 0xa281, 0xaac2, 0xb2e3, 0xaae3, 0xa282, 0x9221, 0x8a20, 0x9aa1, 0x9aa1, 0x9221, 0x9aa4, 0xbc6d, 0xe5ae, 0xed89, 0xf5a8, 0xf5a9, 0xf5c9, 0xf5c9, 0xf5a9, 0xf589, 0xe5ae, 0xc4ac, 0xbba5, 0xc3a4, 0xd406, 0xe54d, 0xdccb, 0xb2e2, 0x9a62, 0x92a3, 0x9b27, 0xac0d, 0x9333, 0x68f6, 0x6896, 0x6896, 0x68b6, 0x68b6, 0x68b6, 0x68b6, 0x79d4, 0xa3b0, 0xa326, 0x9a82, 0x9a61, 0x9a60, 0x9a60, 0x9a81, 0xa2a1, 0x9aa1, 0x9a61, 0x9a41, 0x9a60, 0x9a41, 0x9221, 0x9221, 0x9221, 0x9221, 0x9241, 0x9a81, 0x9a61, 0x9aa2, 0x9a82, 0x8a21, 0x8a01, 0x8a00, 0x8a00, 0x8a00, 0x9241, 0x9241, 0x9220, 0x9a40, 0xb2c1, 0xd467, 0xe54c, 0xd446, 0xbb83, 0xaac1, 0xa2a0, 0x9a80, 0x9a60, 0xa2c2, 0xab64, 0xa2a0, 0x9a60, 0x9241, 0x9220, 0x9220, 0x9220, 0x9a40, 0xaac2, 0xcc25, 0xcbc3, 0xbb42, 0xc3c4, 0xb302, 0xa260, 0xa2a1, 0xbb42, 0xb342, 0xa281, 0x9a61, 0x9240, 0x9220, 0x9240, 0x9240, 0x9a40, 0x9a60, 0x9a80, 0xa280, 0xb381, 0xc463, 0xc4a4, 0xc484, 0xbc42, 0xb360, 0xa2a0, 0xa2c0, 0x9a60, 0x9a60, 0x9260, 0x9240, 0x9240, 0x9220, 0x9220, 0x9240, 0x9a60},
		{0xaac1, 0xa260, 0x9a60, 0xa260, 0xaac2, 0xa2a2, 0x9240, 0x9220, 0x9a60, 0x9a80, 0x9a61, 0xab67, 0xd54f, 0xedac, 0xf588, 0xf5a9, 0xf5a9, 0xf5c9, 0xf5c8, 0xf5a8, 0xf588, 0xedab, 0xd52e, 0xb386, 0xbb22, 0xd426, 0xdc88, 0xcbc5, 0xbba4, 0xb3e7, 0xabac, 0xabd1, 0xb475, 0x8a96, 0x6876, 0x6877, 0x6877, 0x6877, 0x6877, 0x6877, 0x6876, 0x68b6, 0x9b35, 0xabeb, 0x9a82, 0x9241, 0x9a81, 0x9aa2, 0xa2e3, 0xa2e4, 0xa2e3, 0xa2c1, 0xa281, 0xa2a1, 0xa2a1, 0x9a40, 0x9a41, 0x9a41, 0x9220, 0x9220, 0x9a61, 0x9a60, 0x9a81, 0x9a61, 0x9220, 0x9220, 0x9240, 0x9220, 0x9220, 0x9a40, 0x9a60, 0x9a40, 0x9a60, 0xb2c0, 0xd488, 0xe56d, 0xcb83, 0xb2e0, 0xaac0, 0xa2c0, 0xa280, 0xa280, 0xb362, 0xcc64, 0xbba2, 0xa2c1, 0x9a40, 0x9240, 0x9240, 0x9220, 0x9a20, 0xaac2, 0xbb63, 0xb2c1, 0xb322, 0xb323, 0xa280, 0x9a60, 0xaae1, 0xb302, 0xaaa0, 0xa2a1, 0xa281, 0x9a40, 0x9a40, 0x9a60, 0xa280, 0xa280, 0xaae1, 0xaac1, 0xa2a0, 0xb361, 0xc442, 0xc484, 0xc463, 0xbc01, 0xab00, 0xa2a0, 0xa2a0, 0x9a60, 0x9a40, 0x9240, 0x9240, 0x9240, 0x9240, 0x9240, 0x9a60, 0x9a60},
		{0xaac0, 0xa260, 0x9a40, 0x9a40, 0x9a40, 0x9a40, 0x9a40, 0x9a40, 0x9a20, 0x9a40, 0xa2a2, 0xbc4b, 0xddd0, 0xed89, 0xf5a8, 0xf5a8, 0xf5a8, 0xf5a8, 0xf5a8, 0xf5a8, 0xf5a8, 0xed89, 0xdd6e, 0xb3a8, 0xaac1, 0xbb43, 0xcc06, 0xc428, 0xbc0d, 0xabf2, 0x9b55, 0x9b57, 0xabf8, 0x9277, 0x6857, 0x7037, 0x7037, 0x7037, 0x7037, 0x7037, 0x6837, 0x6836, 0x9af7, 0xbc6f, 0xa2e4, 0xa2c4, 0xab47, 0xb3ea, 0xb3ce, 0xb3cf, 0xb40b, 0xb3e8, 0xb343, 0xaaa1, 0xa281, 0x9a60, 0xa2a1, 0xa281, 0x9a40, 0x9a40, 0x9a60, 0x9a80, 0x9a60, 0x9a40, 0x9240, 0x9240, 0x9240, 0x9240, 0x9220, 0x9a20, 0x9a40, 0x9a40, 0xa260, 0xb2a0, 0xcba4, 0xd446, 0xc341, 0xb2e0, 0xb2e0, 0xaae0, 0xa2a0, 0xa2a0, 0xbb81, 0xd483, 0xc422, 0xaae0, 0x9a40, 0x9a40, 0x9a40, 0x9a20, 0x9a20, 0x9a40, 0xa260, 0xa260, 0xa260, 0xa260, 0x9a40, 0x9a60, 0xa2a0, 0xaaa0, 0xa280, 0xa280, 0xa260, 0xa280, 0xa280, 0xa280, 0xa2a0, 0xaaa0, 0xb2e1, 0xb301, 0xb2e0, 0xbb82, 0xc3e2, 0xbbe1, 0xbbc1, 0xb340, 0xa2a0, 0x9a60, 0x9a60, 0x9a60, 0x9a40, 0x9a40, 0x9a40, 0x9a40, 0x9a40, 0x9a60, 0x9a80, 0xa2a0},
		{0xaaa1, 0xa2a1, 0x9a60, 0x9a40, 0x9a40, 0x9a40, 0x9a40, 0x9a40, 0x9a60, 0xa281, 0xab03, 0xc4cd, 0xe5cf, 0xf568, 0xf5a8, 0xf5a8, 0xf5a8, 0xf5a8, 0xf5a8, 0xf5a8, 0xf588, 0xed8a, 0xd56f, 0xb387, 0xa281, 0xaac1, 0xb366, 0xb3ef, 0xb435, 0xa397, 0x9b38, 0x81f7, 0x78f7, 0x78d7, 0x7037, 0x7017, 0x7017, 0x7017, 0x7017, 0x7017, 0x7017, 0x6856, 0xa357, 0xbcaf, 0xab45, 0xab6b, 0xa351, 0x9ad4, 0x89f6, 0x9277, 0xabd4, 0xbc6d, 0xbba4, 0xa2a0, 0x9a60, 0x9a60, 0x9a60, 0xa260, 0xa280, 0xa280, 0xa280, 0xaac0, 0xa2a0, 0x9a60, 0x9a60, 0x9a40, 0x9a40, 0x9a40, 0x9a40, 0x9a40, 0x9a40, 0x9a40, 0xa260, 0xaaa0, 0xbae0, 0xc320, 0xc320, 0xbb41, 0xbb61, 0xb320, 0xb2e0, 0xaac0, 0xb341, 0xbbc1, 0xbb81, 0xa2a0, 0x9a60, 0x9a40, 0x9a40, 0x9a40, 0x9a20, 0x9a20, 0x9a40, 0x9a20, 0x9a40, 0x9a40, 0x9a40, 0x9a40, 0xa260, 0xa280, 0xa280, 0xa280, 0xa280, 0xaac0, 0xaac0, 0xaaa0, 0xaaa0, 0xaaa0, 0xb2a0, 0xbb21, 0xc3a3, 0xc383, 0xb300, 0xb300, 0xab00, 0xa2a0, 0xa280, 0xa280, 0x9a80, 0x9a60, 0xa260, 0xa280, 0xa280, 0xa280, 0xa280, 0xa2a0, 0xa2a0, 0xa2a0},
		{0xaaa0, 0xa280, 0xa260, 0xa260, 0xa2a0, 0xa280, 0xa260, 0x9a60, 0xa260, 0xaac1, 0xb303, 0xc4cc, 0xe611, 0xedab, 0xf588, 0xf5a8, 0xf5a8, 0xf5a8, 0xf5a8, 0xf5a8, 0xf588, 0xedac, 0xcd0e, 0xab44, 0xa280, 0xaac2, 0xab8a, 0xb451, 0xb4b5, 0x9b18, 0x8177, 0x6837, 0x6817, 0x6817, 0x7017, 0x7017, 0x7018, 0x7018, 0x7017, 0x7017, 0x6817, 0x8176, 0xb456, 0xb42d, 0xab87, 0xb44f, 0x9af6, 0x6876, 0x6836, 0x81b6, 0xabb0, 0xb3c6, 0xb301, 0xa2c0, 0xa280, 0x9a60, 0xa280, 0xa280, 0xaaa0, 0xaaa0, 0xaac0, 0xb301, 0xaac0, 0xa280, 0xa280, 0xa280, 0xa260, 0xa260, 0xa260, 0xa260, 0xa260, 0xa260, 0xa280, 0xaaa0, 0xbae0, 0xc341, 0xcb82, 0xcba2, 0xcbc3, 0xbb41, 0xb301, 0xb2e0, 0xaae0, 0xaaa0, 0xaac0, 0xa280, 0xa260, 0x9a60, 0x9a40, 0x9a40, 0x9a40, 0x9a40, 0x9a40, 0x9a40, 0x9a40, 0x9a40, 0x9a60, 0x9a40, 0xa260, 0xa280, 0xa260, 0xa260, 0xaaa0, 0xb2c0, 0xb2e0, 0xb2e0, 0xaac0, 0xb2a0, 0xc342, 0xd404, 0xcba2, 0xbae0, 0xb2c0, 0xbb40, 0xb320, 0xaaa0, 0xa2a0, 0xa280, 0xa280, 0xa2a0, 0xb300, 0xb341, 0xb2e0, 0xaae0, 0xaac0, 0xaaa0, 0xa2a0, 0xa2a0},
		{0xa2a0, 0xa280, 0xa280, 0xa260, 0xaaa0, 0xaaa0, 0xa260, 0xa260, 0xa260, 0xaaa0, 0xab01, 0xbbe7, 0xd5b1, 0xedcd, 0xf588, 0xf5a8, 0xf5a8, 0xf5a8, 0xf5a8, 0xf5a8, 0xed88, 0xe5ef, 0xccec, 0xb342, 0xaaa0, 0xaac2, 0xb3ca, 0xbcd0, 0xa394, 0x70d6, 0x7096, 0x8137, 0x89b6, 0x89d7, 0x78b7, 0x7017, 0x7018, 0x7017, 0x7017, 0x78b7, 0x8a17, 0xac17, 0xbd13, 0xb46d, 0xb44e, 0xa374, 0x81b7, 0x7076, 0x89f5, 0xb411, 0xc428, 0xb322, 0xaae0, 0xaae0, 0xa2a0, 0xa280, 0xa280, 0xa280, 0xa2a0, 0xaaa0, 0xb2e1, 0xb2e0, 0xb2c0, 0xaaa0, 0xb2c0, 0xb2e0, 0xaaa0, 0xaa80, 0xaaa0, 0xaaa0, 0xa280, 0xa280, 0xaaa0, 0xb2e0, 0xbb20, 0xc381, 0xcba2, 0xdc45, 0xd446, 0xc300, 0xb2c0, 0xb2c0, 0xb2c0, 0xaaa0, 0xaaa0, 0xa280, 0xa260, 0x9a60, 0x9a60, 0x9a40, 0x9a40, 0x9a40, 0x9a40, 0x9a40, 0x9a40, 0x9a40, 0x9a60, 0x9a60, 0xa260, 0xa280, 0xa2a0, 0xaaa0, 0xaaa0, 0xb321, 0xc3a1, 0xc3a1, 0xbb20, 0xbae0, 0xc362, 0xdc87, 0xd3e4, 0xbae0, 0xb2c0, 0xb300, 0xb300, 0xaaa0, 0xaaa0, 0xa2a0, 0xa2a0, 0xaaa0, 0xbb61, 0xc3c1, 0xbb40, 0xc3c3, 0xbb41, 0xb2e0, 0xaac0, 0xaac0},
		{0xaae0, 0xaac0, 0xa2a0, 0xa2a0, 0xa280, 0xaa80, 0xaa80, 0xa280, 0xaaa0, 0xaac0, 0xaac0, 0xab23, 0xc4ab, 0xddf1, 0xedab, 0xf588, 0xf5a8, 0xf5a8, 0xf5a8, 0xf588, 0xedcb, 0xe632, 0xd56e, 0xcc25, 0xbb00, 0xb2e1, 0xb3a7, 0xb450, 0x8a96, 0x8a57, 0xa354, 0xabd0, 0xb40f, 0xbc91, 0x9296, 0x6837, 0x7017, 0x7017, 0x7057, 0x9af7, 0xbd15, 0xc554, 0xb4b4, 0xa394, 0x9236, 0x70b7, 0x7076, 0x8a35, 0xb430, 0xcc89, 0xcc05, 0xbb20, 0xb2e0, 0xb341, 0xab00, 0xaaa0, 0xa2a0, 0xa2a0, 0xa2a0, 0xaaa0, 0xb2e0, 0xbae0, 0xbb00, 0xc300, 0xc382, 0xcbe4, 0xbb00, 0xb2c0, 0xb2e1, 0xb2c0, 0xaaa0, 0xaaa0, 0xaac0, 0xb2e0, 0xbb00, 0xc340, 0xcb60, 0xdc66, 0xd446, 0xc320, 0xb2e0, 0xb2e0, 0xb2c0, 0xaac0, 0xaaa0, 0xa2a0, 0xa280, 0xa280, 0xa280, 0xa280, 0xa280, 0xa280, 0x9a80, 0x9a80, 0x9a80, 0x9a60, 0xa260, 0xa280, 0xa280, 0xa2a0, 0xb321, 0xaae0, 0xaac0, 0xb300, 0xc381, 0xc3e2, 0xc361, 0xbb20, 0xc320, 0xcc04, 0xc3c3, 0xb2e0, 0xb2c0, 0xb2e0, 0xb2e0, 0xb2e0, 0xaac0, 0xaaa0, 0xaaa0, 0xaac0, 0xbb00, 0xbb40, 0xc340, 0xcbe3, 0xc362, 0xb300, 0xb2e0, 0xb2e0},
		{0xb300, 0xb300, 0xaac0, 0xaac0, 0xaaa0, 0xaa80, 0xaaa0, 0xaa80, 0xaaa0, 0xaac0, 0xaac0, 0xaac0, 0xb385, 0xcd2e, 0xe5ce, 0xf568, 0xf5a8, 0xf5a8, 0xf5a8, 0xf588, 0xee0e, 0xde74, 0xde11, 0xdd2a, 0xcc05, 0xbb63, 0xb3a6, 0xa391, 0xa3b6, 0xbcd3, 0xbc2b, 0xb365, 0xab24, 0xb3c7, 0xb3d0, 0x8a36, 0x7077, 0x7017, 0x7037, 0xa397, 0xc576, 0xa376, 0x81b7, 0x7097, 0x6817, 0x7077, 0x9275, 0xb40e, 0xbbe7, 0xcbc4, 0xcc04, 0xc3a3, 0xbae0, 0xb2e0, 0xb2e0, 0xaac0, 0xaac0, 0xaac0, 0xaaa0, 0xaac0, 0xb2e0, 0xcb61, 0xd404, 0xd3c2, 0xdbe3, 0xdcc8, 0xcba2, 0xbb00, 0xb2c0, 0xb2c0, 0xaaa0, 0xaaa0, 0xb2c0, 0xb2e0, 0xbb20, 0xbb40, 0xc340, 0xcb81, 0xcb81, 0xbb00, 0xbb00, 0xbb20, 0xbb41, 0xb320, 0xaac0, 0xaaa0, 0xaaa0, 0xaaa0, 0xaaa0, 0xa2a0, 0xaac0, 0xa2a0, 0xa280, 0xa280, 0xa280, 0xa280, 0xa280, 0xa280, 0xa2a0, 0xaaa0, 0xb321, 0xb2e0, 0xaac0, 0xb2e0, 0xbb00, 0xbb40, 0xbb40, 0xbb40, 0xbb20, 0xbb20, 0xbb00, 0xb2e0, 0xb2e0, 0xbb20, 0xc3a2, 0xbb40, 0xb2e0, 0xaac0, 0xaac0, 0xb2e0, 0xbb00, 0xc381, 0xc381, 0xbb20, 0xbb00, 0xb300, 0xb300, 0xbb20},
		{0xb2e0, 0xb300, 0xb2e0, 0xb2c0, 0xaaa0, 0xaac0, 0xaac0, 0xaaa0, 0xaac0, 0xaac0, 0xaac0, 0xaac0, 0xb321, 0xbc08, 0xd56f, 0xed8a, 0xf588, 0xf5a8, 0xf5a8, 0xf588, 0xedec, 0xe673, 0xde33, 0xddaf, 0xd4ec, 0xc407, 0xbbe9, 0xb42f, 0xbcb1, 0xbc4c, 0xbba5, 0xb343, 0xb344, 0xb3a7, 0xbcce, 0xb476, 0x8137, 0x7017, 0x7017, 0x8997, 0x9298, 0x78d7, 0x6817, 0x7017, 0x7037, 0x9236, 0xb42f, 0xb385, 0xb301, 0xc361, 0xcbc2, 0xcbc3, 0xbb20, 0xb300, 0xb2e0, 0xb2e0, 0xb2e0, 0xaae0, 0xb2e0, 0xb2e0, 0xc320, 0xdc66, 0xedf1, 0xe4e9, 0xe404, 0xe4ea, 0xdc45, 0xc320, 0xb2e0, 0xb2e0, 0xb2e0, 0xb300, 0xbb20, 0xbb60, 0xc3a0, 0xc3a0, 0xc380, 0xc340, 0xbb20, 0xbb00, 0xbb20, 0xc360, 0xd464, 0xcc23, 0xb300, 0xaac0, 0xaaa0, 0xaaa0, 0xaac0, 0xaac0, 0xaac0, 0xaaa0, 0xa2a0, 0xa2a0, 0xa2a0, 0xaac0, 0xaae1, 0xaae1, 0xab01, 0xb301, 0xb301, 0xb301, 0xb321, 0xb321, 0xbb41, 0xbb61, 0xbb41, 0xbb21, 0xbb62, 0xbb83, 0xb321, 0xb321, 0xb321, 0xc382, 0xcc44, 0xc3a2, 0xb2e0, 0xb2e0, 0xb300, 0xb320, 0xbb20, 0xc381, 0xc361, 0xbb20, 0xbb20, 0xbb40, 0xc360, 0xcba2},
		{0xbb20, 0xc3a2, 0xcbc3, 0xc361, 0xbb00, 0xbb00, 0xbb00, 0xbb62, 0xbb41, 0xb2c0, 0xb2c0, 0xb2c0, 0xb300, 0xbba4, 0xcd4f, 0xe631, 0xf5cb, 0xf5a8, 0xf5a8, 0xf5a8, 0xf588, 0xedcb, 0xedcd, 0xedad, 0xdd8e, 0xcd2d, 0xc48c, 0xbc2a, 0xbc4a, 0xc408, 0xc427, 0xc46c, 0xb3af, 0xa351, 0xa394, 0x9257, 0x7077, 0x7017, 0x7018, 0x7017, 0x7017, 0x7017, 0x7018, 0x7017, 0x7917, 0xabd1, 0xbbc7, 0xb301, 0xb2e0, 0xc340, 0xcba1, 0xcba1, 0xc381, 0xbb40, 0xbb40, 0xb300, 0xb300, 0xb300, 0xb300, 0xb300, 0xc340, 0xdc24, 0xed2b, 0xe486, 0xe403, 0xe50a, 0xdcc8, 0xcb60, 0xbb00, 0xb300, 0xbb20, 0xc380, 0xc3a0, 0xc3c0, 0xcc42, 0xcc43, 0xc3e0, 0xc3a0, 0xbb40, 0xbb20, 0xbb00, 0xbb20, 0xcbe3, 0xc3c2, 0xbb00, 0xb2e0, 0xb2e0, 0xb2c0, 0xb2e0, 0xb2e0, 0xaac0, 0xb2e0, 0xb2e0, 0xaae0, 0xb301, 0xb364, 0xbbe7, 0xc468, 0xc469, 0xc469, 0xc469, 0xc469, 0xc469, 0xcc89, 0xcc89, 0xcc89, 0xcc69, 0xcc69, 0xcc69, 0xc469, 0xc469, 0xc469, 0xcc69, 0xcc68, 0xcc46, 0xc3a3, 0xbb21, 0xb300, 0xb320, 0xbb20, 0xbb00, 0xbb20, 0xc360, 0xc360, 0xc380, 0xd3e2, 0xdc66, 0xe4eb},
		{0xbb40, 0xcba2, 0xcc03, 0xd403, 0xcc04, 0xcbe3, 0xc381, 0xc3a2, 0xc382, 0xbb00, 0xb2e0, 0xb300, 0xbb61, 0xc447, 0xd58f, 0xee0f, 0xf5ca, 0xf5a8, 0xf5a8, 0xf5a8, 0xf5a8, 0xf588, 0xf588, 0xf568, 0xed68, 0xe5ad, 0xcd4f, 0xbc29, 0xbbe6, 0xc449, 0xbc4e, 0x9ad4, 0x8136, 0x7097, 0x7077, 0x6817, 0x7017, 0x7018, 0x7018, 0x7018, 0x7018, 0x7018, 0x7018, 0x6817, 0x8a36, 0xbc6d, 0xbb82, 0xb300, 0xbb20, 0xcb80, 0xd403, 0xd402, 0xcba1, 0xc360, 0xbb60, 0xc381, 0xc381, 0xbb20, 0xbb20, 0xbb20, 0xc360, 0xd3a0, 0xdc02, 0xdc02, 0xdc02, 0xe4c8, 0xdc87, 0xcb80, 0xbb40, 0xbb20, 0xc380, 0xcc43, 0xcc42, 0xcc21, 0xd484, 0xd4a4, 0xcc21, 0xc3e0, 0xc3c0, 0xc380, 0xc340, 0xbb20, 0xbb20, 0xbb20, 0xbb00, 0xb300, 0xb300, 0xb2e0, 0xb2e0, 0xb2e0, 0xb2e0, 0xb300, 0xbb40, 0xbb40, 0xbba3, 0xb3a9, 0x9b8d, 0xa3ef, 0xa410, 0xa411, 0xa411, 0xa411, 0xa411, 0xa431, 0xa431, 0xa411, 0xa411, 0xa411, 0xa411, 0xa411, 0xa411, 0xa411, 0xa411, 0xa3cf, 0xabed, 0xc408, 0xbb62, 0xb320, 0xb300, 0xb300, 0xb300, 0xbb40, 0xcbc1, 0xd402, 0xdc45, 0xe50a, 0xed8f, 0xee14},
		{0xc360, 0xc360, 0xcb60, 0xcb80, 0xd3e2, 0xd423, 0xd403, 0xcba1, 0xbb40, 0xbb20, 0xbb20, 0xbb40, 0xc3c3, 0xd52c, 0xe5ce, 0xed68, 0xf588, 0xf5a8, 0xf5a8, 0xf5a8, 0xf5a8, 0xf5a8, 0xf5a8, 0xf5a8, 0xf588, 0xf568, 0xe5ae, 0xcd4f, 0xc4cd, 0xb431, 0x9255, 0x7077, 0x7017, 0x7017, 0x7017, 0x7017, 0x7018, 0x7018, 0x7018, 0x7018, 0x7018, 0x7018, 0x7018, 0x7037, 0x9b16, 0xc4ab, 0xbb82, 0xbb40, 0xc360, 0xd403, 0xe56c, 0xdca6, 0xcb80, 0xbb60, 0xc360, 0xcbc1, 0xcbe1, 0xc380, 0xbb60, 0xbb60, 0xc380, 0xcbc1, 0xdc65, 0xe4e8, 0xe464, 0xdc64, 0xd3e2, 0xc380, 0xc360, 0xc360, 0xcbc0, 0xd463, 0xd483, 0xcc42, 0xcc63, 0xcc63, 0xcc42, 0xcc21, 0xcc21, 0xc3a0, 0xc360, 0xc340, 0xbb40, 0xbb40, 0xbb20, 0xbb20, 0xbb20, 0xb320, 0xb320, 0xb320, 0xb320, 0xb320, 0xbb60, 0xc3a1, 0xcc45, 0xabcc, 0x7ad0, 0x9415, 0x9c36, 0x9c16, 0x9c16, 0x9c16, 0x9c16, 0x9c16, 0x9c16, 0x9c17, 0x9c17, 0x9c17, 0x9c17, 0x9c17, 0x9c17, 0x9c17, 0x9c16, 0x9c16, 0x8b72, 0xbc4c, 0xbbc4, 0xb320, 0xb320, 0xb320, 0xbb20, 0xc380, 0xd403, 0xdca6, 0xe4e9, 0xed8f, 0xedd1, 0xf5b0},
		{0xd3e2, 0xd3c1, 0xcbc1, 0xcba0, 0xcba0, 0xcb80, 0xcba0, 0xc3a0, 0xc360, 0xc360, 0xc380, 0xcbc1, 0xcc66, 0xddb0, 0xeded, 0xf568, 0xf5a8, 0xf5a8, 0xf5a8, 0xf5a8, 0xf5a8, 0xf5a8, 0xf5a8, 0xf5a8, 0xf5a8, 0xf588, 0xe54b, 0xccb3, 0xa356, 0x8196, 0x7057, 0x7017, 0x7018, 0x7018, 0x7018, 0x7018, 0x7018, 0x7018, 0x7018, 0x7018, 0x7018, 0x7018, 0x7018, 0x7017, 0x9236, 0xbc4e, 0xbbc4, 0xbb40, 0xc360, 0xd3e2, 0xdcc7, 0xd444, 0xc380, 0xbb60, 0xc360, 0xcbc1, 0xd464, 0xd422, 0xcba0, 0xc3a0, 0xcba0, 0xcbc0, 0xdc64, 0xe508, 0xe4a5, 0xd422, 0xcba0, 0xc380, 0xc380, 0xc3a0, 0xcc01, 0xcc42, 0xcc63, 0xcc43, 0xcc43, 0xcc63, 0xcc43, 0xcc63, 0xd443, 0xcc02, 0xc380, 0xc360, 0xc360, 0xc360, 0xc360, 0xc360, 0xbb60, 0xbb40, 0xbb40, 0xbb40, 0xbb40, 0xbb60, 0xc380, 0xc3a0, 0xcc24, 0xd52d, 0x9bf2, 0xacd8, 0xbc7c, 0xa33d, 0xab5d, 0xab5d, 0xab7d, 0xab9d, 0xb39d, 0xb3bd, 0xb3dd, 0xb3dd, 0xb3bd, 0xb3bd, 0xb3dd, 0xb3dd, 0xb3dd, 0xc53c, 0xa475, 0xbcaf, 0xc405, 0xbb40, 0xbb40, 0xbb40, 0xbb60, 0xc3a1, 0xd423, 0xd444, 0xdc44, 0xe4a7, 0xe4e9, 0xe486},
		{0xe52a, 0xe509, 0xdc65, 0xdc23, 0xd402, 0xd3e1, 0xcbc1, 0xcba0, 0xc380, 0xcba0, 0xd443, 0xdca7, 0xd54d, 0xe631, 0xedcc, 0xf588, 0xf5a8, 0xf5a8, 0xf5a8, 0xf5a8, 0xf5a8, 0xf5a8, 0xf5a8, 0xf5a8, 0xf5a8, 0xd4ac, 0xa2b2, 0x8135, 0x7057, 0x7017, 0x7017, 0x7018, 0x7018, 0x7018, 0x7018, 0x7018, 0x7018, 0x7018, 0x7018, 0x7018, 0x7018, 0x7018, 0x7018, 0x7017, 0x7077, 0xa332, 0xc447, 0xbb81, 0xc380, 0xcb80, 0xcba0, 0xcba0, 0xc3a0, 0xc380, 0xc3a0, 0xcbc0, 0xdc86, 0xdcc7, 0xd422, 0xcbe1, 0xcbe1, 0xcbe1, 0xd402, 0xdc65, 0xdc43, 0xcbc0, 0xcba0, 0xc3a0, 0xc3a0, 0xcbc0, 0xcc21, 0xcc63, 0xcc64, 0xcc84, 0xcc64, 0xcc84, 0xd484, 0xd484, 0xd484, 0xcc02, 0xcba0, 0xcba0, 0xcba0, 0xcba0, 0xcbc0, 0xcba0, 0xcbc0, 0xc3a0, 0xc360, 0xc380, 0xc380, 0xcba0, 0xcbc0, 0xcbe0, 0xd443, 0xdd29, 0xbcd1, 0x93f4, 0xb45b, 0xa31e, 0xab1e, 0xab5e, 0xab5e, 0xab3e, 0xa2be, 0xa2be, 0xa2be, 0xa2be, 0xa29e, 0xa2be, 0xa2be, 0xa2be, 0xa2be, 0xbc9c, 0xa496, 0xc4f0, 0xc425, 0xbb80, 0xbb60, 0xbb60, 0xc380, 0xc3a0, 0xcbc0, 0xcbe0, 0xd3e1, 0xd422, 0xdc86, 0xdc64},
		{0xedad, 0xedad, 0xed2b, 0xe52b, 0xe509, 0xe4c7, 0xdc65, 0xd444, 0xcc02, 0xd423, 0xdce8, 0xddaf, 0xe611, 0xedac, 0xf588, 0xf5a8, 0xf5a8, 0xf5a8, 0xf5a8, 0xf5a8, 0xf5a8, 0xf5a8, 0xf5a8, 0xf5a8, 0xf5a9, 0xab11, 0x6836, 0x6817, 0x7017, 0x7017, 0x7018, 0x7018, 0x7018, 0x7018, 0x7018, 0x7018, 0x7018, 0x7018, 0x7018, 0x7018, 0x7018, 0x7018, 0x7018, 0x7018, 0x6817, 0x9235, 0xc48c, 0xc3c2, 0xc3a0, 0xc3c0, 0xcbc0, 0xc3a0, 0xc3c0, 0xc3a0, 0xcbc0, 0xd3e1, 0xdca6, 0xe529, 0xd484, 0xd422, 0xd423, 0xd443, 0xdc44, 0xdc44, 0xd402, 0xcbe0, 0xcbc0, 0xcbc0, 0xcbc0, 0xcbc0, 0xcc21, 0xd464, 0xd484, 0xd4a5, 0xdd28, 0xdd48, 0xd4a5, 0xd4a5, 0xdca4, 0xd421, 0xcbc0, 0xcbc0, 0xd401, 0xd421, 0xd421, 0xd443, 0xd464, 0xd3e1, 0xc3a0, 0xc3a0, 0xd422, 0xd464, 0xd422, 0xdca5, 0xdca6, 0xdc85, 0xdd6d, 0xa411, 0x8b74, 0x9bd7, 0x93d7, 0x93d7, 0xa438, 0xbcdc, 0xab7e, 0xa2de, 0xa2de, 0xa2de, 0xa2de, 0xa2be, 0xa2be, 0xa2be, 0xa2be, 0xbcbc, 0xa496, 0xc510, 0xcc66, 0xc3c0, 0xc3a0, 0xc3a0, 0xc3c0, 0xc3c0, 0xcbe0, 0xcbe0, 0xcbe0, 0xd401, 0xdc84, 0xd464},
		{0xe4a6, 0xe4a6, 0xe4a7, 0xe529, 0xed4b, 0xed4b, 0xe54c, 0xdd09, 0xd4a7, 0xd52b, 0xddaf, 0xe611, 0xedcc, 0xf568, 0xf5a8, 0xf5a8, 0xf5a8, 0xf5a8, 0xf5a8, 0xf5a8, 0xf5a8, 0xf5a8, 0xf5a8, 0xf5a8, 0xf588, 0xc3ef, 0x78d6, 0x7017, 0x7018, 0x7018, 0x7017, 0x7017, 0x7017, 0x7037, 0x7017, 0x7017, 0x7018, 0x7018, 0x7018, 0x7018, 0x7018, 0x7018, 0x7018, 0x7018, 0x6817, 0x8177, 0xbc2f, 0xc404, 0xc3a0, 0xcbe1, 0xcbe0, 0xcbc0, 0xcbc0, 0xcbe0, 0xd422, 0xd422, 0xdc85, 0xdcc7, 0xd464, 0xd443, 0xd444, 0xdcc7, 0xe54a, 0xdcc7, 0xd422, 0xcc01, 0xd401, 0xcc01, 0xcbe0, 0xcbe0, 0xd422, 0xdc84, 0xd4a5, 0xd4c6, 0xdd69, 0xe569, 0xdd07, 0xdce6, 0xdc84, 0xd421, 0xcbe0, 0xd421, 0xdca5, 0xdc64, 0xdc42, 0xdca5, 0xdc85, 0xd401, 0xcbc0, 0xcbe0, 0xd464, 0xdc85, 0xdc43, 0xdcc6, 0xdcc6, 0xdc84, 0xe54a, 0xd550, 0xac31, 0xa452, 0xa473, 0xacb6, 0x8b94, 0xa459, 0xab7e, 0xa2de, 0xa2de, 0xa2de, 0xa2de, 0xa2be, 0xa2be, 0xa2be, 0xa2de, 0xbcbc, 0xa476, 0xc510, 0xcc86, 0xc3e0, 0xc3c0, 0xc3e0, 0xcbe0, 0xcbc0, 0xcbc0, 0xcbe0, 0xcbe0, 0xd422, 0xe548, 0xdd28},
		{0xe508, 0xe4c7, 0xdca6, 0xdca6, 0xe4a6, 0xe4c7, 0xe509, 0xdd4b, 0xdd8e, 0xe5ce, 0xedac, 0xedab, 0xf588, 0xf5a8, 0xf5a8, 0xf5a8, 0xf5a8, 0xf5a8, 0xf5a8, 0xf5a8, 0xf5a8, 0xf5a8, 0xf5a8, 0xf5aa, 0xeded, 0xd490, 0x8976, 0x7017, 0x7018, 0x7017, 0x6817, 0x7096, 0x9236, 0xab97, 0x9278, 0x7077, 0x7017, 0x7018, 0x7018, 0x7018, 0x7018, 0x7018, 0x7018, 0x7018, 0x7017, 0x7077, 0xab73, 0xcca8, 0xcbe1, 0xcbc0, 0xcbe0, 0xcbe0, 0xd401, 0xd422, 0xdc84, 0xdc64, 0xdc64, 0xd443, 0xd443, 0xd443, 0xd444, 0xe4c7, 0xe54a, 0xdcc7, 0xd443, 0xd422, 0xd422, 0xd422, 0xd401, 0xd422, 0xdc84, 0xe4c6, 0xdca5, 0xdcc6, 0xdce6, 0xdce6, 0xe4e7, 0xdcc5, 0xd463, 0xd421, 0xd401, 0xdc63, 0xdc85, 0xd422, 0xd401, 0xd422, 0xd442, 0xd421, 0xcbe0, 0xd400, 0xd422, 0xd442, 0xd422, 0xd422, 0xdc63, 0xe4c6, 0xedad, 0xee11, 0xed8d, 0xe5ad, 0xe5ef, 0xeeb6, 0xacb6, 0xa459, 0xab9e, 0xa2be, 0xa2be, 0xa2be, 0xa2be, 0xa2be, 0xa2be, 0xa2de, 0xa2fe, 0xbcbc, 0xa496, 0xcd30, 0xd4a6, 0xcc01, 0xcbe0, 0xcbe0, 0xcbe0, 0xcbe0, 0xcbe0, 0xcc00, 0xd421, 0xd443, 0xe507, 0xdd08},
		{0xedef, 0xed6b, 0xe508, 0xdcc7, 0xdcc7, 0xdce8, 0xdd2b, 0xddd0, 0xe5ef, 0xf589, 0xf568, 0xf588, 0xf5a8, 0xf5a8, 0xf5a8, 0xf5a8, 0xf5a8, 0xf5a8, 0xf5a8, 0xf5a8, 0xf5a8, 0xf5a8, 0xf588, 0xe56e, 0xbc75, 0x91f5, 0x7057, 0x7017, 0x7017, 0x6817, 0x8135, 0xb350, 0xdd0d, 0xe632, 0xcdb8, 0x8a17, 0x7017, 0x7017, 0x7018, 0x7018, 0x7018, 0x7018, 0x7018, 0x7018, 0x7018, 0x7017, 0x9236, 0xc4ae, 0xcc44, 0xcc01, 0xcc01, 0xd422, 0xd443, 0xd443, 0xdc64, 0xdc85, 0xdc84, 0xd464, 0xd443, 0xd443, 0xd443, 0xdc64, 0xdc85, 0xdc64, 0xd443, 0xd443, 0xd443, 0xd443, 0xdc43, 0xdc43, 0xe4c5, 0xe4c6, 0xe485, 0xdca5, 0xdca5, 0xe4c5, 0xe4a5, 0xdc64, 0xd443, 0xd442, 0xd442, 0xdc63, 0xd443, 0xd422, 0xd421, 0xd421, 0xd401, 0xcc01, 0xcc21, 0xd421, 0xd421, 0xd422, 0xd422, 0xd442, 0xdc84, 0xe529, 0xedad, 0xed8c, 0xe508, 0xdcc6, 0xdce8, 0xe5f0, 0xa474, 0xa459, 0xb3be, 0xa2de, 0xa2de, 0xa2be, 0xa2be, 0xa2be, 0xa2de, 0xa2de, 0xa2fe, 0xc4dc, 0xa476, 0xcd31, 0xdd08, 0xd442, 0xcc00, 0xcc21, 0xd421, 0xcc01, 0xcc21, 0xd422, 0xd442, 0xdc64, 0xdca5, 0xdcc7},
		{0xf5ef, 0xedad, 0xe54a, 0xdd4b, 0xdd8e, 0xddd0, 0xddf0, 0xe5ee, 0xed89, 0xf588, 0xf5a8, 0xf5a8, 0xf5a8, 0xf5a8, 0xf5a8, 0xf5a8, 0xf5a8, 0xf5a8, 0xf5a8, 0xf5a8, 0xf5a8, 0xed89, 0xdd4e, 0xd556, 0xb47a, 0xa399, 0x9279, 0x8177, 0x89b5, 0x9a53, 0xcc2e, 0xed69, 0xf588, 0xedaa, 0xe632, 0xab97, 0x7037, 0x7017, 0x7018, 0x7018, 0x7018, 0x7018, 0x7018, 0x7018, 0x7018, 0x7017, 0x78b7, 0xabb3, 0xd4e9, 0xd443, 0xd443, 0xd443, 0xdc64, 0xdc84, 0xdca6, 0xdcc7, 0xdc84, 0xdc84, 0xd464, 0xd464, 0xdc64, 0xdc85, 0xdca5, 0xdc84, 0xd464, 0xd464, 0xdc64, 0xdc64, 0xdc85, 0xe485, 0xe4a5, 0xe4a6, 0xe4a6, 0xe4a6, 0xe4a5, 0xe4a5, 0xe4a5, 0xdc84, 0xdca4, 0xdc84, 0xdc63, 0xdc84, 0xd463, 0xd463, 0xd443, 0xd442, 0xd422, 0xd422, 0xd442, 0xd442, 0xd442, 0xd443, 0xd463, 0xdc84, 0xdcc6, 0xe549, 0xed49, 0xe507, 0xdcc6, 0xdc85, 0xdcc6, 0xe5ef, 0xa474, 0xac59, 0xb3fe, 0xab3e, 0xab3e, 0xab1e, 0xa31e, 0xa2fe, 0xa2fe, 0xa2fe, 0xa2fe, 0xbcbc, 0xa476, 0xcd51, 0xdce8, 0xd463, 0xd442, 0xd463, 0xd463, 0xd442, 0xd443, 0xd464, 0xdc84, 0xdca6, 0xe529, 0xe58d},
		{0xf54b, 0xed6b, 0xe58e, 0xddd0, 0xe5cf, 0xedad, 0xed8a, 0xed68, 0xf588, 0xf5a8, 0xf5a8, 0xf5a8, 0xf5a8, 0xf5a8, 0xf5a8, 0xf5a8, 0xf5a8, 0xf5a8, 0xf5a8, 0xf5a8, 0xed6a, 0xd531, 0xde39, 0xe6fb, 0xde98, 0xc637, 0xb537, 0xbcf7, 0xddb4, 0xe58d, 0xf5a9, 0xf5a8, 0xf5a8, 0xf588, 0xedab, 0xc4b5, 0x7917, 0x7017, 0x7018, 0x7018, 0x7018, 0x7018, 0x7018, 0x7018, 0x7018, 0x7017, 0x6817, 0x9236, 0xcccf, 0xd4a6, 0xdc64, 0xdcc6, 0xdce7, 0xdca5, 0xdca5, 0xdca5, 0xdc85, 0xdc84, 0xdc84, 0xdc84, 0xdc85, 0xdca6, 0xdcc6, 0xdc85, 0xdc85, 0xdc85, 0xdc85, 0xe4a6, 0xe4c6, 0xe4e7, 0xece8, 0xed08, 0xed29, 0xed4a, 0xece8, 0xece7, 0xe4c6, 0xe4a6, 0xe4a5, 0xe4a5, 0xdc84, 0xdc84, 0xdc84, 0xdca4, 0xdc84, 0xd463, 0xd443, 0xd463, 0xd484, 0xd484, 0xd484, 0xdca5, 0xdcc5, 0xdcc5, 0xe507, 0xe507, 0xe4e6, 0xdcc5, 0xdca5, 0xdca5, 0xe508, 0xee31, 0xa474, 0xac79, 0xbc5e, 0xb3fe, 0xb3fe, 0xb3fe, 0xb3fe, 0xb3be, 0xab7e, 0xab5e, 0xab1e, 0xbc9c, 0xa476, 0xcd51, 0xdd29, 0xd4a5, 0xd463, 0xd464, 0xd464, 0xd484, 0xdc85, 0xdce7, 0xe549, 0xe529, 0xedae, 0xddf3},
		{0xedce, 0xedf0, 0xe611, 0xedad, 0xed48, 0xed8a, 0xedcd, 0xeded, 0xf5cb, 0xf5a8, 0xf5a8, 0xf5a8, 0xf5c9, 0xf5eb, 0xf5ea, 0xf5c8, 0xf5a8, 0xf5a8, 0xf5a8, 0xe54b, 0xd533, 0xde5b, 0xe6d9, 0xd56e, 0xccca, 0xc50c, 0xb510, 0xb5b5, 0xbdd5, 0xd613, 0xee71, 0xf5eb, 0xf5a8, 0xf5a8, 0xf588, 0xdd70, 0x9256, 0x7017, 0x7018, 0x7018, 0x7018, 0x7018, 0x7018, 0x7018, 0x7018, 0x7018, 0x7017, 0x70b7, 0xb3d3, 0xd50a, 0xdcc6, 0xe4e7, 0xe4e7, 0xdca6, 0xdca5, 0xdca5, 0xdca5, 0xdca6, 0xdca6, 0xdca6, 0xdca5, 0xdcc6, 0xdcc6, 0xdca6, 0xdca6, 0xdcc6, 0xe4c6, 0xe4e7, 0xed08, 0xed29, 0xf54b, 0xf58c, 0xf5ad, 0xf58c, 0xf54a, 0xed4a, 0xed08, 0xed08, 0xece7, 0xe4e7, 0xe4c6, 0xdca5, 0xdca5, 0xdcc5, 0xdca5, 0xdc84, 0xd484, 0xd484, 0xd4a4, 0xd4a5, 0xdca5, 0xdcc5, 0xdce6, 0xe4e7, 0xe528, 0xe508, 0xdce6, 0xdcc6, 0xdcc6, 0xe528, 0xedce, 0xf6b5, 0xacb5, 0xac99, 0xcd1e, 0xcd1e, 0xcd5e, 0xcd3e, 0xccfe, 0xbc5e, 0xb3be, 0xb39e, 0xab7e, 0xbcbd, 0xa496, 0xcd72, 0xe56b, 0xdce6, 0xd4a5, 0xd485, 0xdca5, 0xdca5, 0xdce6, 0xed4a, 0xedad, 0xedcf, 0xddf3, 0xa454},
		{0xee94, 0xeeb6, 0xee0f, 0xed48, 0xed8a, 0xe653, 0xde96, 0xe674, 0xedec, 0xf5a8, 0xf5c9, 0xf64e, 0xf6f5, 0xe6b6, 0xd633, 0xe651, 0xf60b, 0xf5a8, 0xe54c, 0xd555, 0xde9b, 0xe6b7, 0xcceb, 0xbc04, 0xc425, 0xc488, 0xc4ca, 0xc4ec, 0xb50f, 0xb594, 0xb5b5, 0xd613, 0xf64e, 0xf5eb, 0xf5cb, 0xedcd, 0xb354, 0x8118, 0x80f8, 0x7898, 0x7017, 0x7018, 0x7018, 0x7018, 0x7018, 0x7018, 0x7017, 0x6817, 0x9ab5, 0xd52e, 0xdd08, 0xe508, 0xe507, 0xe4c7, 0xe4c7, 0xe4c7, 0xe4c7, 0xe4e7, 0xe508, 0xe4e7, 0xdcc7, 0xe4e7, 0xe4e7, 0xe4e7, 0xe4e7, 0xe4e7, 0xe508, 0xed29, 0xed4a, 0xf58d, 0xf630, 0xf6b4, 0xf6d5, 0xf693, 0xf610, 0xf5ce, 0xf5ad, 0xedac, 0xedad, 0xedad, 0xed29, 0xe4e6, 0xdcc6, 0xdcc6, 0xdcc6, 0xdcc6, 0xdca5, 0xdcc5, 0xdcc6, 0xdcc6, 0xdce6, 0xdce6, 0xe4e7, 0xe528, 0xedad, 0xed6b, 0xe507, 0xdce7, 0xe507, 0xed6a, 0xee30, 0xf6d6, 0xac95, 0xacb9, 0xd57e, 0xd5be, 0xd5be, 0xcd1e, 0xbc5e, 0xb3de, 0xb3be, 0xb3de, 0xb39e, 0xbcdd, 0xa496, 0xcd73, 0xe56b, 0xdce7, 0xdcc6, 0xdcc6, 0xe4e7, 0xe528, 0xed4a, 0xf5ad, 0xf652, 0xe636, 0xa475, 0x93f6},
		{0xee12, 0xe653, 0xed8a, 0xed47, 0xedee, 0xe698, 0xde97, 0xee10, 0xf588, 0xf5a9, 0xf670, 0xef39, 0xd61c, 0xb4ba, 0xacf7, 0xad54, 0xce13, 0xe612, 0xd596, 0xe6db, 0xde96, 0xd58f, 0xd58f, 0xd5f1, 0xde74, 0xe6d7, 0xd5b0, 0xbbe3, 0xc425, 0xc4eb, 0xa4b0, 0x8410, 0xad52, 0xbd91, 0xbd71, 0xbd72, 0xac94, 0x9bd6, 0x9bd6, 0xa3f8, 0x9ab9, 0x78b8, 0x7018, 0x7018, 0x7018, 0x7018, 0x7017, 0x7017, 0x89f6, 0xd511, 0xe52a, 0xed29, 0xed29, 0xed08, 0xe528, 0xe528, 0xe508, 0xe528, 0xed49, 0xe529, 0xe508, 0xe528, 0xe549, 0xe549, 0xe528, 0xed29, 0xed49, 0xf54a, 0xf610, 0xd635, 0xbdb4, 0xbdf6, 0xbdf6, 0xbdf6, 0xbdb4, 0xbd73, 0xbd73, 0xbd72, 0xc5b3, 0xde55, 0xedef, 0xe549, 0xe507, 0xe508, 0xdd08, 0xdce7, 0xdce7, 0xdce7, 0xdce7, 0xe507, 0xe528, 0xe528, 0xe508, 0xed49, 0xedac, 0xed8b, 0xe549, 0xe528, 0xe528, 0xed49, 0xedac, 0xf673, 0xac95, 0xac79, 0xbc7e, 0xbc1e, 0xbc5e, 0xbc5e, 0xb3de, 0xb3be, 0xb3fe, 0xb3fe, 0xb39e, 0xbcfc, 0xa496, 0xcd73, 0xe58c, 0xe528, 0xe56a, 0xed4a, 0xed6b, 0xee10, 0xf673, 0xf6b6, 0xe6b9, 0xa496, 0x93f6, 0x9358},
		{0xee32, 0xe5ef, 0xed69, 0xed8a, 0xe5f0, 0xde97, 0xe653, 0xed8a, 0xf5a9, 0xf671, 0xef3a, 0xcd5b, 0x89d9, 0x78b7, 0x9258, 0x9bd6, 0x9cf4, 0xb596, 0xdeba, 0xde33, 0xc488, 0xcd2c, 0xd5d1, 0xde96, 0xef7c, 0xf79d, 0xddf2, 0xbbe3, 0xbbe3, 0xbc05, 0xacce, 0x5aec, 0x6b6e, 0x8431, 0x8431, 0x8431, 0x8431, 0x8431, 0x73af, 0x630d, 0x9474, 0xabda, 0x9aba, 0x9a9a, 0x9a9a, 0x9a9a, 0x9a9a, 0x9219, 0xa339, 0xd5d6, 0xee10, 0xedef, 0xee10, 0xee10, 0xee0f, 0xedad, 0xe54a, 0xed8c, 0xedee, 0xedef, 0xedce, 0xee0f, 0xee0f, 0xedee, 0xedee, 0xedee, 0xee0f, 0xf610, 0xf6d6, 0xbdd6, 0x52ab, 0x5b0c, 0x8431, 0x8431, 0x8431, 0x8431, 0x8431, 0x8430, 0x634d, 0x6b8e, 0xc5f4, 0xee73, 0xee10, 0xee30, 0xee10, 0xe5ef, 0xe5ce, 0xe5cd, 0xe5cd, 0xedee, 0xedee, 0xedee, 0xedee, 0xee0f, 0xee0f, 0xedcd, 0xedac, 0xedad, 0xedee, 0xedee, 0xee10, 0xeeb5, 0xbd77, 0xb4fa, 0xbc3d, 0xbc3e, 0xc4be, 0xc4fe, 0xc4fe, 0xc4be, 0xbc7e, 0xbc1e, 0xb3fe, 0xc53d, 0xa496, 0xcd93, 0xe5ad, 0xe54a, 0xedac, 0xedac, 0xf5ef, 0xf694, 0xf6f8, 0xe6ba, 0xacb7, 0x93f6, 0x9358, 0x797a},
		{0xe653, 0xe611, 0xedcd, 0xee10, 0xe632, 0xde96, 0xedef, 0xed89, 0xf691, 0xef3b, 0xc53b, 0x9a99, 0x9239, 0xa33a, 0x9239, 0x8158, 0x9b58, 0xb557, 0xcdd2, 0xc446, 0xbbe3, 0xbc25, 0xcd6e, 0xe696, 0xd5f2, 0xe6b7, 0xd5d1, 0xbbe3, 0xc425, 0xbced, 0x738d, 0x39e8, 0xa534, 0xdf3b, 0xd6ba, 0xbdf7, 0xc638, 0xd6db, 0xce79, 0x5b0c, 0x31c8, 0x7bb0, 0x83f2, 0x83f2, 0x83f2, 0x83f2, 0x8bf2, 0x8c13, 0x9454, 0x9cf3, 0xa512, 0xa512, 0xa512, 0xa512, 0xad12, 0xc593, 0xde34, 0xbd92, 0xad12, 0xa4f1, 0xa4f1, 0xa512, 0xa512, 0xa4f1, 0xa512, 0xad12, 0xa512, 0xa512, 0xa533, 0x94d3, 0x4249, 0x5aec, 0xce9a, 0xdf1b, 0xce79, 0xb5f7, 0xce79, 0xdf1b, 0xa555, 0x39e8, 0x52ab, 0x8c71, 0x8c70, 0x8c71, 0x8c70, 0x9470, 0x94b1, 0xa4f1, 0xa4f1, 0xa512, 0xa4f2, 0xa4f1, 0xa511, 0xa512, 0xad32, 0xcdf3, 0xd614, 0xb552, 0xa4f1, 0xa4f1, 0xa4f2, 0xa513, 0x9cd3, 0x9cb4, 0x9cb5, 0x9c95, 0x9cb5, 0x9cb5, 0x9cb5, 0xa4b5, 0xbd59, 0xcd7d, 0xc49e, 0xc55d, 0xa496, 0xd5b3, 0xedcd, 0xed6a, 0xed6b, 0xf5ac, 0xf5ee, 0xf672, 0xe656, 0xac96, 0x9c16, 0x9358, 0x7959, 0x78db},
		{0xe652, 0xe653, 0xee32, 0xe653, 0xde55, 0xe653, 0xedcc, 0xf692, 0xef1b, 0xbcbb, 0xa359, 0xcd9c, 0xcd5b, 0xb3fa, 0x9219, 0x7038, 0x9219, 0xc5b9, 0xc54f, 0xbc04, 0xbc04, 0xd56e, 0xe6b6, 0xd56e, 0xc467, 0xde33, 0xd58f, 0xc426, 0xbced, 0x738d, 0x3a08, 0x39e8, 0xa555, 0xf7de, 0xbe17, 0x5aec, 0x5b0c, 0xc638, 0xf7de, 0x94d3, 0x39e8, 0x7c10, 0x8c72, 0x8c72, 0x8c72, 0x8c71, 0x73af, 0x39c8, 0x52ab, 0x8451, 0x8451, 0x8451, 0x8451, 0x8451, 0x6b8e, 0x52ab, 0x73af, 0x8c71, 0x8c51, 0x8451, 0x8451, 0x8451, 0x6b8e, 0x39e8, 0x5b0d, 0x8451, 0x8451, 0x8451, 0x8451, 0x7bef, 0x39e8, 0x52ab, 0xdefb, 0xf7be, 0x94d3, 0x4a6a, 0x8451, 0xef7d, 0xe75c, 0x5b0d, 0x52ab, 0x8c72, 0x8c72, 0x8c72, 0x8c72, 0x8451, 0x5aec, 0x31a7, 0x6b4e, 0x8451, 0x8451, 0x8451, 0x8451, 0x8431, 0x5aec, 0x52cc, 0x8431, 0x8c92, 0x8451, 0x8451, 0x8451, 0x8451, 0x52cb, 0x39e8, 0x73cf, 0x8c51, 0x8451, 0x8451, 0x8431, 0x634d, 0x52ab, 0xa515, 0xcd5d, 0xc53c, 0xa496, 0xd5b4, 0xedef, 0xedac, 0xf5cd, 0xf60f, 0xf672, 0xe655, 0xac95, 0x9c16, 0x9b59, 0x795a, 0x78fc, 0x78fc},
		{0xee31, 0xe674, 0xe674, 0xe653, 0xde55, 0xe610, 0xee2f, 0xef1b, 0xbc9b, 0x8138, 0xabda, 0xe6fd, 0xd63c, 0x9af9, 0x7878, 0x8958, 0x9396, 0x6b4e, 0x7bcd, 0xbced, 0xc488, 0xcd0c, 0xcd0b, 0xbc04, 0xbc04, 0xc4c9, 0xc4ca, 0xbcee, 0x6b4d, 0x3a08, 0x8cb2, 0x73cf, 0xa555, 0xf7de, 0xad75, 0x2146, 0x2146, 0xad75, 0xf7de, 0x9d14, 0x3a08, 0x7bf0, 0x8451, 0x8c51, 0xa534, 0xe73c, 0xe75d, 0x6b4e, 0x7bf0, 0xf7be, 0xe73c, 0xad96, 0xad75, 0xdf1b, 0xdefb, 0x5b0d, 0x634d, 0xdf1b, 0xe73c, 0xad96, 0x9cf3, 0x9cf3, 0x7bf0, 0x5acc, 0xbe17, 0xef7d, 0xb5f7, 0x9d34, 0xd6da, 0xe75c, 0x7bef, 0x52cb, 0xdefb, 0xf7be, 0x73af, 0x10a4, 0x5aec, 0xdf3c, 0xef7d, 0x634d, 0x52ab, 0x8451, 0x8451, 0x8451, 0xbdf7, 0xf7de, 0xbdf7, 0x528b, 0xad96, 0xf7be, 0xce99, 0x9cf4, 0xbe18, 0xef9d, 0xad76, 0x4249, 0x9cf3, 0xef9d, 0xce99, 0x9d14, 0x9cf3, 0x9cf3, 0x5acc, 0x6b8e, 0xe73c, 0xd6db, 0xa554, 0xb5d6, 0xe77d, 0xc659, 0x424a, 0x52ab, 0xbd1a, 0xc51c, 0xa496, 0xd5d5, 0xf631, 0xf60e, 0xf650, 0xf6b4, 0xe696, 0xacb5, 0x9c16, 0x9b59, 0x819a, 0x817c, 0x817c, 0x813c},
		{0xf630, 0xee31, 0xee52, 0xe632, 0xe654, 0xedce, 0xee72, 0xd63c, 0x91f9, 0x78d8, 0xb43a, 0xabba, 0xbc9b, 0xbc7a, 0x9259, 0x9396, 0x528b, 0x4249, 0x73cf, 0x7bef, 0xa48f, 0xc4eb, 0xbc25, 0xbbe3, 0xbbe3, 0xc467, 0xb4ee, 0x630c, 0x4209, 0x94d2, 0xe73a, 0x8c71, 0xa555, 0xf7de, 0xad75, 0x2146, 0x2146, 0xad75, 0xf7de, 0x9d14, 0x4209, 0x7bf0, 0x8c71, 0x8c71, 0xa534, 0xe73c, 0xf7de, 0x7c10, 0x7c10, 0xf7de, 0xce79, 0x4a6a, 0x3a08, 0xbe18, 0xf7de, 0x8431, 0x8451, 0xf7de, 0xc638, 0x4229, 0x18e4, 0x18e4, 0x18e4, 0x5b0c, 0xe73c, 0xef7d, 0x8c92, 0x632d, 0xbe17, 0xf7de, 0x9cf3, 0x5aec, 0xdefb, 0xf7be, 0x73af, 0x10a4, 0x5aec, 0xdf3c, 0xef9d, 0x6b8e, 0x52cb, 0x8c51, 0x8c71, 0x8c71, 0xbdf7, 0xf7de, 0xce9a, 0x632d, 0xb596, 0xf7de, 0x94d3, 0x18e5, 0x73af, 0xef9e, 0xd6da, 0x73cf, 0xbe18, 0xf7de, 0x8c92, 0x1905, 0x18e4, 0x18e4, 0x18e4, 0x94b3, 0xf7de, 0xc658, 0x6b4d, 0x8451, 0xe75c, 0xe75c, 0x632d, 0x2987, 0x9c56, 0xc53c, 0xa496, 0xd616, 0xf694, 0xf672, 0xf6b4, 0xe697, 0xacb5, 0x9416, 0x9359, 0x795a, 0x899c, 0x921d, 0x91fc, 0x819c},
		{0xf62f, 0xf630, 0xf60f, 0xee11, 0xe632, 0xedac, 0xe652, 0xb577, 0x92f8, 0x8998, 0xa2f9, 0x8118, 0x80f8, 0x9af9, 0x93d5, 0x4a8b, 0x4a6a, 0xb573, 0xde74, 0xad52, 0x7c10, 0x8c2f, 0xb4ee, 0xcceb, 0xcceb, 0xaccf, 0x5aeb, 0x4229, 0xa513, 0xe695, 0xf717, 0x8c71, 0xa555, 0xf7de, 0xad75, 0x2146, 0x2146, 0xad75, 0xf7de, 0x9d14, 0x7c10, 0xf7be, 0xdf1b, 0x9cf3, 0x9cf3, 0xdf1b, 0xf7de, 0x8410, 0x7c10, 0xf7de, 0xc658, 0x4209, 0x31c8, 0xbdf7, 0xf7de, 0x8451, 0x8c51, 0xf7de, 0xbdf7, 0x31c8, 0x2987, 0x630d, 0x52ab, 0x6b8e, 0xe75c, 0xef9d, 0xbe17, 0xa534, 0xb5d7, 0xc638, 0x7c10, 0x5acc, 0xdefb, 0xf7be, 0x73af, 0x10a4, 0x5aec, 0xdf3c, 0xef7d, 0x7c10, 0xad96, 0xf7de, 0xc658, 0x8451, 0xb5b6, 0xf7de, 0xce9a, 0x632d, 0xb5b6, 0xf7de, 0x8c92, 0x10a4, 0x6b6e, 0xef9d, 0xd6db, 0x73f0, 0xbe18, 0xf7de, 0x8451, 0x10a4, 0x4229, 0x6b4e, 0x4229, 0x94d3, 0xf7de, 0xdefb, 0xad75, 0xad75, 0xbe18, 0xb5f7, 0x52ab, 0x2146, 0x8bf5, 0xbd1b, 0xa496, 0xd659, 0xf719, 0xf718, 0xe6b8, 0xacd6, 0x9c16, 0x9358, 0x795a, 0x78fc, 0x811d, 0x811d, 0x811c, 0x70db},
		{0xf6d4, 0xf651, 0xf62f, 0xee31, 0xe653, 0xee0f, 0xee93, 0xad74, 0x9434, 0x92b8, 0x78d8, 0x7037, 0x89f8, 0x93b4, 0x4a4a, 0x52ab, 0xbd93, 0xee4f, 0xf5ca, 0xf62e, 0xd633, 0x94b2, 0xa514, 0xcdd8, 0xcdd8, 0x8410, 0x4249, 0xa554, 0xeed6, 0xee50, 0xf6f6, 0x8c71, 0xa555, 0xf7de, 0xbdf7, 0x52cb, 0x5aec, 0xc638, 0xf7de, 0x94d3, 0x8451, 0xf7de, 0xce79, 0x52ab, 0x5acb, 0xce9a, 0xf7de, 0x8410, 0x7c10, 0xf7de, 0xc658, 0x4209, 0x31c8, 0xbdf7, 0xf7de, 0x8451, 0x8451, 0xf7de, 0xce79, 0x5aec, 0x52ab, 0x7c10, 0x6b6d, 0x6b8e, 0xdf1b, 0xef9d, 0x9d13, 0x632d, 0x5b0d, 0x5b0d, 0x3a09, 0x52cb, 0xdefb, 0xf7de, 0x94b2, 0x424a, 0x8431, 0xe77d, 0xe75c, 0x7c31, 0xbdf7, 0xf7de, 0x9d14, 0x2987, 0x8451, 0xf7de, 0xce9a, 0x632d, 0xb5b6, 0xf7de, 0x8c92, 0x10a4, 0x6b6e, 0xef9d, 0xd6db, 0x73cf, 0xbdf7, 0xf7de, 0x9d14, 0x39e8, 0x632d, 0x8431, 0x4a8a, 0x8c92, 0xf7de, 0xce9a, 0x73cf, 0x5b0d, 0x5b0d, 0x52cc, 0x2966, 0x2146, 0x8bf4, 0xbcfb, 0xa497, 0xd67a, 0xf77c, 0xe6fb, 0xacf7, 0x9c16, 0x9358, 0x7939, 0x78dc, 0x80fd, 0x80fd, 0x80fc, 0x70db, 0x6899},
		{0xf6f4, 0xf691, 0xf671, 0xee73, 0xe696, 0xee72, 0xee0d, 0xde32, 0x9cf3, 0x9434, 0x9ad9, 0x9ab9, 0x8bb4, 0x424a, 0x52cb, 0xb555, 0xe5f0, 0xf5a9, 0xf5a9, 0xf5ec, 0xeed4, 0xe6fc, 0xb47a, 0x9259, 0x9239, 0x9356, 0x9453, 0xad75, 0xde76, 0xf6b3, 0xf6f6, 0x8c51, 0x9cf3, 0xe75c, 0xd6da, 0xbe18, 0xc638, 0xdefb, 0xce99, 0x632d, 0x632d, 0xd6ba, 0xd6db, 0xad96, 0xb5b6, 0xdefb, 0xe75c, 0x73cf, 0x73cf, 0xe75c, 0xb5d7, 0x3a08, 0x31a7, 0xad96, 0xe75c, 0x7c10, 0x5aec, 0xce79, 0xdefb, 0xbdf7, 0xad75, 0xad76, 0x8451, 0x4a8a, 0x9d14, 0xdf1b, 0xc658, 0xa575, 0xa555, 0xa555, 0x5aec, 0x4a8b, 0xce79, 0xe75c, 0xce99, 0xbdf7, 0xce99, 0xdf1c, 0xa555, 0x4a6a, 0x94b2, 0xe73c, 0xce79, 0xa534, 0xc638, 0xe75c, 0xc638, 0x5aec, 0xa555, 0xe75c, 0x8431, 0x10a4, 0x634d, 0xdf1b, 0xce79, 0x5b0c, 0x8c72, 0xdf1b, 0xce9a, 0xad96, 0xad75, 0xad75, 0x632d, 0x5acc, 0xc659, 0xdefb, 0xb5d7, 0xa555, 0xa555, 0x8c92, 0x39c8, 0x2987, 0x9415, 0xb4da, 0xa4b7, 0xd67b, 0xef3c, 0xacf7, 0x9c16, 0x9358, 0x7139, 0x78db, 0x78fc, 0x811d, 0x78fc, 0x70da, 0x68b9, 0x6899},
		{0xf6b2, 0xf6b2, 0xf6b3, 0xeeb5, 0xe673, 0xedab, 0xf588, 0xf62d, 0xdeb7, 0xbdd6, 0xcdd7, 0xb536, 0x4a8b, 0x5aec, 0xc5d3, 0xd573, 0xdd0c, 0xf588, 0xeded, 0xeef7, 0xeefc, 0xbc5b, 0x80f8, 0x7018, 0x7018, 0x78b8, 0x9298, 0x9c15, 0xa534, 0xc5f5, 0xef3a, 0x7c10, 0x4229, 0x5b0d, 0x5b0c, 0x5b0c, 0x5b0c, 0x5b0c, 0x424a, 0x1905, 0x2125, 0x4a8a, 0x5b0c, 0x5b0d, 0x5b0d, 0x5b0d, 0x5b0d, 0x39c8, 0x31c8, 0x5b0d, 0x4a8b, 0x2126, 0x1905, 0x4a6a, 0x5b0d, 0x39e8, 0x2105, 0x4a6a, 0x5b0c, 0x5b0d, 0x5b0d, 0x5b0d, 0x4a8a, 0x2125, 0x31a7, 0x5aec, 0x5b0c, 0x5b0d, 0x5b0c, 0x5b0c, 0x39c8, 0x2966, 0x52cb, 0x5b0d, 0x5b0d, 0x5b0d, 0x5b0d, 0x5aec, 0x31c8, 0x10a4, 0x31a7, 0x5aec, 0x5b0c, 0x630c, 0x5b0d, 0x5b0d, 0x52ab, 0x2987, 0x424a, 0x5b0c, 0x3a08, 0x10a4, 0x31a7, 0x5aec, 0x52cb, 0x2966, 0x2987, 0x52cc, 0x5b0d, 0x5b0d, 0x5b0d, 0x5b0d, 0x39e8, 0x18e4, 0x4249, 0x5b0c, 0x5b0c, 0x5b0d, 0x5b0d, 0x52ab, 0x2146, 0x4209, 0x9c16, 0xac5a, 0xa4b7, 0xcdfa, 0xad18, 0x9c16, 0x9359, 0x7139, 0x70db, 0x78fc, 0x78fc, 0x78fb, 0x70da, 0x68b9, 0x6899, 0x6898},
		{0xf6d4, 0xeeb4, 0xeeb5, 0xee52, 0xedab, 0xf588, 0xf5eb, 0xf6d4, 0xef3a, 0xd5f1, 0xccca, 0xbd0e, 0x7bae, 0x8c91, 0xe694, 0xedab, 0xed89, 0xf5ab, 0xf6d5, 0xe6fc, 0xb3fa, 0x78d8, 0x7018, 0x7018, 0x7017, 0x8958, 0x8958, 0x89b8, 0x9b77, 0x9c95, 0xad96, 0x73ae, 0x2987, 0x2146, 0x2987, 0x6bae, 0x8451, 0x8451, 0x8451, 0x8451, 0x8451, 0x8430, 0x4a6a, 0x10c4, 0x2105, 0x3187, 0x3187, 0x31a7, 0x31a7, 0x3187, 0x3187, 0x3187, 0x3187, 0x3187, 0x3187, 0x3187, 0x2987, 0x31c8, 0x31c8, 0x31a7, 0x2987, 0x3187, 0x3187, 0x3187, 0x31c8, 0x39e8, 0x2987, 0x2987, 0x632d, 0x8430, 0x5aec, 0x18e4, 0x1905, 0x2987, 0x31a7, 0x3187, 0x3187, 0x3187, 0x39e8, 0x52ab, 0x4a6a, 0x6b6e, 0x8431, 0x4a6a, 0x10a4, 0x2125, 0x2146, 0x5aec, 0x8431, 0x5b0c, 0x18e5, 0x1905, 0x2987, 0x3187, 0x3187, 0x3187, 0x31a8, 0x39c8, 0x31a7, 0x3187, 0x3187, 0x31a7, 0x3187, 0x3187, 0x39e8, 0x31c8, 0x3187, 0x2987, 0x2987, 0x2987, 0x3187, 0x5aec, 0x9c17, 0xa41a, 0x9c36, 0x93f5, 0x9c16, 0x9358, 0x7139, 0x70ba, 0x78db, 0x78fb, 0x70db, 0x68b9, 0x6899, 0x6898, 0x6078, 0x6077},
		{0xeef7, 0xeed7, 0xe652, 0xed8a, 0xf568, 0xf5eb, 0xf6f5, 0xef3a, 0xd5b0, 0xc425, 0xbbe3, 0xbc25, 0xbced, 0x8c50, 0xad53, 0xee50, 0xedec, 0xf6d5, 0xe6bc, 0xabba, 0x9279, 0xa2fa, 0x8138, 0x7018, 0x7898, 0xb45b, 0xb43a, 0x7878, 0x78b8, 0x9298, 0x9c16, 0x7bf0, 0x8431, 0x8cb2, 0x5b0c, 0xbe18, 0xf7de, 0xd6ba, 0x9d14, 0x9cf3, 0xce79, 0xf7de, 0xad75, 0x2986, 0x31a7, 0x52ab, 0x4a6a, 0x4a6a, 0x4a6a, 0x4a6a, 0x4a6a, 0x4a6a, 0x4a6a, 0x4a6a, 0x4a6a, 0x632d, 0x8c71, 0x634d, 0x4a8a, 0x4a6a, 0x4a6a, 0x4a6a, 0x4a6a, 0x4a6a, 0x52ab, 0x52cb, 0x52cb, 0x52ab, 0xb5d7, 0xf7de, 0xad55, 0x2125, 0x2946, 0x424a, 0x426a, 0x426a, 0x4a6a, 0x4a6a, 0x52ab, 0x634d, 0x634d, 0xc659, 0xf7de, 0x8451, 0x10a3, 0x3187, 0x31c8, 0x7c10, 0xb5d7, 0x7c30, 0x2105, 0x31a7, 0x52ab, 0x4a6a, 0x4a6a, 0x4a6a, 0x4a8a, 0x5aec, 0x52cb, 0x4a6a, 0x4a6a, 0x4a6a, 0x4a6a, 0x426a, 0x4aab, 0x52ab, 0x73af, 0xa535, 0x9c96, 0x9c36, 0x9c36, 0xa477, 0x9b59, 0xa3ba, 0x8bd5, 0x8bb6, 0x9358, 0x7119, 0x70ba, 0x78db, 0x78db, 0x70da, 0x68b9, 0x6899, 0x6898, 0x6077, 0x6077, 0x6977},
		{0xef19, 0xe673, 0xedab, 0xf588, 0xf5ec, 0xf716, 0xef39, 0xde12, 0xcd0b, 0xbbe3, 0xc467, 0xccea, 0xc488, 0xb4ee, 0x8c50, 0xb573, 0xef18, 0xe69c, 0xab5a, 0x78b8, 0xb3fa, 0xef3e, 0xcd3b, 0x89f9, 0x78d8, 0xcd5c, 0xcd5c, 0x78b8, 0x7018, 0x7037, 0x8998, 0x9bb7, 0x7bf1, 0xa555, 0x8431, 0xb5d7, 0xf7de, 0xa555, 0x2125, 0x10c4, 0x8c71, 0xf7de, 0xc638, 0x4249, 0x5aec, 0x8c92, 0x8c92, 0x8c92, 0x8c92, 0x8451, 0x4a6a, 0x5aec, 0x8c92, 0x8c92, 0x52ab, 0x31a7, 0x6b4d, 0x6b8e, 0x634d, 0x31c8, 0x6b6e, 0x8c92, 0x8c92, 0x8c92, 0x8c92, 0x8451, 0x52cb, 0x39e8, 0xb5d7, 0xf7de, 0xad55, 0x39e8, 0x73af, 0x8c92, 0x4a8a, 0x10a3, 0x4a6a, 0x8c92, 0x73cf, 0x424a, 0x8c92, 0xe73c, 0xf7de, 0xc638, 0x8c92, 0x73af, 0x31a7, 0x73cf, 0xad96, 0x7bf0, 0x2146, 0x5aec, 0x8c92, 0x8c92, 0x8c92, 0x8c92, 0x8c72, 0x634d, 0x2966, 0x5b0c, 0x8c92, 0x8c92, 0x8c92, 0x8c92, 0x8c92, 0x634d, 0x4229, 0x94b3, 0xbcdc, 0x9adc, 0x9adc, 0x923c, 0x793a, 0xa3bb, 0xbd59, 0x9359, 0x7118, 0x68ba, 0x70db, 0x78db, 0x70ba, 0x68ba, 0x68b9, 0x6899, 0x6898, 0x6077, 0x6977, 0x9bb8},
		{0xe695, 0xedab, 0xf588, 0xf60c, 0xf716, 0xef19, 0xcd4e, 0xd5b0, 0xddf1, 0xc488, 0xde33, 0xde12, 0xc446, 0xc446, 0xb4ef, 0x9492, 0xbd99, 0xa31a, 0x7878, 0x7017, 0x91f9, 0xd5dc, 0xf79e, 0xd5fc, 0xa35a, 0xcdbc, 0xcd7c, 0x80d8, 0x7018, 0x7017, 0x7017, 0x9219, 0x7b51, 0x634d, 0x7c10, 0xb5d7, 0xf7de, 0xce79, 0x8451, 0x7c10, 0xbe17, 0xf7de, 0xbe18, 0x630c, 0xbdf7, 0xf7be, 0xb5b6, 0x8431, 0xc638, 0xf7de, 0x9cf3, 0x7bf0, 0xef7d, 0xf7de, 0xa554, 0x2966, 0x4229, 0xb5d7, 0x8c71, 0x634d, 0xe73c, 0xf7be, 0xb5b6, 0x8c72, 0xce9a, 0xf7de, 0xad75, 0x4a6a, 0xb5d7, 0xf7de, 0xad55, 0x4a8a, 0xc638, 0xf7de, 0x7c10, 0x10a3, 0x7bf0, 0xf7de, 0xc659, 0x5acc, 0x8431, 0xdf1b, 0xf7de, 0xbdf7, 0x7c10, 0x632d, 0x31a7, 0xa555, 0xf7de, 0xad75, 0x4a8a, 0xbe18, 0xf7de, 0xc658, 0x8451, 0xbdf7, 0xf7de, 0xd6ba, 0x52ab, 0x9cf3, 0xf7de, 0xce9a, 0x8c71, 0xa555, 0xef7d, 0xd6ba, 0x4a8b, 0x4a6a, 0xacb9, 0x925c, 0x91fd, 0x897d, 0x78fc, 0xa37c, 0xabfa, 0x7118, 0x68b9, 0x70ba, 0x70ba, 0x6899, 0x6899, 0x6899, 0x6899, 0x6898, 0x6078, 0x7177, 0x9bb8, 0x93f5},
		{0xedcc, 0xf588, 0xf5c9, 0xf6d4, 0xef19, 0xcd4d, 0xbc25, 0xde33, 0xde55, 0xde54, 0xe695, 0xc4c9, 0xbbe3, 0xbbe3, 0xcceb, 0xc5f6, 0x9b58, 0x7858, 0x7018, 0x7018, 0x7017, 0x91f9, 0xcd7c, 0xf79e, 0xe71d, 0xef3d, 0xcd9c, 0x80f8, 0x7018, 0x7018, 0x7037, 0x9ab9, 0x6b2f, 0x5acc, 0x73cf, 0xb5d7, 0xf7de, 0xdefb, 0xad96, 0xd6db, 0xf7de, 0xe75c, 0x8451, 0x5aec, 0xd6ba, 0xf7be, 0xa534, 0x6b6d, 0xb5d7, 0xf7de, 0xad75, 0x4a8a, 0xbe18, 0xf7de, 0xd6da, 0x52ab, 0x6b8e, 0xc659, 0x52ab, 0x73af, 0xf7be, 0xef9d, 0x6b4e, 0x1905, 0xa534, 0xf7de, 0xbe18, 0x52cc, 0xb5d7, 0xf7de, 0xad55, 0x4a8a, 0xc638, 0xf7de, 0x7c10, 0x10a3, 0x7bf0, 0xf7de, 0xc659, 0x4229, 0x4229, 0xc659, 0xf7de, 0x8451, 0x1083, 0x10a4, 0x2125, 0xa555, 0xf7de, 0xad75, 0x630d, 0xd6ba, 0xf7de, 0x8c92, 0x10a3, 0x7bf0, 0xf7de, 0xe75d, 0x6b4d, 0x9cf3, 0xf7de, 0xa555, 0x2105, 0x52ab, 0xdefb, 0xef7d, 0x634d, 0x2987, 0x9c56, 0x927c, 0x817c, 0x817c, 0x78fb, 0x797a, 0x7139, 0x68b9, 0x68ba, 0x6899, 0x6899, 0x6899, 0x68b9, 0x68b9, 0x6899, 0x6078, 0x7178, 0x9bb8, 0x93f5, 0xb537},
		{0xf568, 0xf5a8, 0xf60c, 0xef18, 0xd5d2, 0xbc04, 0xc487, 0xe6d7, 0xef7c, 0xde76, 0xc4ca, 0xbbe4, 0xbbe3, 0xbbe3, 0xcd0c, 0xc5f7, 0x9b19, 0x7037, 0x7017, 0x7038, 0x80f8, 0x8978, 0xa339, 0xe6bd, 0xf7de, 0xf7de, 0xd5dc, 0x8138, 0x7018, 0x7038, 0x8a38, 0x8bb3, 0x4209, 0x7bf0, 0x8431, 0xb5d7, 0xf7de, 0xad96, 0x31a7, 0x8c71, 0xf7be, 0xe75c, 0x6b6e, 0x4a8a, 0xd6ba, 0xf7de, 0xc638, 0x9d14, 0x9d34, 0xa555, 0x73cf, 0x2126, 0x8431, 0xf7be, 0xf7be, 0x9cf3, 0xad55, 0x9d34, 0x2126, 0x73cf, 0xf7be, 0xef7d, 0x6b4d, 0x1905, 0x9d14, 0xf7de, 0xbe18, 0x5acc, 0xb5d7, 0xf7de, 0xad55, 0x4a8a, 0xc638, 0xf7de, 0x7c10, 0x10a3, 0x7bf0, 0xf7de, 0xc659, 0x4229, 0x4229, 0xc659, 0xf7de, 0x8451, 0x10a4, 0x3a08, 0x4229, 0xa555, 0xf7de, 0xad75, 0x630d, 0xd6ba, 0xf7de, 0x8c92, 0x10a3, 0x7bf0, 0xf7de, 0xe75d, 0x6b4d, 0x9cf3, 0xf7de, 0xa555, 0x2105, 0x52ab, 0xdefb, 0xef9d, 0x634d, 0x2966, 0x9435, 0x929c, 0x815c, 0x817c, 0x70da, 0x68b9, 0x68b9, 0x68b9, 0x6899, 0x6899, 0x70ba, 0x70ba, 0x70ba, 0x70ba, 0x6899, 0x7158, 0x9b98, 0x93f5, 0xb538, 0xef7c},
		{0xf588, 0xf5a8, 0xf62e, 0xd676, 0xbd30, 0xbc25, 0xcd0c, 0xef7b, 0xf7de, 0xe6d8, 0xde54, 0xd56e, 0xbc04, 0xc4a9, 0x9c8f, 0x5aec, 0x8bb3, 0x89d8, 0x7017, 0x91f9, 0xcd3c, 0xd5fc, 0xd63c, 0xef5d, 0xf7de, 0xf7de, 0xd5fc, 0x8958, 0x7057, 0x9258, 0x8bb3, 0x4229, 0x632d, 0xc658, 0x8451, 0xb5d7, 0xf7de, 0xad75, 0x2126, 0x4a8a, 0xd6ba, 0xf7de, 0xad55, 0x5acc, 0xc659, 0xf7de, 0xa555, 0x632d, 0x5b0c, 0x5b0c, 0x4209, 0x10c4, 0x4a6a, 0xce99, 0xf7de, 0xe73c, 0xd6ba, 0x6b6e, 0x10a4, 0x6b8e, 0xef9d, 0xef9e, 0x8c92, 0x52cb, 0xb5d7, 0xf7de, 0xbdf7, 0x52ab, 0xb5d7, 0xf7de, 0xad55, 0x4249, 0xbdf7, 0xf7de, 0x9d14, 0x4a6a, 0x9d14, 0xf7de, 0xc659, 0x4229, 0x3a08, 0xc638, 0xf7de, 0xad96, 0x5b0c, 0x630d, 0x4209, 0xa555, 0xf7de, 0xad75, 0x5aec, 0xce99, 0xf7de, 0xad76, 0x4a8a, 0x9cf4, 0xf7de, 0xe73c, 0x632d, 0x9cf3, 0xf7de, 0xa555, 0x2105, 0x52ab, 0xdefb, 0xef9d, 0x634d, 0x2966, 0x9435, 0x929c, 0x793b, 0x795b, 0x70fa, 0x6899, 0x6898, 0x6878, 0x6898, 0x6899, 0x68b9, 0x68ba, 0x68b9, 0x6899, 0x7178, 0x9b98, 0x93d5, 0xb538, 0xef7d, 0xf7dd},
		{0xf5a8, 0xf5a8, 0xf5eb, 0xd613, 0xb574, 0xc4eb, 0xccca, 0xde12, 0xde12, 0xddf2, 0xd5f1, 0xcd2c, 0xc4eb, 0x9c6f, 0x4229, 0x52cb, 0x8431, 0x93d6, 0x8998, 0x89b9, 0xbc9b, 0xc4db, 0xbcbb, 0xbc7b, 0xbc5b, 0xb41b, 0xa2fa, 0x8118, 0x9278, 0x8392, 0x4209, 0x634d, 0xce78, 0xce99, 0x6b8e, 0x9cf3, 0xc638, 0x8451, 0x2125, 0x2125, 0x8431, 0xc638, 0xad75, 0x52cb, 0x73cf, 0xbe18, 0xbe18, 0xad75, 0xa555, 0xa555, 0x6b4d, 0x10c4, 0x1905, 0x8431, 0xc659, 0xce59, 0x9d14, 0x31a7, 0x18c4, 0x4249, 0xa555, 0xc659, 0xb5b6, 0xa555, 0xbe17, 0xc638, 0x7bf0, 0x39c8, 0x94d3, 0xc659, 0x8c71, 0x2966, 0x73af, 0xbe18, 0xb5d7, 0xa534, 0xb5d7, 0xc659, 0xa534, 0x39c8, 0x2125, 0x7bf0, 0xbe18, 0xc638, 0xb5d7, 0x8c72, 0x39e8, 0x8451, 0xc659, 0x8c71, 0x31c8, 0x8451, 0xc638, 0xb5f7, 0xa554, 0xb5d7, 0xc658, 0x9cf3, 0x39e8, 0x7c10, 0xc659, 0x8451, 0x1905, 0x424a, 0xb5b6, 0xc638, 0x632d, 0x2105, 0x8c12, 0xa39c, 0x791a, 0x793a, 0x7139, 0x6098, 0x6077, 0x6077, 0x6098, 0x6898, 0x6098, 0x6078, 0x6077, 0x7178, 0x9b98, 0x93d5, 0xb538, 0xef7d, 0xf7de, 0xf7de},
		{0xf5a8, 0xf5a8, 0xf5a8, 0xee71, 0xb595, 0xb50f, 0xc446, 0xbbe4, 0xbbe3, 0xbbe3, 0xbc04, 0xbccb, 0x944f, 0x4209, 0x632d, 0xce79, 0xce79, 0x8c72, 0x9bb6, 0x8978, 0x7058, 0x7057, 0x7037, 0x7037, 0x7017, 0x7017, 0x7077, 0x9298, 0x8392, 0x3a09, 0x6b6e, 0xd677, 0xef3a, 0x8451, 0x2966, 0x39e8, 0x3a08, 0x2987, 0x10c4, 0x18e4, 0x2987, 0x3a08, 0x39e8, 0x2146, 0x2105, 0x39e8, 0x4249, 0x4249, 0x4249, 0x4249, 0x2987, 0x10a4, 0x2146, 0x31c8, 0x4229, 0x4229, 0x31a7, 0x10c4, 0x4a8b, 0x52ab, 0x2987, 0x4229, 0x4229, 0x4229, 0x4229, 0x3a08, 0x2125, 0x18e4, 0x31c8, 0x4229, 0x31a7, 0x10c4, 0x2105, 0x39e8, 0x4229, 0x4229, 0x4229, 0x4229, 0x39e8, 0x1905, 0x18e4, 0x2146, 0x39e8, 0x4229, 0x4229, 0x39c8, 0x1905, 0x31a7, 0x4229, 0x31a7, 0x18c4, 0x2146, 0x3a09, 0x4229, 0x4229, 0x4229, 0x4229, 0x2966, 0x10c4, 0x3187, 0x4229, 0x31a7, 0x10c4, 0x2125, 0x3a08, 0x4229, 0x2987, 0x10a4, 0x424a, 0xa497, 0x929a, 0x70f9, 0x7119, 0x6097, 0x6077, 0x6077, 0x6077, 0x6077, 0x6077, 0x6077, 0x7158, 0x9b98, 0x8bd5, 0xb538, 0xef7c, 0xf7dd, 0xf7dd, 0xf7dd},
		{0xf5a8, 0xf5a8, 0xf5a8, 0xf5eb, 0xd613, 0xad54, 0xc4ec, 0xbbe4, 0xbbe3, 0xc424, 0xbcec, 0x840e, 0x3a09, 0x6b8e, 0xce79, 0xef5c, 0xef7c, 0xc638, 0x8c72, 0x9b96, 0x8118, 0x7017, 0x7018, 0x7018, 0x7018, 0x7878, 0x92b8, 0x7b91, 0x3a08, 0x73ae, 0xd697, 0xf738, 0xd6b8, 0x7c10, 0x52cc, 0x52cc, 0x52cc, 0x52cc, 0x52cc, 0x6b6e, 0x6b6e, 0x52cc, 0x52cc, 0x52cc, 0x52cc, 0x52ab, 0x4a8a, 0x4a8a, 0x4a8a, 0x4a8a, 0x4a8a, 0x4a6a, 0x73cf, 0x6b6e, 0x4a8b, 0x4a8b, 0x4a8b, 0x52ab, 0xad75, 0xc617, 0x73af, 0x52ab, 0x4a8b, 0x4a8b, 0x4a8b, 0x4a8b, 0x5acc, 0x52cc, 0x4a8b, 0x4a8b, 0x4a8b, 0x4a8b, 0x5aec, 0x5aec, 0x4a8b, 0x4a8b, 0x4a8b, 0x4a8b, 0x4a8b, 0x4a8b, 0x6b6e, 0x7c10, 0x5b0c, 0x4aab, 0x4a8b, 0x4a8b, 0x4a8b, 0x4a8b, 0x4a8b, 0x4a8b, 0x4a8b, 0x52cc, 0x5acc, 0x4a8b, 0x4a8b, 0x4a8b, 0x4a8b, 0x52ab, 0x52cb, 0x4a8b, 0x4a8b, 0x4a8b, 0x4a8b, 0x4a8b, 0x4a8b, 0x4a8b, 0x4a8b, 0x4a8b, 0x52ab, 0x94d3, 0xac7a, 0x6918, 0x68f8, 0x68f8, 0x6097, 0x6077, 0x6077, 0x6077, 0x6077, 0x7158, 0x9b98, 0x93d5, 0xb517, 0xef3b, 0xf79b, 0xf79b, 0xf79b, 0xf79b},
		{0xf5a8, 0xf5a8, 0xf588, 0xf589, 0xee93, 0xb5d6, 0xad11, 0xc4ca, 0xc467, 0xbced, 0x7bad, 0x3a08, 0x7bef, 0xd698, 0xe695, 0xe631, 0xee73, 0xef3a, 0xbdf7, 0x8c52, 0x9b57, 0x80f8, 0x7018, 0x7018, 0x7898, 0x92b8, 0x7b71, 0x3a08, 0x7bef, 0xdeb8, 0xf716, 0xf6f5, 0xef18, 0xded9, 0xd6b8, 0xd698, 0xc599, 0xa418, 0xa3d8, 0xabf9, 0xabf9, 0xa3d8, 0xa418, 0xbd98, 0xd698, 0xd698, 0xce58, 0xc5f8, 0xb554, 0xacf1, 0xbd56, 0xac78, 0xac79, 0xc5d8, 0xce57, 0xd656, 0xd677, 0xd697, 0xe718, 0xf75a, 0xef1a, 0xd698, 0xd677, 0xd657, 0xd677, 0xd677, 0xdeb9, 0xdeb8, 0xd677, 0xd698, 0xd699, 0xd6b9, 0xdefa, 0xdf1a, 0xd6b9, 0xd6b9, 0xd699, 0xd698, 0xd698, 0xd677, 0xdeb7, 0xef18, 0xded8, 0xd698, 0xd698, 0xd698, 0xd698, 0xd698, 0xd678, 0xd677, 0xd677, 0xd697, 0xdeb8, 0xd677, 0xd677, 0xd677, 0xd698, 0xd6b9, 0xdeb8, 0xd677, 0xd677, 0xd698, 0xbdb7, 0xb538, 0xac99, 0xac3a, 0xa439, 0xa418, 0x9c18, 0xa438, 0x8af8, 0x68f7, 0x68d8, 0x68f8, 0x68b8, 0x6097, 0x6077, 0x6077, 0x7157, 0x9b98, 0x93d5, 0xb517, 0xef3a, 0xf759, 0xf738, 0xf739, 0xf739, 0xf739},
		{0xf5a8, 0xf588, 0xf589, 0xee0f, 0xe694, 0xde75, 0x9d13, 0x944f, 0x944e, 0x630c, 0x3a08, 0x8c50, 0xde95, 0xee51, 0xed8a, 0xed47, 0xed49, 0xe674, 0xef1a, 0xb5b6, 0x8c52, 0x9b57, 0x8978, 0x8158, 0x9b18, 0x7350, 0x39e8, 0x7bf0, 0xd699, 0xf739, 0xf716, 0xf6f6, 0xd592, 0xbcae, 0xd5d3, 0xe6f9, 0xab98, 0x7077, 0x7057, 0x7038, 0x7037, 0x7077, 0x8a57, 0xc536, 0xd635, 0xde55, 0xd616, 0xc512, 0xac2d, 0xac2d, 0xabee, 0xab93, 0x9af7, 0xc517, 0xeeb5, 0xf6f5, 0xde55, 0xcd71, 0xcd51, 0xcd71, 0xcd71, 0xcd51, 0xd5b2, 0xde35, 0xd5d3, 0xd5d3, 0xc551, 0xd592, 0xef18, 0xf75a, 0xe6d8, 0xde97, 0xde97, 0xde97, 0xde77, 0xdeb7, 0xef39, 0xf77a, 0xf779, 0xf737, 0xf715, 0xf6f5, 0xeef6, 0xd5d3, 0xc4ef, 0xbccf, 0xbccf, 0xc4ef, 0xd5f4, 0xe676, 0xd5d2, 0xd5b2, 0xd5b2, 0xd5d2, 0xde34, 0xe676, 0xc551, 0xc530, 0xe695, 0xf716, 0xf717, 0xf759, 0xb537, 0x9bf8, 0x925d, 0x897d, 0x793b, 0x70f9, 0x68d7, 0x60b6, 0x6096, 0x6097, 0x68b7, 0x68d7, 0x68f8, 0x6097, 0x6077, 0x7157, 0x9b98, 0x93d5, 0xb517, 0xef19, 0xf738, 0xf737, 0xf717, 0xf739, 0xf75a, 0xf73a},
		{0xf588, 0xf589, 0xee10, 0xdeb7, 0xe631, 0xeded, 0xc5d3, 0x7bef, 0x52ab, 0x5aec, 0x9cf2, 0xe652, 0xf5ec, 0xf588, 0xf588, 0xf588, 0xed69, 0xee53, 0xeed7, 0xeef8, 0xb595, 0x7bd0, 0x8352, 0x8352, 0x62ee, 0x3a08, 0x7bd1, 0xbd19, 0xc555, 0xbccf, 0xbccf, 0xbc8e, 0xac0c, 0xb46e, 0xabeb, 0xbcf1, 0x9af6, 0x7057, 0x7017, 0x7017, 0x7017, 0x8177, 0xa3b2, 0xb48f, 0xbcf0, 0xbcf0, 0xbcf0, 0xb46e, 0xc531, 0xc552, 0xb46e, 0xbcaf, 0xabef, 0xcd74, 0xeed6, 0xe655, 0xbcaf, 0xbccf, 0xbd11, 0xbd11, 0xbd11, 0xbd11, 0xb4af, 0xabeb, 0xb42d, 0xa389, 0xac0c, 0xb44d, 0xd635, 0xd615, 0xb4af, 0xbcf0, 0xbcf0, 0xbcf0, 0xbcf0, 0xbcf0, 0xbd10, 0xde35, 0xe6b6, 0xe695, 0xe675, 0xe6b6, 0xde35, 0xb46d, 0xbcf0, 0xc552, 0xc532, 0xbccf, 0xabca, 0xb44d, 0xbcf0, 0xbcf0, 0xbd10, 0xbd10, 0xb4ae, 0xa3aa, 0xac2c, 0xac2d, 0xc551, 0xf717, 0xf716, 0xf759, 0xb4f7, 0x9bb8, 0x89fd, 0x78dc, 0x6899, 0x6077, 0x6076, 0x6076, 0x6077, 0x6076, 0x6097, 0x60b7, 0x68d7, 0x60b7, 0x7177, 0x9bb8, 0x93f6, 0xb517, 0xeef9, 0xf716, 0xf6d5, 0xf6d5, 0xf6f6, 0xf718, 0xf73a, 0xf75a},
		{0xedaa, 0xe651, 0xe6b7, 0xe6b8, 0xedee, 0xf588, 0xf62d, 0xde32, 0xc591, 0xd612, 0xee50, 0xf5ca, 0xf5a8, 0xf5a8, 0xf5a8, 0xf588, 0xedab, 0xe674, 0xeeb5, 0xf6d4, 0xeed7, 0xad54, 0x6b8e, 0x52ab, 0x5aec, 0x8c33, 0xa3b9, 0xa338, 0xabef, 0xb46e, 0xc552, 0xc572, 0xd636, 0xe71a, 0xd5f5, 0xac0c, 0xa36e, 0xa2f4, 0x9ab4, 0x9ab4, 0x9ab4, 0xabf4, 0xa3ab, 0xb44d, 0xcdb4, 0xcdb4, 0xcdb4, 0xcdd4, 0xe6d9, 0xbccf, 0xa3cb, 0xd5f5, 0xbd10, 0xbccf, 0xd5f4, 0xb46d, 0xa38a, 0xb48e, 0xbcf0, 0xbcf0, 0xbcf0, 0xcdb4, 0xd657, 0xb40c, 0xcd93, 0xabcb, 0xcd72, 0xbcd0, 0xcd93, 0xb4af, 0xac0c, 0xcdb4, 0xcdb4, 0xcdb4, 0xcdb4, 0xd677, 0xbcd0, 0xb44d, 0xbd10, 0xbd10, 0xbd10, 0xbccf, 0xabeb, 0x9b28, 0xb42d, 0xb46e, 0xb46e, 0xac0c, 0x8a84, 0x9b27, 0xc572, 0xcdb3, 0xcdb3, 0xde57, 0xd615, 0x92c5, 0xbcf0, 0xc532, 0xabeb, 0xd5f3, 0xeed6, 0xf75a, 0xacf7, 0x93b8, 0x81da, 0x6899, 0x6077, 0x6077, 0x6077, 0x6077, 0x6076, 0x5877, 0x6076, 0x6096, 0x6096, 0x7197, 0x9bb8, 0x93f6, 0xb517, 0xef19, 0xf6f6, 0xf6b4, 0xf6b3, 0xf6b3, 0xf6b4, 0xf6d5, 0xf6f7, 0xf6f8},
		{0xeded, 0xe6d6, 0xe6d8, 0xe674, 0xedaa, 0xf588, 0xf5a8, 0xf5c9, 0xf5ea, 0xf5ca, 0xf5a8, 0xf5a8, 0xf5a8, 0xf5a8, 0xf5a8, 0xf568, 0xedef, 0xe6b6, 0xf6b4, 0xf6b3, 0xf6d5, 0xf718, 0xdeb9, 0xc618, 0xbd79, 0xa339, 0x78b8, 0x9238, 0x9bae, 0x9bab, 0xac4d, 0xcd93, 0xef5c, 0xe71b, 0xbd11, 0xa3aa, 0xb42d, 0xbcf0, 0xbcf0, 0xbcf0, 0xbcf0, 0xbcf0, 0xa369, 0x8aa6, 0x8b49, 0x8b49, 0x8b08, 0xa3aa, 0xd636, 0xac4d, 0x8ae8, 0x936a, 0xa3ab, 0x9baa, 0xac2d, 0xc511, 0xa3cb, 0x8ac7, 0x8ac7, 0xabcb, 0xac2d, 0xc552, 0xc552, 0xa389, 0xcdb4, 0xabeb, 0xcd72, 0xbccf, 0xa3ca, 0x9b69, 0x8aa5, 0x8b49, 0x8b49, 0x8b08, 0x9b49, 0xd616, 0xc552, 0xb46e, 0xbd11, 0xbd11, 0xc552, 0xcdd4, 0xb48f, 0xc510, 0xc531, 0xc531, 0xc532, 0xc531, 0xbcaf, 0x9307, 0x8b08, 0x82c7, 0x8ac6, 0xc573, 0xc573, 0x8a64, 0xbcd0, 0xdeb9, 0xc531, 0xbcf0, 0xbcaf, 0xde36, 0xacf7, 0x9397, 0x7998, 0x6077, 0x6077, 0x6077, 0x6077, 0x6077, 0x5876, 0x5876, 0x6077, 0x6076, 0x7177, 0x9bb8, 0x93f6, 0xb537, 0xef5b, 0xf759, 0xf6f5, 0xf6b4, 0xf6b3, 0xf694, 0xf6b4, 0xf6b4, 0xf6d5, 0xf6d5},
		{0xee10, 0xe6b6, 0xe6d8, 0xe631, 0xed68, 0xf5a8, 0xf5a8, 0xf5a8, 0xf5a8, 0xf5a8, 0xf5a8, 0xf5a8, 0xf5a8, 0xf5a8, 0xf588, 0xedab, 0xe674, 0xeeb6, 0xf6b5, 0xf6b5, 0xf6d6, 0xf718, 0xe6da, 0xc53a, 0x9278, 0x7057, 0x7017, 0x8978, 0xa3d2, 0x82a6, 0xa369, 0xcdb4, 0xd5f5, 0xd5f5, 0x9b28, 0x9b28, 0xcd93, 0xd615, 0xd615, 0xd615, 0xd615, 0xd615, 0xb46e, 0x936b, 0xa4d4, 0x9c70, 0x8b29, 0xbcd0, 0xcd93, 0xa3ed, 0xac95, 0xa432, 0x8b08, 0x8ac7, 0xbd11, 0xd5f5, 0x9bcb, 0xbd53, 0xb48f, 0xd5f5, 0xd657, 0xb4d0, 0x8b29, 0x9328, 0xcdd4, 0xabcb, 0xcd72, 0xb48e, 0xa369, 0xbcaf, 0x9bab, 0xb553, 0xad11, 0x8b49, 0xac6e, 0xd5d5, 0x9b8a, 0x82e7, 0x9b69, 0xb4af, 0xc552, 0xcd93, 0xa3ec, 0xac2d, 0xb44e, 0xd5d5, 0xde78, 0xb48f, 0xa3ec, 0x93ab, 0xa44e, 0x936a, 0xbd11, 0xded9, 0xac2d, 0x8244, 0xbcf0, 0xd657, 0xc531, 0xcdb4, 0xac0c, 0xbcf0, 0xad18, 0x9376, 0x7177, 0x6077, 0x6077, 0x6077, 0x6077, 0x6077, 0x6077, 0x6077, 0x6077, 0x7157, 0x9bb8, 0x93f6, 0xb537, 0xef3b, 0xf77a, 0xf737, 0xf6f5, 0xf6d5, 0xf6d6, 0xf6d6, 0xf6d6, 0xf6d6, 0xf6d6, 0xf6f6},
		{0xe632, 0xe6b6, 0xeed7, 0xedef, 0xf568, 0xf5a8, 0xf5a8, 0xf5a8, 0xf5a8, 0xf5a8, 0xf5a8, 0xf5a8, 0xf5a8, 0xf5a8, 0xf588, 0xee0f, 0xe6d8, 0xf6f8, 0xf719, 0xf718, 0xf6f8, 0xe6b9, 0xb459, 0x8157, 0x6817, 0x7017, 0x7017, 0x91d8, 0xabf1, 0xbcaf, 0xd5f5, 0xb46e, 0xa3ab, 0xcd94, 0xabec, 0x8b4a, 0x8b49, 0x8b4a, 0x8b4a, 0x8b4a, 0x8b4a, 0x8b4a, 0x8b29, 0xa42e, 0xb471, 0xb44e, 0xc552, 0xd5d5, 0x9bcb, 0xac8f, 0xb493, 0xac0f, 0xb46e, 0xc552, 0xd5f5, 0x9bcb, 0xa44e, 0xbd31, 0xb48e, 0xd616, 0xac2d, 0x938b, 0xa42e, 0xac6e, 0xcdf5, 0xa348, 0xc572, 0xc573, 0xcd93, 0xbcf0, 0xa3cb, 0xbd31, 0xb4ae, 0xc531, 0xd5f5, 0xa3ec, 0xa42e, 0xb4f1, 0xb46e, 0xde77, 0xbd11, 0x938a, 0x936b, 0x82c7, 0x8264, 0xc552, 0xbcf0, 0x8b28, 0x93cc, 0x938b, 0xb44d, 0xcd93, 0xcdf5, 0xcdf5, 0xc572, 0x92e7, 0xbcf0, 0xbd11, 0x8286, 0x8b4a, 0x8329, 0xbd53, 0xacf7, 0x9396, 0x7177, 0x6077, 0x6077, 0x5876, 0x6077, 0x6077, 0x6077, 0x6077, 0x7177, 0x9bb9, 0x93f6, 0xb538, 0xef5c, 0xf77b, 0xf738, 0xf6f6, 0xf6b5, 0xf6b5, 0xf6d6, 0xf719, 0xf73a, 0xf73a, 0xf719, 0xf73a},
		{0xe632, 0xe675, 0xe695, 0xedcd, 0xf588, 0xf5a8, 0xf5a8, 0xf5a8, 0xf5a8, 0xf5a8, 0xf5a8, 0xf5a8, 0xf5a8, 0xf5a8, 0xed68, 0xee31, 0xef1a, 0xf71a, 0xf719, 0xf6f8, 0xeeb7, 0xbc78, 0x7917, 0x6817, 0x7018, 0x7018, 0x7018, 0x9258, 0xa3ae, 0xac0c, 0xa3aa, 0xac0c, 0xcdb4, 0xd616, 0xb46f, 0xa414, 0x8b13, 0x8b32, 0x8b32, 0x8b32, 0x8b32, 0x8b32, 0xa434, 0xac6f, 0xb48e, 0xd5f5, 0xc552, 0x938b, 0x938e, 0xb4d3, 0xb44d, 0xc572, 0xd5f5, 0xc531, 0x9b8a, 0x9c2e, 0xbcf1, 0xb44d, 0xd5f5, 0xbcd0, 0x9bcb, 0xd615, 0xbcf0, 0xbd11, 0xc552, 0x8264, 0xbd11, 0xe71a, 0xcd93, 0x9bab, 0x9b8a, 0xb44d, 0xcdd5, 0xcd93, 0x9bcb, 0x9bed, 0xc593, 0xb48e, 0xcd93, 0xbd11, 0x8b29, 0xacaf, 0xc593, 0xb44e, 0xcd73, 0xcdd4, 0x9bcb, 0xc551, 0xcd92, 0xac4d, 0xd5f5, 0xc531, 0x9349, 0x9349, 0xcdb4, 0xb48e, 0xbcf0, 0xbd11, 0xac2d, 0xbd51, 0xbd51, 0xe6b7, 0xb4f6, 0x8b76, 0x6956, 0x6077, 0x6077, 0x5876, 0x6077, 0x6077, 0x6077, 0x7177, 0x9bb8, 0x93f6, 0xb538, 0xef5c, 0xf79c, 0xf77b, 0xf738, 0xf6d6, 0xf694, 0xf694, 0xf6b5, 0xf6f8, 0xf73a, 0xf73a, 0xf75b, 0xf75b},
		{0xe632, 0xe654, 0xe654, 0xedac, 0xf568, 0xf5a8, 0xf5a8, 0xf588, 0xf568, 0xed89, 0xee0d, 0xf5cb, 0xf588, 0xf588, 0xed69, 0xee53, 0xeed8, 0xf6b7, 0xf695, 0xee95, 0xd557, 0x89d7, 0x6817, 0x7017, 0x7018, 0x7018, 0x7017, 0x8178, 0x9b72, 0x8b4c, 0x8ae9, 0x9b6a, 0xb4af, 0xa3cc, 0x9bae, 0x9277, 0x78b7, 0x78d7, 0x78d7, 0x78d7, 0x78d7, 0x78d7, 0x9ab8, 0xa3ce, 0xa3eb, 0xa3ec, 0x8b2a, 0x9350, 0x92b7, 0x9b53, 0x9bab, 0xac6e, 0x938a, 0x8b6a, 0xac8e, 0xde33, 0xbcae, 0x9b8a, 0xac2d, 0x936a, 0xc550, 0xee73, 0xb48d, 0x9b6a, 0x938a, 0x8b4a, 0x936a, 0xac2d, 0x936a, 0xb4f1, 0xac6e, 0xa3ab, 0xa40d, 0x8b49, 0xa46e, 0xde76, 0xbcef, 0xabcb, 0xbd11, 0x938a, 0xbd51, 0xeeb4, 0xcd71, 0xa3cb, 0xb46e, 0x936a, 0xa46d, 0xe612, 0xc52f, 0x9b8a, 0x9bcb, 0x8b6a, 0xacaf, 0xa44d, 0x936a, 0x9348, 0x9b89, 0x9baa, 0xbcce, 0xf651, 0xf651, 0xf6d6, 0xb4d6, 0x8b76, 0x6956, 0x6076, 0x6077, 0x6077, 0x6077, 0x6077, 0x7177, 0x9bb8, 0x9416, 0xb538, 0xef7d, 0xf7dd, 0xf7bc, 0xf77b, 0xf718, 0xf6b6, 0xf694, 0xf694, 0xf694, 0xf695, 0xf6b7, 0xf6d8, 0xf73a, 0xf77b},
		{0xee74, 0xee53, 0xee74, 0xedef, 0xed68, 0xf568, 0xf568, 0xed89, 0xeded, 0xe652, 0xe695, 0xee0d, 0xf588, 0xf588, 0xedab, 0xe674, 0xee74, 0xf674, 0xf673, 0xee56, 0xa377, 0x7057, 0x7017, 0x7018, 0x7017, 0x6817, 0x78b7, 0x9238, 0xa358, 0xa398, 0x9b76, 0x8b4f, 0x8b2c, 0x8b2d, 0x92f4, 0x8138, 0x89d7, 0xa378, 0xa358, 0x9af8, 0x9ab8, 0x9278, 0xa318, 0xac74, 0x93cd, 0x938f, 0x8b14, 0x81d7, 0x7057, 0x8a36, 0x9370, 0x938d, 0xa490, 0xc592, 0xe611, 0xedce, 0xcd70, 0x9bec, 0x9bec, 0xc550, 0xe610, 0xedef, 0xcd70, 0x9c0c, 0xacaf, 0xd5f3, 0xb4cf, 0x9c0d, 0xbd51, 0xe6b6, 0xcdd3, 0x9bec, 0x9c4d, 0xc592, 0xe694, 0xf6d4, 0xc551, 0x8b29, 0x8b6a, 0xb4f0, 0xe673, 0xf650, 0xde11, 0xac6e, 0x93cb, 0xb4cf, 0xddf1, 0xedef, 0xddd0, 0xacae, 0xa44d, 0xc570, 0xe5f0, 0xddd0, 0xb4ce, 0x9c0c, 0x93cc, 0x9c0c, 0xd5d1, 0xf630, 0xf610, 0xf6b5, 0xb4d6, 0x8b76, 0x6956, 0x6077, 0x6078, 0x6077, 0x6077, 0x7177, 0x9bd8, 0x9416, 0xb518, 0xef5c, 0xf7bc, 0xf7bc, 0xf7bc, 0xf77b, 0xf6f9, 0xf6b7, 0xf6b6, 0xf695, 0xf695, 0xf695, 0xf696, 0xf696, 0xf718, 0xf719},
		{0xee75, 0xf631, 0xee31, 0xee53, 0xedef, 0xedcd, 0xedee, 0xee52, 0xee96, 0xe676, 0xe653, 0xedaa, 0xf567, 0xed68, 0xee10, 0xee74, 0xf631, 0xf631, 0xf633, 0xddb7, 0x8a17, 0x6817, 0x7017, 0x7017, 0x7057, 0x8a18, 0xb479, 0xd5d8, 0xcd77, 0xb418, 0x89b8, 0x89d9, 0x9238, 0x9218, 0x78f7, 0x8197, 0xc4f6, 0xe6d8, 0xeef9, 0xee99, 0xe6ba, 0xde5a, 0xddd7, 0xde16, 0xde56, 0xcdb7, 0xb3f6, 0x9af6, 0x9ab6, 0x9ad7, 0xac17, 0xcd56, 0xde13, 0xe5cf, 0xe58c, 0xe58c, 0xe5ae, 0xddd0, 0xe5f0, 0xedcf, 0xedad, 0xed8c, 0xedce, 0xee11, 0xee52, 0xf631, 0xf631, 0xee94, 0xeed5, 0xf693, 0xf6b3, 0xee94, 0xeeb4, 0xf6b3, 0xf692, 0xf692, 0xe673, 0xc592, 0xcdb2, 0xee73, 0xf630, 0xf5ee, 0xf60f, 0xee32, 0xe632, 0xf631, 0xf5ce, 0xedad, 0xedcd, 0xee10, 0xe610, 0xedce, 0xedad, 0xe58c, 0xedef, 0xe611, 0xddf1, 0xe5f1, 0xee31, 0xf630, 0xf60f, 0xf6b4, 0xb4d5, 0x8b76, 0x7177, 0x6098, 0x6098, 0x6077, 0x7177, 0x9bd8, 0x9bf6, 0xb4f6, 0xeed9, 0xf6f8, 0xf6f8, 0xf719, 0xf73a, 0xf75b, 0xf75b, 0xf75a, 0xf719, 0xf6d8, 0xf6b7, 0xf6b7, 0xf6b7, 0xf696, 0xf695, 0xf674},
		{0xee54, 0xf610, 0xf60f, 0xee32, 0xee95, 0xee74, 0xee75, 0xee75, 0xee53, 0xee11, 0xe632, 0xed8c, 0xed49, 0xedce, 0xe632, 0xedf0, 0xf5ce, 0xf5ef, 0xf654, 0xd578, 0x81b7, 0x6817, 0x6817, 0x78d7, 0xa318, 0xd577, 0xee76, 0xee33, 0xe614, 0xb417, 0x78d7, 0x7017, 0x7018, 0x7017, 0x7937, 0xbc55, 0xe5f2, 0xf653, 0xf6d7, 0xf6f9, 0xf6d8, 0xf675, 0xf611, 0xedf0, 0xe5cf, 0xe5f0, 0xe5f0, 0xe5d1, 0xddd1, 0xddb2, 0xd571, 0xddb0, 0xe58d, 0xe56c, 0xe56b, 0xe56b, 0xe56b, 0xe56b, 0xed6b, 0xed6b, 0xed6b, 0xed6b, 0xed8c, 0xf5ad, 0xf630, 0xf60f, 0xf5cd, 0xf5ee, 0xf62f, 0xf650, 0xf650, 0xf651, 0xf650, 0xf651, 0xf692, 0xf671, 0xf651, 0xf651, 0xf650, 0xf650, 0xf60f, 0xf5cd, 0xf5ee, 0xf652, 0xf673, 0xf631, 0xf5ee, 0xedac, 0xed8c, 0xed8c, 0xed8b, 0xed8c, 0xed8c, 0xe58b, 0xe58b, 0xe56b, 0xed8c, 0xed8c, 0xed8c, 0xf5ad, 0xf5ef, 0xf694, 0xb4d5, 0x9396, 0x7198, 0x6098, 0x6077, 0x7177, 0x9bd9, 0x9c16, 0xb4d5, 0xee76, 0xf673, 0xf673, 0xf654, 0xf675, 0xf6d8, 0xf73a, 0xf75b, 0xf79d, 0xf7bd, 0xf75b, 0xf6f9, 0xf6d8, 0xf6d8, 0xf696, 0xf675, 0xf673},
		{0xee53, 0xf610, 0xf60f, 0xf610, 0xf610, 0xf5f0, 0xf5ef, 0xf5f0, 0xf610, 0xedef, 0xe5f0, 0xe5f1, 0xe5f0, 0xe611, 0xe5d0, 0xed8d, 0xedad, 0xf60f, 0xf695, 0xe638, 0xa337, 0x7937, 0x89b7, 0xb3f6, 0xddd5, 0xee12, 0xedf0, 0xedf0, 0xccf5, 0x89b7, 0x7017, 0x7017, 0x7017, 0x78d7, 0xb3d6, 0xddb1, 0xedad, 0xf611, 0xf6b6, 0xf696, 0xf612, 0xf5ce, 0xed8d, 0xed8c, 0xed8c, 0xed8c, 0xe58c, 0xed8d, 0xedad, 0xe56c, 0xe56b, 0xe54b, 0xe54b, 0xe54a, 0xe54a, 0xe54a, 0xe54b, 0xed6a, 0xe54a, 0xe54a, 0xe54a, 0xed4a, 0xed6b, 0xed8c, 0xedef, 0xf5cd, 0xf5ac, 0xf5cd, 0xf5ac, 0xf5cd, 0xf5ee, 0xf60f, 0xf60f, 0xf62f, 0xf650, 0xf650, 0xf62f, 0xf60f, 0xf5ee, 0xf60e, 0xf630, 0xf5cd, 0xf5cd, 0xf673, 0xf6d8, 0xf654, 0xf5ce, 0xf5ad, 0xedac, 0xed8b, 0xed6b, 0xed6b, 0xe56a, 0xe54a, 0xe54a, 0xe54a, 0xe54a, 0xe54a, 0xed6b, 0xed8c, 0xedcd, 0xf694, 0xacd5, 0x9397, 0x7178, 0x6077, 0x7177, 0x9bd9, 0x9c16, 0xb4d5, 0xee54, 0xf610, 0xf5ef, 0xf60f, 0xf631, 0xf653, 0xf674, 0xf6d7, 0xf6b7, 0xf73a, 0xf79c, 0xf79c, 0xf75b, 0xf73a, 0xf71a, 0xf6d8, 0xf696, 0xf674},
		{0xee31, 0xf5ee, 0xf5ce, 0xf5cd, 0xf58b, 0xf58b, 0xf58b, 0xf5ac, 0xedac, 0xed8c, 0xed8c, 0xe58d, 0xe5ae, 0xe58d, 0xed6c, 0xed6b, 0xed6b, 0xf5ad, 0xf5f0, 0xee12, 0xdd93, 0xc493, 0xccf3, 0xe5b1, 0xedf0, 0xedcf, 0xedce, 0xdd93, 0x9ad7, 0x7037, 0x7017, 0x7017, 0x70b7, 0xa356, 0xddb2, 0xedad, 0xed6b, 0xf5ad, 0xf5ef, 0xf5ce, 0xf5ad, 0xed6b, 0xe54a, 0xe54a, 0xe54a, 0xe56b, 0xed6b, 0xed6b, 0xed8c, 0xe56b, 0xe54a, 0xe529, 0xe549, 0xe529, 0xe529, 0xe549, 0xe56a, 0xe54a, 0xe529, 0xe549, 0xe54a, 0xe54a, 0xed4a, 0xed6a, 0xed8b, 0xed6b, 0xf58b, 0xf5ee, 0xf5cd, 0xf56b, 0xf58b, 0xf5ac, 0xf5cd, 0xf5cd, 0xf5ee, 0xf60e, 0xf5cd, 0xf5ac, 0xf58b, 0xf5ab, 0xf5ef, 0xf5cd, 0xf5ac, 0xf5f0, 0xf6b7, 0xf696, 0xf5ef, 0xf5ad, 0xf5ad, 0xedac, 0xed6b, 0xed6a, 0xe54a, 0xe529, 0xe529, 0xe529, 0xe529, 0xe529, 0xed6a, 0xedac, 0xedad, 0xee73, 0xacd5, 0x9397, 0x7178, 0x7158, 0x9bb9, 0x9c16, 0xb4d5, 0xe633, 0xedce, 0xed8c, 0xed8c, 0xf5ac, 0xf5ce, 0xf5ef, 0xf5cf, 0xf5f0, 0xf633, 0xf697, 0xf6f9, 0xf73a, 0xf77b, 0xf79c, 0xf77b, 0xf73a, 0xf6f9, 0xf6b7},
		{0xee10, 0xf5ee, 0xf5ee, 0xf5ac, 0xed6a, 0xed49, 0xed49, 0xed49, 0xed49, 0xed49, 0xe529, 0xe529, 0xe549, 0xe529, 0xe549, 0xe549, 0xed6b, 0xedcd, 0xed6c, 0xed6b, 0xe56c, 0xe56d, 0xe56d, 0xed6c, 0xedae, 0xe5cf, 0xe5f2, 0xb416, 0x78d7, 0x7017, 0x7017, 0x7097, 0xa316, 0xd551, 0xe5ae, 0xed6b, 0xe529, 0xe549, 0xed4a, 0xed6b, 0xed4a, 0xe529, 0xe529, 0xe529, 0xe549, 0xe54a, 0xe54a, 0xe529, 0xe54a, 0xe56a, 0xe529, 0xe508, 0xdd08, 0xdd08, 0xe508, 0xe529, 0xe529, 0xe529, 0xe508, 0xe508, 0xe529, 0xe549, 0xe549, 0xe529, 0xed49, 0xed49, 0xed4a, 0xf58b, 0xf58b, 0xf56a, 0xed6a, 0xf56a, 0xf56a, 0xed6a, 0xed6a, 0xf5ab, 0xf56a, 0xed49, 0xed49, 0xf56a, 0xf5ac, 0xf5ad, 0xf56b, 0xf5ac, 0xf632, 0xf6b7, 0xf612, 0xf5ad, 0xf5ac, 0xedac, 0xed8b, 0xed6a, 0xe549, 0xe529, 0xe528, 0xe508, 0xe508, 0xe528, 0xe529, 0xe54a, 0xe56b, 0xee31, 0xacb5, 0x9397, 0x8278, 0x9bb9, 0x93f6, 0xb4b4, 0xe612, 0xedad, 0xed4a, 0xed49, 0xed49, 0xed4a, 0xed6b, 0xf56b, 0xf58c, 0xf5ad, 0xf5f1, 0xf6b8, 0xf71a, 0xf6f9, 0xf71a, 0xf77b, 0xf79c, 0xf79c, 0xf77c, 0xf75b},
		{0xf631, 0xf631, 0xf651, 0xf60f, 0xed6b, 0xe528, 0xe508, 0xe508, 0xe508, 0xe508, 0xe508, 0xe508, 0xe508, 0xe508, 0xe549, 0xe549, 0xe549, 0xe56b, 0xe529, 0xe508, 0xe509, 0xe529, 0xe52a, 0xe56c, 0xd530, 0xc493, 0xbc76, 0x89b7, 0x6817, 0x6817, 0x7097, 0x9ad6, 0xcd10, 0xdd4b, 0xe529, 0xe508, 0xe507, 0xe4e7, 0xe508, 0xe508, 0xe508, 0xe508, 0xe508, 0xe528, 0xe529, 0xe529, 0xe528, 0xe528, 0xe529, 0xe508, 0xdce7, 0xdce7, 0xdce7, 0xdce7, 0xdce7, 0xe528, 0xe528, 0xe507, 0xdce7, 0xe507, 0xe508, 0xe528, 0xe528, 0xe508, 0xed28, 0xed28, 0xed49, 0xf58b, 0xf56a, 0xf549, 0xf54a, 0xf56a, 0xed6a, 0xed49, 0xed6a, 0xf5cc, 0xed49, 0xed28, 0xed28, 0xed48, 0xf58a, 0xf58b, 0xed49, 0xed6a, 0xf58d, 0xf653, 0xf652, 0xf58c, 0xf56b, 0xed8b, 0xf58b, 0xed4a, 0xe508, 0xe528, 0xe508, 0xe508, 0xe508, 0xe507, 0xe507, 0xe507, 0xe529, 0xe610, 0xacb4, 0xa458, 0xac9a, 0x93f6, 0xb4b4, 0xe611, 0xe58b, 0xe549, 0xe528, 0xe508, 0xe528, 0xed29, 0xe529, 0xed49, 0xed4a, 0xed6b, 0xf5ae, 0xf655, 0xf6d9, 0xf71a, 0xf73b, 0xf73b, 0xf75a, 0xf75b, 0xf77c, 0xf79c},
		{0xf695, 0xf694, 0xf672, 0xf60f, 0xed6a, 0xe507, 0xe4e7, 0xe4e6, 0xdce7, 0xe4e7, 0xe4e7, 0xdce6, 0xdce7, 0xe4e7, 0xe528, 0xe528, 0xe4e7, 0xe4e7, 0xe4e7, 0xdce7, 0xdce8, 0xe509, 0xe54b, 0xdd70, 0xa335, 0x7917, 0x7917, 0x7037, 0x6817, 0x7097, 0x9ad5, 0xcd10, 0xd509, 0xdce6, 0xdcc6, 0xdcc6, 0xdcc6, 0xdce6, 0xdce6, 0xdcc6, 0xdce6, 0xdce7, 0xe507, 0xe507, 0xe507, 0xe507, 0xe549, 0xed6a, 0xe528, 0xdce7, 0xdcc6, 0xdcc6, 0xdcc6, 0xdcc6, 0xdcc5, 0xdce6, 0xe4e7, 0xe507, 0xe4e7, 0xe507, 0xe4e7, 0xdce6, 0xe507, 0xe507, 0xe508, 0xed29, 0xed4a, 0xedac, 0xedac, 0xf56a, 0xed48, 0xed49, 0xed6a, 0xed28, 0xed69, 0xedab, 0xed28, 0xed07, 0xed07, 0xed28, 0xed6a, 0xed8a, 0xed48, 0xed28, 0xed49, 0xf58c, 0xf5ac, 0xed49, 0xf549, 0xf58c, 0xf5ac, 0xed49, 0xe507, 0xe4e6, 0xe4e7, 0xe528, 0xe528, 0xe528, 0xe527, 0xdce6, 0xdd07, 0xe5ef, 0xac93, 0xa476, 0x9c36, 0xacb4, 0xe5f1, 0xe56a, 0xdd07, 0xdd06, 0xe507, 0xe4e6, 0xe507, 0xe507, 0xe507, 0xe508, 0xe529, 0xedcc, 0xf5cd, 0xf5cf, 0xf613, 0xf676, 0xf6d9, 0xf73b, 0xf75b, 0xf71a, 0xf6f9, 0xf71a},
		{0xf673, 0xf630, 0xf60e, 0xf5cd, 0xed69, 0xe507, 0xdcc5, 0xdcc5, 0xdcc5, 0xdcc5, 0xdcc6, 0xdcc6, 0xe4e6, 0xe4e6, 0xe4e6, 0xe507, 0xe507, 0xe4e7, 0xdce7, 0xdce8, 0xdd2a, 0xdd6e, 0xddb2, 0xb3f6, 0x78f7, 0x6817, 0x7017, 0x7017, 0x78b7, 0xa315, 0xcd30, 0xdd29, 0xdcc5, 0xdca4, 0xd4a4, 0xdca4, 0xdca4, 0xdcc5, 0xdcc5, 0xdca5, 0xdcc5, 0xdcc6, 0xdce6, 0xdcc6, 0xdcc6, 0xe4e7, 0xed6a, 0xed8c, 0xe507, 0xdce6, 0xdcc6, 0xdcc5, 0xdcc5, 0xdcc5, 0xd4a4, 0xd4a4, 0xdca4, 0xdcc5, 0xe507, 0xe507, 0xdcc5, 0xdcc5, 0xdce5, 0xe4e6, 0xe507, 0xed6a, 0xf58c, 0xf5ad, 0xf5ad, 0xf56a, 0xed07, 0xed07, 0xed28, 0xed07, 0xe4e6, 0xe507, 0xed07, 0xed27, 0xed28, 0xed28, 0xed49, 0xed48, 0xed07, 0xe507, 0xe507, 0xed07, 0xed28, 0xed28, 0xed49, 0xf631, 0xf652, 0xed6a, 0xe507, 0xdcc6, 0xdce6, 0xe4e6, 0xe4e6, 0xe506, 0xdce5, 0xdcc4, 0xdce6, 0xe5ad, 0xa3f1, 0x7291, 0xac93, 0xddd0, 0xe549, 0xdce6, 0xe4e6, 0xe4e5, 0xdce5, 0xdcc5, 0xdcc5, 0xdce5, 0xdce5, 0xe4e6, 0xe528, 0xee2f, 0xeded, 0xed4a, 0xf5ad, 0xf5d0, 0xf5f2, 0xf656, 0xf6d9, 0xf71b, 0xf71b, 0xf6d9},
		{0xf5ee, 0xf5cd, 0xedcd, 0xedab, 0xed48, 0xe4e5, 0xdcc4, 0xdcc5, 0xdcc5, 0xdcc5, 0xe4c5, 0xe4e6, 0xe507, 0xe507, 0xdce6, 0xdce6, 0xdce6, 0xdcc6, 0xd509, 0xcccf, 0xab93, 0xa315, 0x9ab7, 0x8117, 0x6817, 0x7017, 0x7017, 0x6817, 0x9276, 0xcd30, 0xdd29, 0xdce6, 0xdca4, 0xd484, 0xd484, 0xd484, 0xd484, 0xd484, 0xd4a4, 0xdca4, 0xdce6, 0xe507, 0xe4e6, 0xe4c6, 0xe4e6, 0xe506, 0xe548, 0xe549, 0xe4e6, 0xdce5, 0xdcc5, 0xdcc5, 0xdca4, 0xd4a4, 0xd484, 0xd484, 0xd484, 0xdca4, 0xdcc4, 0xdcc5, 0xdca4, 0xdca4, 0xdca4, 0xdcc5, 0xe4e6, 0xed49, 0xf58c, 0xf5ce, 0xf5cd, 0xed49, 0xed07, 0xe506, 0xed06, 0xe4e5, 0xe4e5, 0xe506, 0xed27, 0xed27, 0xed26, 0xe506, 0xed06, 0xed27, 0xed07, 0xe506, 0xe506, 0xe506, 0xe507, 0xe506, 0xed08, 0xf5ce, 0xf5ef, 0xed49, 0xe527, 0xdcc5, 0xdca4, 0xdcc4, 0xdce5, 0xdcc5, 0xdca4, 0xd4a4, 0xd4c5, 0xdd4a, 0xa3ed, 0x9bae, 0xdd8e, 0xdd29, 0xdcc5, 0xe506, 0xe549, 0xe507, 0xe4e5, 0xdcc4, 0xdcc4, 0xdcc4, 0xdcc4, 0xdcc4, 0xdcc5, 0xe528, 0xe528, 0xe4e7, 0xed29, 0xed4b, 0xf56c, 0xf5ae, 0xf5f2, 0xf696, 0xf77c, 0xf77c},
		{0xedac, 0xedab, 0xed8a, 0xe549, 0xe507, 0xdca4, 0xdca4, 0xdca4, 0xdca4, 0xdca4, 0xe4c5, 0xe507, 0xed6a, 0xe507, 0xdcc5, 0xdca4, 0xd4a4, 0xd4e8, 0xbc70, 0x9255, 0x7097, 0x6817, 0x7017, 0x7017, 0x7018, 0x7018, 0x7017, 0x6837, 0xa354, 0xdd6c, 0xdce6, 0xdca4, 0xdca4, 0xdca4, 0xdca4, 0xdca4, 0xd484, 0xd483, 0xd483, 0xdca4, 0xdce6, 0xe506, 0xed49, 0xed49, 0xe506, 0xe506, 0xe507, 0xe4e6, 0xdcc5, 0xdcc4, 0xd4a4, 0xd4a4, 0xd484, 0xd483, 0xd483, 0xd484, 0xd4a4, 0xd4a5, 0xd484, 0xd484, 0xd484, 0xdc84, 0xdca4, 0xdca4, 0xe4e5, 0xed07, 0xf54a, 0xf5ac, 0xf58b, 0xed28, 0xece6, 0xed06, 0xe506, 0xe4c4, 0xe4c4, 0xed48, 0xf5ec, 0xed89, 0xe4e5, 0xe4c4, 0xe4e5, 0xed48, 0xed48, 0xed06, 0xe506, 0xe4e6, 0xe4e5, 0xe4c4, 0xe4e5, 0xece6, 0xece6, 0xe4e6, 0xdce5, 0xdcc4, 0xd484, 0xdca4, 0xdce5, 0xdce6, 0xd484, 0xd483, 0xd484, 0xd4c6, 0xccc9, 0xd4e9, 0xd4e7, 0xd4a5, 0xd4a4, 0xe4e6, 0xed6a, 0xed8b, 0xed28, 0xe4c5, 0xdcc4, 0xdcc4, 0xdca4, 0xdca4, 0xdca4, 0xdca4, 0xdca4, 0xdcc5, 0xe4c5, 0xe4e6, 0xe507, 0xed29, 0xed4a, 0xf5ae, 0xf695, 0xf6b7},
		{0xed8a, 0xe569, 0xe549, 0xe528, 0xe4e5, 0xdca4, 0xdc84, 0xdc84, 0xdca4, 0xe4c4, 0xe4e5, 0xe506, 0xe527, 0xe4c5, 0xdc84, 0xd463, 0xd485, 0xccec, 0x9295, 0x6837, 0x7017, 0x7017, 0x7017, 0x7018, 0x7018, 0x7018, 0x7017, 0x8157, 0xbc72, 0xdd29, 0xdcc5, 0xdca4, 0xe4c4, 0xe507, 0xe527, 0xdcc5, 0xdc84, 0xd484, 0xd484, 0xd484, 0xdca4, 0xe4c4, 0xed69, 0xed8b, 0xed28, 0xed28, 0xe507, 0xdcc5, 0xdcc4, 0xd4a4, 0xd484, 0xdc84, 0xd484, 0xd483, 0xd484, 0xd464, 0xd484, 0xd484, 0xd464, 0xd484, 0xd484, 0xdca4, 0xdca4, 0xdca4, 0xecc5, 0xed27, 0xed28, 0xed07, 0xece6, 0xe4c5, 0xe4c5, 0xed07, 0xed27, 0xe4c4, 0xdcc4, 0xedaa, 0xf670, 0xf60c, 0xe506, 0xdca3, 0xe4c4, 0xed28, 0xed8a, 0xece6, 0xe4c5, 0xe4c4, 0xdcc4, 0xdcc4, 0xdcc4, 0xdca4, 0xdca4, 0xd484, 0xd463, 0xd483, 0xd484, 0xd484, 0xdcc5, 0xdcc5, 0xd483, 0xd464, 0xd464, 0xd484, 0xd4a5, 0xd4a5, 0xd484, 0xd484, 0xdca4, 0xdca4, 0xed07, 0xed6a, 0xed8b, 0xed48, 0xe4c4, 0xdce5, 0xdcc4, 0xdc83, 0xd483, 0xd484, 0xd484, 0xdca4, 0xdcc4, 0xdcc4, 0xe4c5, 0xe4e6, 0xe4e7, 0xed08, 0xed4a, 0xf56c},
		{0xe569, 0xe528, 0xdcc7, 0xd4a5, 0xd464, 0xd463, 0xdc84, 0xdc84, 0xdcc4, 0xdca4, 0xdc84, 0xdc84, 0xdc84, 0xd483, 0xd463, 0xd484, 0xd4a5, 0xcced, 0x8a16, 0x6817, 0x7017, 0x7018, 0x7018, 0x7018, 0x7036, 0x7074, 0x7093, 0x8a13, 0xc4ae, 0xdcc6, 0xdc84, 0xe4c4, 0xe507, 0xed48, 0xed48, 0xed06, 0xe4c4, 0xdca4, 0xd484, 0xd464, 0xd484, 0xe4c5, 0xed27, 0xf58c, 0xf58c, 0xed6a, 0xe506, 0xdca4, 0xcc64, 0xcc43, 0xcc43, 0xd463, 0xdca4, 0xdcc4, 0xdca4, 0xd463, 0xd463, 0xcc43, 0xd464, 0xd464, 0xd484, 0xd484, 0xdca4, 0xe4e5, 0xed48, 0xed6a, 0xdce7, 0xdc64, 0xdca4, 0xe4a4, 0xece5, 0xed6a, 0xed69, 0xe4c4, 0xe4c4, 0xe569, 0xe5ac, 0xe549, 0xe4e5, 0xdca4, 0xe4c4, 0xece6, 0xed6a, 0xed07, 0xe4a4, 0xdca4, 0xdc84, 0xd463, 0xbc03, 0xc403, 0xc403, 0xb3c3, 0xb405, 0xb3e4, 0xc403, 0xcc23, 0xd485, 0xd4a5, 0xdc83, 0xd464, 0xcc43, 0xc403, 0xc423, 0xcc43, 0xd464, 0xd4a4, 0xd4a4, 0xd484, 0xd464, 0xd464, 0xd4c8, 0xd4e9, 0xd485, 0xcc23, 0xb3c3, 0xb3a2, 0xb3a3, 0xbbe2, 0xcc23, 0xd463, 0xdca4, 0xdca4, 0xdca4, 0xdc84, 0xd464, 0xdc85, 0xdc85, 0xd466},
		{0xd4e8, 0xbc46, 0xbc68, 0xbc68, 0xbc47, 0xb3c4, 0xcc23, 0xdc84, 0xdc84, 0xd483, 0xd463, 0xd463, 0xd463, 0xd463, 0xd463, 0xd484, 0xd4a5, 0xd52d, 0xa316, 0x6817, 0x7018, 0x7018, 0x7017, 0x7055, 0x81ae, 0x9b0c, 0x9b4d, 0xa3ac, 0xb408, 0xcc44, 0xdcc5, 0xe527, 0xed27, 0xe4e5, 0xed06, 0xed8a, 0xed27, 0xdca4, 0xd484, 0xd484, 0xdc84, 0xe4c5, 0xed6a, 0xedce, 0xf5ce, 0xed49, 0xdca4, 0xbc03, 0xb406, 0xbc68, 0xbc68, 0xb426, 0xbbe3, 0xd484, 0xd484, 0xd464, 0xd464, 0xcc64, 0xcc44, 0xcc44, 0xd463, 0xd464, 0xd484, 0xe4e6, 0xed6a, 0xdd2b, 0xbc47, 0xb405, 0xcc23, 0xdca4, 0xece6, 0xed8c, 0xe52a, 0xc3e3, 0xc403, 0xc424, 0xb468, 0xbc26, 0xcc84, 0xdcc4, 0xe4c4, 0xed07, 0xed49, 0xe506, 0xdca4, 0xd484, 0xd464, 0xbbc3, 0xb448, 0xac07, 0xa342, 0xac49, 0xc570, 0xb469, 0xabe6, 0xbc68, 0xbc69, 0xbc47, 0xbbe3, 0xc3e3, 0xb3e4, 0xb469, 0xb469, 0xb3e5, 0xb3a2, 0xb3e4, 0xb405, 0xbc47, 0xbc88, 0xbcaa, 0xbc69, 0xb469, 0xbc89, 0xb428, 0xbced, 0xb4ab, 0xbd0e, 0xbccc, 0xb3e6, 0xc403, 0xc403, 0xbbc2, 0xbbc2, 0xb3c4, 0xb406, 0xb3a4, 0xb427, 0xbccb},
		{0xc425, 0xbcab, 0xd655, 0xcdb2, 0xcdd3, 0xc54f, 0xb406, 0xc403, 0xc403, 0xc403, 0xc403, 0xc403, 0xc403, 0xc403, 0xc403, 0xcc43, 0xcc44, 0xc489, 0xa310, 0x7093, 0x7055, 0x78b1, 0x78d0, 0x814d, 0xa3cb, 0xd634, 0xcdd2, 0xcdd2, 0xc591, 0xb427, 0xc424, 0xcc44, 0xcc23, 0xd463, 0xd484, 0xd4a6, 0xcc65, 0xc403, 0xcc43, 0xcc63, 0xcc23, 0xcc65, 0xdce8, 0xe4e7, 0xdca7, 0xd465, 0xc403, 0xb427, 0xcdf2, 0xcdf3, 0xcdb2, 0xcdf3, 0xb4ab, 0xb3a2, 0xc3e3, 0xbbe3, 0xc403, 0xc403, 0xc403, 0xcc43, 0xc403, 0xbc03, 0xc423, 0xcc23, 0xd4a6, 0xbc27, 0xbced, 0xbd2e, 0xab82, 0xd443, 0xdc64, 0xd4c8, 0xbc26, 0xb469, 0xb448, 0x9b22, 0xb48b, 0xac28, 0xb3c2, 0xcc23, 0xd464, 0xe4e7, 0xdca7, 0xd444, 0xc403, 0xc403, 0xbbe4, 0xac07, 0xd634, 0xcdb1, 0xac28, 0xc570, 0xbced, 0xb48b, 0xcdf3, 0xcdd2, 0xcdb2, 0xcdf3, 0xbc8a, 0xabc6, 0xcd90, 0xcdf3, 0xcdf3, 0xcdd2, 0xbccc, 0xcd70, 0xcdf3, 0xd635, 0xded8, 0xde97, 0xc570, 0xbd0d, 0xd613, 0xd634, 0xdeb8, 0xd656, 0xde97, 0xcdf3, 0xac28, 0xab62, 0xb448, 0xbd2e, 0xa3c6, 0xac49, 0xc54f, 0xa3e7, 0xb48b, 0xce13},
		{0xc466, 0xc52f, 0xd614, 0xa386, 0xabe8, 0xd614, 0xc52e, 0xb407, 0xbccb, 0xbccb, 0xabe6, 0xb407, 0xbc8a, 0xbccb, 0xb469, 0xaba3, 0xb406, 0xbccc, 0xb46d, 0x9aeb, 0x926a, 0xabcd, 0xb44e, 0xa369, 0xb4cd, 0xd635, 0xa3e8, 0xa3c7, 0xcdf3, 0xc550, 0xac07, 0xbccb, 0xbccb, 0xb427, 0xb3e5, 0xbc69, 0xbc8a, 0xbcaa, 0xb3e5, 0xb3c4, 0xbc89, 0xbcec, 0xbc69, 0xb3e5, 0xbc89, 0xbcec, 0xb428, 0xb48b, 0xd655, 0xb48b, 0xa3e7, 0xcdb1, 0xcdd2, 0xa3c6, 0xbcab, 0xbccb, 0xabe6, 0xb407, 0xb406, 0xb3a2, 0xb3e5, 0xac07, 0xabc5, 0xbcaa, 0xbccb, 0xabc6, 0xc54f, 0xd5f3, 0xabe7, 0xb3c4, 0xb3e4, 0xb449, 0xb449, 0xd655, 0xd5f3, 0xa3c7, 0xac29, 0xabe7, 0xabc5, 0xbccb, 0xbcaa, 0xb3e6, 0xb448, 0xbcaa, 0xbccb, 0xb448, 0xac08, 0xcdd2, 0xe6f9, 0xdeb7, 0xcdf3, 0xd655, 0xbced, 0xb46a, 0xd634, 0xac29, 0xa3a6, 0xcdb1, 0xcdb2, 0xc54f, 0xd613, 0xa3a7, 0xa386, 0xc52e, 0xbced, 0xb4ac, 0xb4ac, 0xd614, 0xd655, 0xc54f, 0xb4cd, 0xb48b, 0xc591, 0xcdf3, 0xe6f9, 0xd635, 0xcdd3, 0xcdd3, 0xac07, 0xabc6, 0xd614, 0xded8, 0xcdd2, 0xac49, 0xa3c7, 0x9b03, 0xa385, 0xc5b1},
		{0xcca7, 0xc54f, 0xcdb1, 0x9ae2, 0x9ae2, 0xc54f, 0xd614, 0xbd50, 0xd634, 0xde97, 0xcdb1, 0xcdd2, 0xde76, 0xc591, 0xd655, 0xbd2e, 0xc591, 0xcdd2, 0xcdb2, 0xbd2f, 0xc550, 0xd635, 0xd614, 0xd614, 0xcdd3, 0xcdf3, 0x9b23, 0x9ac1, 0xbccd, 0xd634, 0xbd4f, 0xd634, 0xde76, 0xcdf3, 0xbd2f, 0xde96, 0xcdb1, 0xd634, 0xc570, 0xc52e, 0xd5f3, 0xcd91, 0xc591, 0xcd91, 0xd635, 0xcdf3, 0xd635, 0xcdd2, 0xdeb7, 0xd613, 0xcdd2, 0xd656, 0xc570, 0xc591, 0xd635, 0xd634, 0xcdd2, 0xcdd2, 0xc570, 0x9b63, 0xc54f, 0xcdd2, 0xc570, 0xcdd2, 0xcdd2, 0xc570, 0xcdd3, 0xdeb7, 0xcdb1, 0xabe6, 0xac28, 0xcdf3, 0xc54f, 0xdeb8, 0xde96, 0xb48b, 0xcdb1, 0xcdb1, 0xcdb1, 0xcdb1, 0xcdd2, 0xbd2f, 0xcdf3, 0xd655, 0xcdb2, 0xd634, 0xb48a, 0xc570, 0xd634, 0xbd2e, 0xd635, 0xd634, 0xcdb1, 0xb4ac, 0xdeb7, 0xcd91, 0xc54f, 0xd655, 0xc550, 0xcdd2, 0xbd0d, 0x9ac1, 0x9aa1, 0x92c1, 0x92a1, 0x8a60, 0xa365, 0xcdf3, 0xb48b, 0xb44a, 0xbd0d, 0xc52e, 0xdeb7, 0xdeb7, 0xe6d8, 0xd656, 0xd676, 0xe73a, 0xbced, 0xc570, 0xcdd2, 0xac29, 0xcdf3, 0xcdb1, 0x9b44, 0x9b65, 0xcdb1, 0xde97},
		{0xc424, 0xc54e, 0xcdb2, 0xa364, 0xabc5, 0xcdd2, 0xd634, 0xc5b2, 0xc591, 0xd614, 0xd676, 0xd676, 0xcd91, 0x9303, 0xcdd2, 0xe6d8, 0xd635, 0xa3a6, 0x9b44, 0xb4ac, 0xd676, 0xcdf3, 0xbcee, 0xcdf3, 0xd655, 0xcdf3, 0xa384, 0xa343, 0xc570, 0xd635, 0xc5b1, 0xcdb2, 0xcdf3, 0xde97, 0xcdd2, 0xd635, 0xa386, 0xb4cd, 0xdeb7, 0xde96, 0xb4ac, 0x9302, 0xac4a, 0xde97, 0xd635, 0xb4ed, 0xcdf4, 0xd635, 0xd676, 0xc52f, 0xc570, 0xdeb7, 0xc591, 0xde96, 0xcdb2, 0xbd2f, 0xcdd2, 0xbd2f, 0xd634, 0xc54f, 0xd634, 0xc591, 0xd634, 0xac08, 0xa3c7, 0xd614, 0xdeb7, 0xded8, 0xcdf3, 0xabe7, 0xb46a, 0xd634, 0xa3e8, 0xcdb2, 0xc54f, 0x9323, 0xcdd2, 0xded8, 0xd634, 0x9b65, 0xb46b, 0xd655, 0xdeb7, 0xc52f, 0x9b44, 0xd613, 0xbd2e, 0xc591, 0xc52f, 0xb46a, 0xd614, 0xb4ab, 0xac4a, 0xb4ab, 0xdeb7, 0xcdb1, 0xc54f, 0xbced, 0x9b86, 0xcd91, 0xc570, 0xab63, 0xab63, 0xac08, 0xa3a6, 0x9b01, 0xb428, 0xd614, 0xac29, 0x9323, 0x9323, 0x9b64, 0xd635, 0xef7c, 0xded8, 0xde96, 0xdeb7, 0xde96, 0xb48b, 0xbd2e, 0xabe8, 0x92a1, 0xa3c7, 0xd634, 0xcd91, 0xb4ac, 0xc591, 0xc591},
		{0xc466, 0xc52e, 0xdeb8, 0xc570, 0xcdd2, 0xd614, 0xc570, 0xdeb7, 0xd634, 0xd655, 0xdeb7, 0xded8, 0xc54f, 0x92c1, 0xcdb1, 0xd655, 0xd614, 0xc570, 0xc550, 0xc54f, 0xcdf3, 0xd655, 0xcdb1, 0xcdf3, 0xcdd2, 0xdeb7, 0xcdb1, 0xcdb1, 0xd634, 0xc54f, 0xd676, 0xd655, 0xd634, 0xe6f8, 0xd634, 0xd5f2, 0x9b44, 0xbcab, 0xde75, 0xd614, 0xd5f3, 0xbd2e, 0xc591, 0xd634, 0xd676, 0xcdb1, 0xd614, 0xcdd2, 0xd5f3, 0xa385, 0x9b03, 0xcd91, 0xd655, 0xd655, 0xd634, 0xcdd2, 0xc591, 0xa3c6, 0xc570, 0xe73a, 0xcd91, 0xa3c7, 0xcdd2, 0xcd91, 0xc591, 0xcdd2, 0xd634, 0xd676, 0xd614, 0xcdb1, 0xcdf3, 0xd676, 0xa3c7, 0xc570, 0xde75, 0xbced, 0xd634, 0xd614, 0xd614, 0xc550, 0xcdd2, 0xcdb2, 0xd655, 0xbd0d, 0x9b23, 0xcdd2, 0xd614, 0xcdf3, 0xcd91, 0xd655, 0xcdd2, 0x9b03, 0x8a81, 0xb46a, 0xcdf3, 0x9b44, 0x8a61, 0x8a61, 0x9aa1, 0xb46a, 0xd635, 0xc590, 0xc591, 0xd635, 0xb46a, 0xb3a2, 0xabe5, 0xcd91, 0xd634, 0xcd90, 0xa3e7, 0xabe7, 0xded8, 0xe73a, 0xdeb7, 0xd635, 0xd676, 0xcdf3, 0xa3a6, 0x92e2, 0x9ae2, 0xab63, 0x9ae2, 0xabe8, 0xcdd2, 0xb46a, 0xabe7, 0xd634},
		{0xc465, 0xabe7, 0xbced, 0xc52e, 0xbced, 0xa3c7, 0x9b24, 0xb4ab, 0xc54f, 0xbd0e, 0xbced, 0xbced, 0xac08, 0x9b21, 0xac48, 0xac28, 0xac28, 0xc54e, 0xc54e, 0xac08, 0xa3c7, 0xbd0e, 0xc54f, 0xb48b, 0xabe8, 0xbccc, 0xc52e, 0xbd0d, 0xac08, 0x9b04, 0xb46a, 0xc54f, 0xbd2e, 0xbd0d, 0xb4ab, 0xb449, 0xa343, 0xabe6, 0xac4a, 0xa3c7, 0xbd0d, 0xc54f, 0xb48b, 0xa3e7, 0xbced, 0xc54f, 0xbccc, 0xac29, 0xac4a, 0xa384, 0xa302, 0xa3a6, 0xb46a, 0xac29, 0xc52e, 0xc54f, 0xb44a, 0x9b03, 0xa386, 0xbced, 0xa3a7, 0x92a1, 0xa3a7, 0xbd0e, 0xc50e, 0xa3e7, 0xac08, 0xac49, 0xac49, 0xc54f, 0xbd0e, 0xb48b, 0x9b44, 0xabe8, 0xbd4f, 0xb48b, 0xb48b, 0xa3e8, 0xac08, 0xc52e, 0xbced, 0xa3a6, 0xac49, 0xb429, 0xab85, 0xac29, 0xb4ab, 0xac29, 0xac49, 0xc52e, 0xac07, 0xa342, 0xab42, 0xabc6, 0xb46a, 0xaba5, 0xbbe6, 0xbbc3, 0xbbc3, 0xa323, 0xac09, 0xc52f, 0xc54f, 0xac2a, 0x9b23, 0xbc04, 0xab63, 0x9b65, 0xb4ac, 0xbd0e, 0xa3c7, 0xb449, 0xcdd2, 0xcdb2, 0xcdd2, 0xcdd2, 0xcdf3, 0xcdf2, 0xac49, 0xa343, 0xbc05, 0xc445, 0xb3a4, 0x92c2, 0x9324, 0x9b23, 0x9b44, 0xb4ac},
		{0xc424, 0xa322, 0x8a81, 0x8a81, 0x8a81, 0x9ac2, 0x9ae2, 0x9281, 0x8a81, 0x8a81, 0x9281, 0x8a80, 0x9ae1, 0xb3a2, 0x92e1, 0x92c1, 0x92c1, 0x8a81, 0x8aa2, 0x8225, 0x8206, 0x8a82, 0x8a81, 0x92a1, 0x9aa1, 0x8a81, 0x8a81, 0x9281, 0x92a1, 0x9ae2, 0x92a1, 0x8a81, 0x8a81, 0x8a81, 0x8a81, 0x8a81, 0xab63, 0x9b22, 0x8aa1, 0x92c1, 0x8aa1, 0x8a81, 0x92a1, 0x9ac1, 0x8aa1, 0x8a81, 0x8a81, 0x8a81, 0x8a81, 0xa363, 0xb3e3, 0x9ae2, 0x92a1, 0x92a1, 0x8a81, 0x8a81, 0x8a81, 0xa323, 0x9ae2, 0x8a61, 0x9ae2, 0xab63, 0x9ac2, 0x8a81, 0x8a81, 0x92a1, 0x8a81, 0x8a81, 0x92a1, 0x8a81, 0x8a81, 0x8a81, 0x9b02, 0x9ae2, 0x8a81, 0x8a81, 0x8a81, 0x92a1, 0x92a1, 0x8a81, 0x92a1, 0x9ac1, 0x92a1, 0xabe8, 0xc4ac, 0x92a2, 0x92a1, 0x92a1, 0x92a1, 0x8a81, 0x9ac1, 0xbbe4, 0xc424, 0xa302, 0x8a81, 0xbbe4, 0xdd48, 0xe527, 0xdcc5, 0xbba3, 0x92a1, 0x8a61, 0x8a61, 0x92a2, 0xab84, 0xcc65, 0xbc04, 0x9b02, 0x8a81, 0x8a61, 0x92a1, 0x92e3, 0x92c2, 0x92e3, 0x9b65, 0x9b66, 0x9b66, 0x9b65, 0xa344, 0xc445, 0xd4e7, 0xcc65, 0xc445, 0xb3a4, 0x9ae2, 0xa343, 0xab63, 0x92a1},
		{0xc445, 0xbbe4, 0xab83, 0xab83, 0xb3a4, 0xbc04, 0xc444, 0xbbc3, 0xb3c4, 0xbc05, 0xbbe4, 0xb3a3, 0xbbe3, 0xc424, 0xb3a3, 0xb3c4, 0xbbc4, 0xb3a4, 0xbbe7, 0xb3ad, 0xb3ee, 0xbc49, 0xb3e4, 0xbbe4, 0xbbe4, 0xab83, 0xab63, 0xab64, 0xb3c4, 0xbc04, 0xaba4, 0xa343, 0xab63, 0xa363, 0xa343, 0xab63, 0xb3e4, 0xb3c4, 0xab83, 0xb3c4, 0xab84, 0xab63, 0xb3a4, 0xbbe4, 0xb384, 0xab43, 0xab64, 0xa364, 0xa324, 0xb3e4, 0xbc45, 0xbbe4, 0xb3c4, 0xbbe4, 0xb3c4, 0xab84, 0xb384, 0xbbe5, 0xb3a4, 0xab43, 0xb3c4, 0xc425, 0xbbe4, 0xab63, 0xab64, 0xb3c4, 0xab84, 0xab63, 0xb384, 0xab43, 0xab63, 0xb384, 0xbc04, 0xbbe4, 0xab63, 0xab84, 0xab84, 0xb3a4, 0xb3c4, 0xab83, 0xb3c4, 0xc424, 0xc425, 0xdd6e, 0xe634, 0xc428, 0xbba4, 0xbbc4, 0xbba4, 0xb363, 0xbbc4, 0xc445, 0xc465, 0xbbe4, 0xab84, 0xc445, 0xd4c7, 0xdd07, 0xd4a6, 0xcc65, 0xbbe4, 0xab63, 0xab43, 0xb3c4, 0xc465, 0xcca6, 0xcc86, 0xbc05, 0xab84, 0xa344, 0xab85, 0xa364, 0xa324, 0xa303, 0x9ae3, 0x9ac3, 0x9ac2, 0x9ae3, 0xab44, 0xc426, 0xcc66, 0xc446, 0xc446, 0xc446, 0xbc25, 0xc466, 0xc466, 0xb3e5},
		{0xc445, 0xc445, 0xc445, 0xc465, 0xc465, 0xcc65, 0xd4a6, 0xd4c6, 0xd507, 0xd507, 0xd4a5, 0xcc85, 0xcc65, 0xcc65, 0xc445, 0xc445, 0xcc65, 0xcc65, 0xdce7, 0xe56b, 0xdd8b, 0xd528, 0xcca6, 0xcca5, 0xcc85, 0xc444, 0xc445, 0xc445, 0xc445, 0xc445, 0xc465, 0xc465, 0xbc25, 0xbc04, 0xbc04, 0xbc25, 0xbc25, 0xbc25, 0xc425, 0xc445, 0xc466, 0xcc65, 0xc445, 0xcc66, 0xcc86, 0xc446, 0xc406, 0xbbe6, 0xbbe5, 0xbc05, 0xbc25, 0xc445, 0xc465, 0xcca6, 0xccc7, 0xc446, 0xbc05, 0xbc05, 0xbc05, 0xbc26, 0xc446, 0xc445, 0xc425, 0xbc26, 0xbc26, 0xbc26, 0xbc25, 0xbc25, 0xc445, 0xcc66, 0xcc86, 0xc465, 0xc465, 0xc465, 0xc465, 0xcc86, 0xcc66, 0xc446, 0xc446, 0xc446, 0xcc66, 0xd4a6, 0xdd07, 0xedce, 0xf6d6, 0xedcf, 0xdcc7, 0xd4a6, 0xd486, 0xcc66, 0xcc66, 0xcc86, 0xcc86, 0xcc66, 0xcc66, 0xcc66, 0xcc86, 0xcc87, 0xcc86, 0xcc86, 0xcc66, 0xcc66, 0xc446, 0xc446, 0xc466, 0xcc86, 0xc466, 0xc446, 0xbc27, 0xbc27, 0xbc27, 0xbc27, 0xbc47, 0xbc47, 0xbc26, 0xbc06, 0xbc06, 0xbc06, 0xbc27, 0xc447, 0xc447, 0xc467, 0xc467, 0xc467, 0xc466, 0xc487, 0xcca7, 0xd4e7},
		{0xc445, 0xc426, 0xc446, 0xcc66, 0xcc66, 0xcc86, 0xcc86, 0xd4a6, 0xd4a6, 0xd485, 0xd4a6, 0xcca6, 0xcc65, 0xcc45, 0xcc65, 0xcca6, 0xd4a6, 0xd4a6, 0xdd28, 0xdd69, 0xd507, 0xd4a5, 0xcc85, 0xcc85, 0xc465, 0xc465, 0xc465, 0xc465, 0xc465, 0xc445, 0xc465, 0xc465, 0xbc45, 0xbc25, 0xbc25, 0xbc25, 0xbc05, 0xbc25, 0xc445, 0xc466, 0xc466, 0xc446, 0xc446, 0xc446, 0xcc66, 0xc446, 0xbc06, 0xbbe6, 0xb3e6, 0xbbe5, 0xbc06, 0xbc06, 0xbc26, 0xc467, 0xc447, 0xbc06, 0xbbe6, 0xbbe6, 0xbc06, 0xbc26, 0xc446, 0xc466, 0xbc26, 0xbc06, 0xbc06, 0xbc06, 0xbc06, 0xbc26, 0xbc26, 0xc446, 0xc446, 0xc446, 0xc446, 0xc466, 0xcca7, 0xdd08, 0xd4a8, 0xc427, 0xc427, 0xc447, 0xcc47, 0xcc67, 0xdcc7, 0xed6c, 0xf6d7, 0xf694, 0xe52a, 0xdcc7, 0xd4a7, 0xcc87, 0xcc87, 0xcc87, 0xcc86, 0xcc66, 0xcc66, 0xcc46, 0xc447, 0xc447, 0xc447, 0xc447, 0xc467, 0xc467, 0xc447, 0xc447, 0xc467, 0xc467, 0xc467, 0xc467, 0xc447, 0xbc27, 0xbc27, 0xbc27, 0xbc27, 0xbc47, 0xbc47, 0xbc27, 0xbc27, 0xbc27, 0xbc27, 0xc447, 0xc467, 0xc467, 0xc447, 0xc447, 0xc467, 0xcc87, 0xcca8, 0xccc8},
		{0xc426, 0xcc46, 0xcc87, 0xd4c7, 0xd4a6, 0xcc65, 0xcc65, 0xcc65, 0xcc85, 0xd4c7, 0xd508, 0xcca6, 0xcc45, 0xc445, 0xd4c7, 0xe569, 0xdd69, 0xdd48, 0xdd49, 0xdce7, 0xd4c6, 0xd4a6, 0xcc65, 0xcc65, 0xcc65, 0xd4c7, 0xd4c6, 0xcc85, 0xcc65, 0xc465, 0xc465, 0xc465, 0xc465, 0xc445, 0xc486, 0xc445, 0xbc05, 0xbc25, 0xc425, 0xcc87, 0xcc87, 0xc426, 0xc426, 0xc426, 0xc426, 0xc406, 0xbbe6, 0xbbc6, 0xb3c6, 0xbbe6, 0xbc06, 0xbc06, 0xbbe6, 0xbc07, 0xbc07, 0xbbe6, 0xbbc6, 0xbbc6, 0xbbe6, 0xbc07, 0xc427, 0xc446, 0xbc27, 0xbc07, 0xbbe7, 0xbbe7, 0xbbe7, 0xbc07, 0xbc06, 0xc407, 0xc427, 0xc426, 0xc446, 0xc446, 0xcc87, 0xd4a8, 0xcc67, 0xc427, 0xc427, 0xc447, 0xcc47, 0xcc67, 0xd4c8, 0xe54c, 0xf6b6, 0xf718, 0xedcf, 0xdd09, 0xd4a7, 0xd487, 0xcc67, 0xcc87, 0xd4c7, 0xd4c8, 0xcc66, 0xc446, 0xc446, 0xc427, 0xbc27, 0xbc27, 0xc447, 0xc427, 0xbc27, 0xbc27, 0xc427, 0xc427, 0xc467, 0xcc88, 0xc467, 0xbc27, 0xbc27, 0xc427, 0xc447, 0xbc27, 0xbc27, 0xbc27, 0xbc27, 0xbc27, 0xbc27, 0xc447, 0xc447, 0xc447, 0xc447, 0xc447, 0xcc68, 0xc468, 0xcc88, 0xcca8},
		{0xcc67, 0xdd09, 0xe5ab, 0xedcb, 0xd4e7, 0xc445, 0xc445, 0xcca6, 0xd4e7, 0xd508, 0xccc7, 0xc465, 0xc445, 0xc445, 0xd4a6, 0xe569, 0xe589, 0xdd48, 0xd4e6, 0xd4a6, 0xd4a6, 0xd4a6, 0xd485, 0xd485, 0xd4e7, 0xd528, 0xd4a6, 0xcc85, 0xcc85, 0xd4c7, 0xcca6, 0xc465, 0xc444, 0xc445, 0xcc66, 0xc425, 0xbc05, 0xc425, 0xc425, 0xc446, 0xc426, 0xbc06, 0xbc06, 0xbc06, 0xbc06, 0xbbe6, 0xbbc6, 0xb3c5, 0xb3c5, 0xb3c5, 0xb3e6, 0xbbe6, 0xbc06, 0xbc06, 0xbbc6, 0xb3c6, 0xb3c6, 0xb3c6, 0xbbc6, 0xbbe7, 0xbc07, 0xc427, 0xc428, 0xbc07, 0xbbe7, 0xbbe7, 0xbbe6, 0xc406, 0xbbe6, 0xbbe6, 0xbc06, 0xbc06, 0xbc26, 0xc426, 0xc426, 0xcce9, 0xccc9, 0xc426, 0xc427, 0xc446, 0xc447, 0xcc87, 0xdce9, 0xe5ae, 0xf654, 0xf73a, 0xf674, 0xe56c, 0xdcc8, 0xd487, 0xcc67, 0xcc67, 0xd4a7, 0xd4a7, 0xcc67, 0xcc66, 0xc426, 0xbc27, 0xbc06, 0xbc26, 0xbc26, 0xc427, 0xc427, 0xbc27, 0xbc07, 0xbc27, 0xc467, 0xc488, 0xc447, 0xbc27, 0xbc07, 0xbc27, 0xc427, 0xc427, 0xc447, 0xc447, 0xbc27, 0xbc27, 0xbc27, 0xbc27, 0xc427, 0xc427, 0xc427, 0xcc67, 0xcc67, 0xc447, 0xc467, 0xc468},
		{0xd4c8, 0xedec, 0xf62d, 0xdd8a, 0xc486, 0xc445, 0xc445, 0xcc86, 0xd4c7, 0xcc85, 0xcc65, 0xcc45, 0xc444, 0xcc44, 0xcca5, 0xd4e6, 0xd4c6, 0xcc65, 0xd486, 0xd4a6, 0xcc65, 0xcc65, 0xcc65, 0xd486, 0xd4c6, 0xd4a6, 0xd485, 0xd4c6, 0xd4a6, 0xd4c6, 0xd486, 0xc404, 0xc404, 0xc404, 0xc404, 0xc404, 0xc445, 0xc425, 0xc404, 0xbbe5, 0xbbc5, 0xbbc5, 0xbbc5, 0xbbe5, 0xbbe5, 0xbbc5, 0xb3a5, 0xb3a5, 0xb3a5, 0xb3a5, 0xb3c5, 0xc446, 0xd4e8, 0xcc66, 0xb3c5, 0xb3a5, 0xb3a5, 0xb3a5, 0xbbc5, 0xb3a5, 0xbbc5, 0xd48a, 0xdccf, 0xc409, 0xbbc6, 0xbbc6, 0xbbe6, 0xc406, 0xbbe6, 0xbbe5, 0xbbe6, 0xbbe5, 0xbbe6, 0xbc06, 0xbc26, 0xd54b, 0xcd0a, 0xbc06, 0xbc26, 0xc426, 0xc446, 0xcc87, 0xdd09, 0xed6d, 0xf5d2, 0xf719, 0xf6b7, 0xed8f, 0xdce9, 0xcc66, 0xcc46, 0xcc46, 0xd486, 0xd487, 0xcc66, 0xc446, 0xbc06, 0xbbe6, 0xbbe6, 0xc426, 0xc406, 0xbc06, 0xcc67, 0xc467, 0xbc06, 0xc427, 0xbc26, 0xbc06, 0xc406, 0xc406, 0xbc06, 0xbc06, 0xc447, 0xc447, 0xc426, 0xc426, 0xc426, 0xbc06, 0xbc06, 0xbc06, 0xbc06, 0xc426, 0xc426, 0xc406, 0xc446, 0xc447, 0xc447, 0xc447},
		{0xcc87, 0xdd49, 0xd509, 0xc466, 0xc425, 0xc425, 0xc425, 0xc405, 0xc404, 0xcc24, 0xcc44, 0xcc45, 0xcc44, 0xd4a6, 0xd4a6, 0xcc64, 0xc424, 0xc404, 0xc404, 0xcc45, 0xcc45, 0xd486, 0xc425, 0xc424, 0xcc44, 0xcc85, 0xd4c6, 0xd4c6, 0xcc65, 0xcc45, 0xc425, 0xbc26, 0xbbe4, 0xbbc4, 0xbbc4, 0xbbe4, 0xc425, 0xc425, 0xc424, 0xbbc4, 0xb3a5, 0xb3a4, 0xb3a5, 0xbbc5, 0xbbc5, 0xb3a5, 0xb384, 0xb384, 0xb384, 0xb3a4, 0xbbc4, 0xccc8, 0xe5ec, 0xd4a7, 0xb3a4, 0xb384, 0xb384, 0xb384, 0xb384, 0xb344, 0xbb85, 0xdd2f, 0xed77, 0xc3ec, 0xbba5, 0xbba4, 0xbbc5, 0xbbc5, 0xc3e5, 0xcc25, 0xbbc5, 0xbbc5, 0xbbe5, 0xbbe5, 0xc487, 0xdd8b, 0xd4e9, 0xbbe5, 0xbbe5, 0xbc05, 0xc406, 0xcc46, 0xd4a7, 0xe50b, 0xf570, 0xf6d8, 0xf73a, 0xf5d2, 0xdca9, 0xc3e4, 0xc405, 0xc405, 0xcc45, 0xd4c7, 0xcc26, 0xbbe5, 0xbbc5, 0xbbc5, 0xbbe5, 0xc405, 0xc3e5, 0xbbe5, 0xcca8, 0xd4a8, 0xcc46, 0xcc67, 0xcc47, 0xbc06, 0xbbe5, 0xbc05, 0xbc05, 0xbbc5, 0xc406, 0xcc67, 0xc426, 0xbbe5, 0xbbe5, 0xc406, 0xbc06, 0xbbc5, 0xc426, 0xc447, 0xbbe5, 0xbbc5, 0xc426, 0xc467, 0xc447, 0xc447},
		{0xc405, 0xc405, 0xbbe5, 0xbbe5, 0xc405, 0xc405, 0xbbc4, 0xbba4, 0xbba4, 0xbbc4, 0xbbe4, 0xcc45, 0xd485, 0xd4e7, 0xc445, 0xc3e3, 0xc3e3, 0xbbc3, 0xbbc3, 0xbbe4, 0xcc67, 0xc446, 0xb3c3, 0xb3c3, 0xbbe4, 0xcc85, 0xd4a6, 0xcc44, 0xc424, 0xc3e4, 0xbc48, 0xcd2e, 0xbc48, 0xb3a4, 0xb3a4, 0xbbc4, 0xb3a3, 0xbc04, 0xbbe4, 0xb383, 0xb364, 0xb384, 0xbc06, 0xccc9, 0xc427, 0xb3a4, 0xb384, 0xb364, 0xb384, 0xbbe4, 0xc405, 0xd549, 0xddcc, 0xc405, 0xb363, 0xb364, 0xb364, 0xb384, 0xb384, 0xb343, 0xbba5, 0xe571, 0xed99, 0xc3ec, 0xbb64, 0xb363, 0xc426, 0xcc66, 0xcc25, 0xd486, 0xbbc4, 0xb384, 0xbba4, 0xbbc4, 0xcc67, 0xdd6b, 0xccc9, 0xbbc4, 0xb3c4, 0xb3c4, 0xbbc5, 0xbbc4, 0xc3e5, 0xd488, 0xed4f, 0xf615, 0xf698, 0xf5b3, 0xd46a, 0xbb84, 0xc446, 0xcc66, 0xcc04, 0xcc45, 0xc425, 0xbba4, 0xbba4, 0xb3c4, 0xbbc4, 0xbba4, 0xbba4, 0xbba4, 0xc467, 0xccc8, 0xcc26, 0xd4a7, 0xdce8, 0xcc67, 0xbbe5, 0xb3c4, 0xb3a4, 0xb384, 0xb384, 0xbbe5, 0xbbe5, 0xbbc5, 0xbbc5, 0xbbc5, 0xbbc5, 0xb3a5, 0xbc06, 0xc426, 0xb3a4, 0xbba4, 0xc426, 0xc446, 0xc3e5, 0xc426},
		{0xc3c4, 0xc3a4, 0xbba4, 0xbba4, 0xb3a4, 0xb384, 0xb384, 0xb383, 0xb383, 0xb384, 0xb383, 0xbbc3, 0xc404, 0xc424, 0xbbc3, 0xbba3, 0xbbe4, 0xc424, 0xbbe3, 0xc405, 0xc405, 0xb3c4, 0xb383, 0xab83, 0xb383, 0xc3e4, 0xc404, 0xc404, 0xbbc4, 0xb363, 0xb3a6, 0xbc29, 0xb3c6, 0xb384, 0xbbe5, 0xbbc4, 0xb363, 0xb363, 0xb363, 0xab43, 0xab43, 0xab63, 0xbbe6, 0xccc9, 0xc467, 0xbba4, 0xbba4, 0xb383, 0xb363, 0xc425, 0xcc66, 0xdd8b, 0xd529, 0xb383, 0xb343, 0xb343, 0xb343, 0xbbc4, 0xc3e4, 0xb363, 0xbb85, 0xe531, 0xe556, 0xc3a9, 0xbb83, 0xbb63, 0xc446, 0xd4c7, 0xd465, 0xdd08, 0xc446, 0xb343, 0xb363, 0xb383, 0xc425, 0xdd6b, 0xcce9, 0xb3c4, 0xb384, 0xb383, 0xb364, 0xb363, 0xb383, 0xcbe6, 0xeced, 0xf573, 0xf574, 0xf532, 0xdc6c, 0xb364, 0xb384, 0xbbc4, 0xb363, 0xb363, 0xbbc4, 0xbba4, 0xc3e5, 0xcc67, 0xc487, 0xbba4, 0xb384, 0xb3a4, 0xb3a4, 0xbc26, 0xb384, 0xc405, 0xd4a7, 0xd4c8, 0xcc46, 0xbbc4, 0xb384, 0xab43, 0xb364, 0xb364, 0xbba4, 0xc3e5, 0xc3e5, 0xc3e5, 0xbbc5, 0xb364, 0xb3a4, 0xb3a4, 0xab64, 0xb364, 0xb3a4, 0xc406, 0xc3e5, 0xbba4},
		{0xc3e4, 0xc3c4, 0xbb84, 0xb363, 0xb363, 0xb363, 0xb383, 0xb363, 0xb383, 0xbba3, 0xbb83, 0xb383, 0xb363, 0xb383, 0xbbc3, 0xbbc3, 0xc424, 0xc444, 0xbbe3, 0xbba4, 0xb383, 0xb383, 0xb383, 0xab63, 0xab43, 0xb363, 0xbc05, 0xc405, 0xb343, 0xab23, 0xab43, 0xab63, 0xb363, 0xbbe5, 0xc487, 0xb384, 0xab22, 0xab22, 0xab23, 0xab23, 0xab43, 0xab43, 0xab64, 0xc446, 0xc426, 0xb383, 0xb363, 0xb383, 0xb383, 0xc3c4, 0xcca7, 0xe5ed, 0xd4a7, 0xb363, 0xb343, 0xb343, 0xb343, 0xbb84, 0xbbc4, 0xbba4, 0xb385, 0xd4ae, 0xdcf3, 0xbb66, 0xb363, 0xb363, 0xc426, 0xd4c8, 0xd4c7, 0xdd8b, 0xccc9, 0xb343, 0xb323, 0xb342, 0xcc66, 0xe5cc, 0xd50a, 0xb3a4, 0xab63, 0xab43, 0xab43, 0xab43, 0xb343, 0xbb84, 0xdc6a, 0xed11, 0xed33, 0xed12, 0xdc6d, 0xb365, 0xab23, 0xb343, 0xab02, 0xab02, 0xbb83, 0xcc05, 0xcc46, 0xd4a7, 0xd54b, 0xcc88, 0xb3a4, 0xab64, 0xb384, 0xb3a4, 0xab63, 0xb3a4, 0xd466, 0xdcc8, 0xd4a8, 0xc406, 0xb384, 0xab43, 0xab43, 0xb364, 0xbba4, 0xbba4, 0xc3a4, 0xcc26, 0xc3e5, 0xb363, 0xb384, 0xb384, 0xb344, 0xab44, 0xb364, 0xbbe5, 0xc426, 0xbbc5},
		{0xd445, 0xc3e5, 0xb363, 0xab43, 0xb363, 0xb363, 0xb363, 0xb363, 0xc3c4, 0xc3c4, 0xbb83, 0xb383, 0xb343, 0xb342, 0xbbc3, 0xbbc3, 0xbba3, 0xbbe3, 0xbbc3, 0xb362, 0xb342, 0xb383, 0xbbc4, 0xb363, 0xab43, 0xb383, 0xbc05, 0xb384, 0xab23, 0xab23, 0xb363, 0xbbc4, 0xb363, 0xbbe5, 0xbc05, 0xab22, 0xab22, 0xab22, 0xab22, 0xa322, 0xa323, 0xab23, 0xab43, 0xb3a4, 0xb383, 0xb343, 0xab23, 0xb343, 0xb363, 0xb363, 0xcce9, 0xe5ac, 0xc404, 0xb342, 0xab23, 0xab23, 0xab23, 0xab23, 0xb363, 0xb385, 0xb365, 0xcc2a, 0xd44c, 0xb324, 0xab02, 0xab02, 0xc426, 0xdd29, 0xdd4a, 0xe5ed, 0xd50a, 0xb363, 0xab23, 0xb342, 0xc425, 0xe5ab, 0xd52a, 0xbbc4, 0xab63, 0xab43, 0xab23, 0xab22, 0xab42, 0xbb83, 0xcc06, 0xe48c, 0xe4d0, 0xe4d0, 0xd44c, 0xb345, 0xab03, 0xab23, 0xab22, 0xab02, 0xb363, 0xd446, 0xdca7, 0xd486, 0xd52b, 0xd54a, 0xbba3, 0xab23, 0xb343, 0xab43, 0xab43, 0xb384, 0xcc05, 0xd4a8, 0xdcc8, 0xd4c8, 0xc405, 0xb363, 0xab43, 0xb343, 0xb363, 0xb363, 0xbb63, 0xcc05, 0xd466, 0xbba4, 0xb364, 0xb364, 0xb364, 0xb364, 0xb364, 0xc406, 0xcc67, 0xcc47},
		{0xd426, 0xc3a4, 0xb343, 0xab43, 0xb343, 0xb363, 0xbb83, 0xbb83, 0xbb84, 0xbba4, 0xcc26, 0xccca, 0xbbe6, 0xb342, 0xb342, 0xab22, 0xb342, 0xbba2, 0xb3a3, 0xb363, 0xb363, 0xb363, 0xb383, 0xb363, 0xb343, 0xb384, 0xb363, 0xab22, 0xb363, 0xb363, 0xb363, 0xbba4, 0xab22, 0xa302, 0xa302, 0xa302, 0xab22, 0xab42, 0xab22, 0xa302, 0xa302, 0xab43, 0xb363, 0xab43, 0xb343, 0xb363, 0xab02, 0xb323, 0xb342, 0xbba4, 0xddad, 0xdd6c, 0xbb83, 0xab22, 0xab22, 0xab02, 0xab02, 0xab02, 0xab02, 0xa303, 0xab64, 0xc427, 0xcc27, 0xab02, 0xa2e2, 0xab02, 0xc426, 0xd4e8, 0xe58b, 0xe62f, 0xd50a, 0xb363, 0xab23, 0xab22, 0xc405, 0xdd8a, 0xd54a, 0xc3c4, 0xab43, 0xa322, 0xa302, 0xb363, 0xbbc4, 0xcc46, 0xcc25, 0xcbc6, 0xcc08, 0xcc29, 0xc3a7, 0xab24, 0xa303, 0xab03, 0xab02, 0xa2e2, 0xb363, 0xd487, 0xdcc7, 0xdcc7, 0xdcc7, 0xd52a, 0xcc46, 0xbb83, 0xab43, 0xab23, 0xab23, 0xb343, 0xb384, 0xcc67, 0xdcc8, 0xdd09, 0xdce9, 0xcc26, 0xbb84, 0xb363, 0xb364, 0xbba4, 0xbbc4, 0xc3e4, 0xcc45, 0xbbc4, 0xb363, 0xb363, 0xb344, 0xc448, 0xccaa, 0xcc27, 0xcc67, 0xcca8},
		{0xcc06, 0xb343, 0xab23, 0xb363, 0xbb83, 0xbbc4, 0xc3e5, 0xc3a4, 0xbb63, 0xc3e5, 0xdd4c, 0xddd0, 0xc427, 0xb322, 0xab02, 0xab02, 0xb302, 0xb322, 0xb342, 0xbba3, 0xb363, 0xab22, 0xb363, 0xb383, 0xbba3, 0xbb83, 0xb323, 0xab22, 0xb343, 0xb342, 0xab22, 0xab02, 0xa2e1, 0xa2c1, 0xa2e1, 0xab02, 0xb322, 0xb342, 0xab22, 0xa302, 0xab43, 0xb3a4, 0xb3a3, 0xb363, 0xb363, 0xb383, 0xa2e2, 0xab02, 0xb322, 0xcc67, 0xee2f, 0xd50a, 0xbb62, 0xab02, 0xab22, 0xab02, 0xab02, 0xaae2, 0xaac2, 0xa2c3, 0xab23, 0xc426, 0xc406, 0xab02, 0xa2e2, 0xb363, 0xbba4, 0xcc25, 0xe549, 0xeded, 0xcca8, 0xb363, 0xab22, 0xab02, 0xcc68, 0xe5ab, 0xd549, 0xbbc4, 0xab23, 0xa302, 0xa302, 0xab63, 0xcc66, 0xdd09, 0xc425, 0xb343, 0xbba4, 0xbbc4, 0xbb84, 0xb384, 0xb343, 0xa2e2, 0xa2e2, 0xa2e2, 0xab23, 0xc3e5, 0xd445, 0xd486, 0xdca6, 0xdd29, 0xd508, 0xc3e4, 0xbb83, 0xbbc4, 0xb384, 0xab23, 0xab43, 0xbba4, 0xcc26, 0xd488, 0xe56b, 0xe529, 0xd486, 0xcc26, 0xcca8, 0xcc88, 0xc487, 0xc425, 0xcc66, 0xbbc4, 0xb363, 0xb363, 0xb343, 0xccab, 0xe653, 0xdd4d, 0xd488, 0xcc47},
		{0xd467, 0xb343, 0xab43, 0xb363, 0xbb63, 0xcc46, 0xdd09, 0xcc26, 0xc3a4, 0xcc26, 0xc448, 0xbc07, 0xb343, 0xb302, 0xaae2, 0xab02, 0xb322, 0xb363, 0xbb83, 0xb343, 0xab02, 0xab02, 0xb343, 0xbba3, 0xc404, 0xc405, 0xbbc4, 0xb322, 0xb302, 0xaae1, 0xab02, 0xab22, 0xa2e2, 0xa2c1, 0xa2c1, 0xab02, 0xc3c4, 0xcc26, 0xb363, 0xa302, 0xab43, 0xbbe5, 0xbba4, 0xb343, 0xab22, 0xb384, 0xab02, 0xaae2, 0xbb63, 0xdd2a, 0xf60e, 0xd467, 0xb342, 0xab02, 0xab02, 0xab02, 0xab02, 0xaae2, 0xa2c2, 0xa2c2, 0xb323, 0xcc66, 0xc406, 0xa2e2, 0xa302, 0xb363, 0xb343, 0xc3a4, 0xd486, 0xdd28, 0xcca6, 0xbba3, 0xb322, 0xb323, 0xcca9, 0xe58b, 0xdd4a, 0xc448, 0xb3a5, 0xab02, 0xa2e2, 0xab22, 0xcc45, 0xdd28, 0xc405, 0xab02, 0xb384, 0xc446, 0xc426, 0xcc66, 0xbbc4, 0xab02, 0xa2e2, 0xa2e2, 0xab02, 0xb363, 0xd445, 0xd486, 0xd486, 0xd486, 0xd4e8, 0xd4c7, 0xcc46, 0xc405, 0xcc25, 0xb343, 0xab23, 0xb363, 0xc3c4, 0xc3a4, 0xd4a8, 0xe549, 0xe529, 0xe549, 0xd509, 0xccc8, 0xcc87, 0xcc45, 0xc3e4, 0xbb84, 0xb363, 0xb363, 0xab03, 0xb364, 0xd54e, 0xee31, 0xdd6d, 0xcca8},
		{0xc3e5, 0xb343, 0xb323, 0xb322, 0xc426, 0xe54a, 0xdcc8, 0xbb63, 0xbb64, 0xc406, 0xb364, 0xab22, 0xab02, 0xab02, 0xaae2, 0xab02, 0xb363, 0xbba3, 0xbb63, 0xab02, 0xab02, 0xb323, 0xb343, 0xc3c4, 0xcc87, 0xccc9, 0xc3c4, 0xb302, 0xaae2, 0xaae1, 0xb383, 0xbba3, 0xab02, 0xa2c1, 0xa2a1, 0xab02, 0xd4ea, 0xe5ef, 0xc406, 0xa302, 0xa302, 0xbbc4, 0xbba4, 0xb322, 0xb364, 0xbbe5, 0xab02, 0xb322, 0xc404, 0xe58c, 0xed8d, 0xcc26, 0xab22, 0xab02, 0xa2e2, 0xa2e2, 0xa2e2, 0xaae2, 0xaae2, 0xa2c2, 0xb343, 0xd487, 0xc425, 0xab02, 0xa2e2, 0xa302, 0xab02, 0xbb83, 0xcc66, 0xdd28, 0xd4c6, 0xbb83, 0xb322, 0xc3e5, 0xdd29, 0xed8a, 0xdd2b, 0xbc49, 0xb3c6, 0xa302, 0xa2e2, 0xab02, 0xc3c3, 0xcc45, 0xbba3, 0xab02, 0xab23, 0xcca8, 0xdd6a, 0xdd49, 0xcc66, 0xb343, 0xa2e2, 0xa2e2, 0xa2e2, 0xb343, 0xcc45, 0xcc45, 0xc3e4, 0xcbe4, 0xd4e7, 0xdd69, 0xd4a7, 0xc3e4, 0xc405, 0xb363, 0xab23, 0xc3c4, 0xcc25, 0xcc05, 0xcbe4, 0xd466, 0xe529, 0xe58a, 0xdcc8, 0xcc26, 0xcc25, 0xc405, 0xbba3, 0xbb83, 0xbb84, 0xab23, 0xab03, 0xab23, 0xbba5, 0xd4aa, 0xd4eb, 0xc467},
		{0xab23, 0xb322, 0xb322, 0xc447, 0xe5ac, 0xe56b, 0xcbc4, 0xbb22, 0xbb63, 0xbba5, 0xb344, 0xb303, 0xab23, 0xb344, 0xab03, 0xab02, 0xb363, 0xbbe4, 0xbba4, 0xb364, 0xbb84, 0xb323, 0xb302, 0xbb63, 0xcc89, 0xc489, 0xb323, 0xaae2, 0xaac1, 0xaae1, 0xb362, 0xb342, 0xaac1, 0xa2c1, 0xa2c2, 0xb364, 0xdd2c, 0xdd8d, 0xbba5, 0xa2e2, 0xa322, 0xbbc4, 0xb383, 0xab02, 0xbbe6, 0xcc67, 0xbbc4, 0xbbc4, 0xd466, 0xe54b, 0xdca8, 0xc405, 0xb322, 0xaae2, 0xa2e2, 0xa2e2, 0xa2e2, 0xab02, 0xaae2, 0xaac2, 0xb343, 0xcc87, 0xc405, 0xaae1, 0xa2c1, 0xa2c2, 0xab02, 0xbba4, 0xd4a7, 0xe58b, 0xd508, 0xb363, 0xab02, 0xbb83, 0xe507, 0xf5ca, 0xd509, 0xab44, 0xa2e2, 0xa2e2, 0xa2c2, 0xa2e2, 0xbb63, 0xbb63, 0xb302, 0xaae2, 0xab02, 0xcca8, 0xe5cb, 0xe589, 0xcc86, 0xb322, 0xab02, 0xb322, 0xab22, 0xb363, 0xc3e4, 0xc3c4, 0xbb83, 0xcc04, 0xd486, 0xd508, 0xcc87, 0xc405, 0xb363, 0xab43, 0xab23, 0xc3e5, 0xcc46, 0xcc05, 0xc3e5, 0xc426, 0xd4a8, 0xe54a, 0xe52a, 0xcc26, 0xbb84, 0xbba4, 0xb343, 0xbbc4, 0xc3c5, 0xab03, 0xab23, 0xb344, 0xab23, 0xb323, 0xbba5, 0xc3e5},
		{0xab03, 0xbb83, 0xcc46, 0xe58b, 0xed8b, 0xdc67, 0xc384, 0xbb63, 0xb323, 0xab03, 0xb364, 0xbb64, 0xb364, 0xb365, 0xab03, 0xab23, 0xb343, 0xbb84, 0xb384, 0xc3e5, 0xb384, 0xaae2, 0xab02, 0xb323, 0xb364, 0xb343, 0xaae2, 0xaae2, 0xaac1, 0xaae2, 0xab02, 0xaac2, 0xa2c2, 0xa2c2, 0xaae2, 0xbba4, 0xd488, 0xc3c5, 0xb384, 0xb384, 0xab23, 0xb383, 0xb363, 0xb364, 0xcc88, 0xdd6b, 0xe5ed, 0xd508, 0xcc05, 0xd447, 0xc3c4, 0xbb83, 0xab02, 0xaae2, 0xaae2, 0xaae2, 0xab02, 0xb343, 0xab02, 0xaae2, 0xab02, 0xc404, 0xbba4, 0xa2c1, 0x9aa1, 0xa2a1, 0xab02, 0xbbc4, 0xd508, 0xe60d, 0xcd2a, 0xb342, 0xab22, 0xb322, 0xcc24, 0xdd07, 0xcc66, 0xa2e2, 0xa2c1, 0xa2c1, 0xa2e2, 0xaae2, 0xb343, 0xbb63, 0xab02, 0xab02, 0xb323, 0xc467, 0xe58b, 0xdd69, 0xcc65, 0xab02, 0xb343, 0xbb83, 0xbb63, 0xc3e5, 0xc3c4, 0xbb83, 0xbbc4, 0xcc25, 0xd465, 0xd4c7, 0xcc46, 0xb363, 0xb383, 0xb384, 0xb343, 0xbb84, 0xbba4, 0xb364, 0xb3e6, 0xbc27, 0xc468, 0xc446, 0xc426, 0xcc05, 0xbb84, 0xab23, 0xb364, 0xcc46, 0xc405, 0xb323, 0xab02, 0xa303, 0xab03, 0xab23, 0xb343, 0xbbc5},
		{0xb343, 0xd4a8, 0xe56b, 0xe509, 0xdc87, 0xc384, 0xb343, 0xbb64, 0xbb62, 0xbb43, 0xc3a5, 0xbb84, 0xaae3, 0xab03, 0xab02, 0xbb84, 0xd446, 0xd486, 0xc3e5, 0xb364, 0xab02, 0xaae2, 0xb322, 0xb323, 0xab02, 0xaae2, 0xaae2, 0xaae2, 0xbbc5, 0xbb84, 0xaae2, 0xaac2, 0xaae2, 0xaae2, 0xaae3, 0xbb64, 0xbb84, 0xb343, 0xcc67, 0xd4e9, 0xb3a4, 0xa302, 0xbbe5, 0xcca9, 0xd54b, 0xee4f, 0xf6d1, 0xdd4a, 0xc383, 0xbb42, 0xb322, 0xb301, 0xab01, 0xb322, 0xc382, 0xb362, 0xaae2, 0xab02, 0xab02, 0xaae2, 0xab02, 0xbb83, 0xb322, 0xa2a1, 0x9aa2, 0xa2a2, 0xa2c2, 0xb363, 0xd509, 0xe62d, 0xcd09, 0xb362, 0xb362, 0xb362, 0xb362, 0xbb83, 0xb363, 0xa2c1, 0xa2c1, 0xa2c2, 0xab03, 0xab02, 0xb322, 0xbb63, 0xb322, 0xb323, 0xb363, 0xc3e5, 0xd52a, 0xddcc, 0xcca7, 0xb323, 0xb323, 0xb343, 0xbb43, 0xc3c4, 0xbba4, 0xc3e4, 0xbbe6, 0xbbc4, 0xc3e4, 0xc3e4, 0xbba4, 0xab22, 0xab43, 0xb363, 0xb343, 0xb323, 0xab03, 0xab03, 0xb3a5, 0xb384, 0xb385, 0xab23, 0xab03, 0xb343, 0xb343, 0xb343, 0xbb84, 0xbba4, 0xb343, 0xb364, 0xab23, 0xa2c2, 0xab03, 0xb384, 0xcc48, 0xcc48},
		{0xbbc5, 0xdd4a, 0xdcc8, 0xcbc5, 0xbb64, 0xb303, 0xb2e2, 0xb302, 0xbb42, 0xb302, 0xaae3, 0xaae2, 0xaac2, 0xaae3, 0xb343, 0xd467, 0xed69, 0xed49, 0xc3e5, 0xab02, 0xaae2, 0xaae2, 0xb363, 0xb343, 0xab22, 0xbb84, 0xbba4, 0xbb83, 0xcc66, 0xc3e5, 0xab23, 0xaae2, 0xaae2, 0xaae2, 0xaac2, 0xb323, 0xb323, 0xab02, 0xc3e5, 0xdd09, 0xbbe5, 0xa302, 0xbc27, 0xd52a, 0xe5ee, 0xf6d2, 0xf690, 0xd4a7, 0xb322, 0xb301, 0xb301, 0xab01, 0xb321, 0xc3a2, 0xd444, 0xbba3, 0xab02, 0xb343, 0xab22, 0xaae2, 0xab02, 0xb363, 0xab02, 0xa2a2, 0xa2c2, 0xa2c2, 0xa2c2, 0xab23, 0xd4e9, 0xe64e, 0xccc9, 0xb342, 0xab41, 0xab02, 0xb322, 0xb322, 0xaae1, 0xa2c1, 0xab02, 0xaae2, 0xaae2, 0xaae2, 0xb322, 0xbba4, 0xb363, 0xb343, 0xc3c4, 0xcbe4, 0xc3c4, 0xd4e9, 0xd4c8, 0xc3c5, 0xb323, 0xaae2, 0xb343, 0xbbc5, 0xb3a5, 0xcc66, 0xcc45, 0xb323, 0xab02, 0xab02, 0xab22, 0xab02, 0xab02, 0xab02, 0xab02, 0xab02, 0xaae2, 0xaae2, 0xb343, 0xb364, 0xb344, 0xab03, 0xa2e2, 0xa303, 0xab03, 0xb343, 0xab23, 0xaae2, 0xa2e2, 0xb384, 0xb364, 0xa2e3, 0xab03, 0xc428, 0xe54e, 0xe56e},
		{0xd488, 0xd4a8, 0xc364, 0xb2e3, 0xaac2, 0xaac2, 0xaae2, 0xaac2, 0xaac2, 0xa2a2, 0xa2a2, 0xaac2, 0xaae2, 0xab03, 0xcc06, 0xed4a, 0xedcc, 0xdcc8, 0xbb63, 0xaae2, 0xab03, 0xbbc6, 0xbbc5, 0xbba3, 0xc466, 0xddaa, 0xdd69, 0xdce7, 0xcc65, 0xb383, 0xab23, 0xaae2, 0xaac2, 0xaaa2, 0xa2a2, 0xa2c2, 0xab23, 0xb364, 0xc3e5, 0xcc46, 0xb363, 0xab02, 0xb364, 0xccea, 0xf690, 0xf6d1, 0xdd8c, 0xc3c4, 0xaae1, 0xaae1, 0xab01, 0xaae1, 0xb322, 0xcbe3, 0xd4a6, 0xbbe5, 0xab02, 0xb364, 0xab23, 0xaae2, 0xaae2, 0xaae2, 0xa2c2, 0x9aa2, 0xa2a2, 0xa2c1, 0xa2e2, 0xbb84, 0xdd6b, 0xe64e, 0xccc8, 0xb362, 0xb342, 0xb363, 0xb342, 0xb362, 0xab02, 0xab65, 0xb385, 0xaae2, 0xa2a1, 0xa2c2, 0xab02, 0xbba4, 0xbba4, 0xbbc5, 0xcc45, 0xcbe4, 0xb302, 0xbb63, 0xc3e4, 0xc3a4, 0xb303, 0xb323, 0xc3e5, 0xc3e5, 0xb364, 0xbb83, 0xc3a3, 0xab22, 0xa302, 0xa2e2, 0xa2e2, 0xa2e1, 0xab01, 0xab01, 0xa2e2, 0xab02, 0xab03, 0xa2c2, 0xb344, 0xbb84, 0xbba5, 0xb364, 0xab23, 0xab23, 0xab03, 0xab02, 0xab03, 0xa2e2, 0xa2e2, 0xbb85, 0xb364, 0xab03, 0xbbc7, 0xccaa, 0xedd1, 0xf695},
		{0xcc07, 0xc3a5, 0xb2e3, 0xaac3, 0xa2a2, 0xa2a2, 0xa2a2, 0xa2a2, 0xa2c2, 0xa2a2, 0xa2c2, 0xaac2, 0xaae2, 0xc384, 0xe4e9, 0xf5cd, 0xe5ad, 0xc3e6, 0xaae3, 0xaac2, 0xb324, 0xcc28, 0xc406, 0xcc87, 0xe62d, 0xf68e, 0xee8e, 0xe5ac, 0xbbc4, 0xa302, 0xa2c2, 0xa2c2, 0xaae2, 0xaae2, 0xaac2, 0xa2a2, 0xb344, 0xb364, 0xbb84, 0xbb83, 0xab23, 0xab03, 0xab03, 0xcd0a, 0xee2e, 0xd52a, 0xbbe5, 0xb343, 0xaae1, 0xab02, 0xaae1, 0xaae1, 0xbb42, 0xcc03, 0xcca7, 0xbbc4, 0xab02, 0xab02, 0xab02, 0xa2c2, 0xa2a1, 0xa2c2, 0xaae2, 0xa2c2, 0xa2a2, 0xab02, 0xb383, 0xccc7, 0xe5aa, 0xdd6a, 0xcc87, 0xb363, 0xb322, 0xbba4, 0xb342, 0xb322, 0xab02, 0xb407, 0xb3c6, 0xa2c2, 0xa2a2, 0xa2c2, 0xaae2, 0xbb64, 0xb364, 0xb384, 0xc3e5, 0xc3c4, 0xaae1, 0xb2e1, 0xb2e2, 0xaae2, 0xaae2, 0xb343, 0xc405, 0xc3e5, 0xb364, 0xab03, 0xa2c2, 0xa2c2, 0x9ac2, 0x9ac2, 0x9ac2, 0xa2e2, 0xa2e2, 0xab02, 0xa2c2, 0xa2c2, 0xab02, 0xaae2, 0xab03, 0xbb84, 0xc3c5, 0xbba5, 0xc427, 0xbbe6, 0xa2e3, 0xa2c2, 0xa2e2, 0xa2c2, 0xa2c2, 0xb364, 0xbb85, 0xb344, 0xbbe7, 0xc407, 0xd50d, 0xef19},
		{0xb324, 0xb2e3, 0xaac2, 0xa2a2, 0xa2a2, 0xa282, 0xa2a2, 0xa2a2, 0xa2a2, 0xa2a2, 0xa2a2, 0xa2c2, 0xb343, 0xdca8, 0xed4b, 0xe54c, 0xcc48, 0xb303, 0xa2a2, 0xa2a2, 0xaac3, 0xbb44, 0xcc26, 0xe5ab, 0xe60d, 0xdded, 0xeef2, 0xccea, 0xaae2, 0xa2c2, 0xa2c2, 0xaae2, 0xab02, 0xb302, 0xaac2, 0xaac2, 0xab23, 0xa2c2, 0xa2c2, 0xab02, 0xb344, 0xbb85, 0xb365, 0xdd6d, 0xe56b, 0xbba4, 0xaae2, 0xaae2, 0xaac1, 0xab02, 0xab02, 0xa2c1, 0xbb62, 0xcc44, 0xcc87, 0xb363, 0xab02, 0xb384, 0xb384, 0xa2c2, 0xa2c1, 0xa302, 0xbc05, 0xb3a4, 0xaae2, 0xab23, 0xc3e5, 0xd4a7, 0xdce8, 0xdd29, 0xd4a7, 0xb343, 0xab02, 0xb364, 0xab02, 0xaae2, 0xaae2, 0xb3e7, 0xc427, 0xab02, 0xa2a2, 0xa2a2, 0xa2c2, 0xb323, 0xab02, 0xa2a1, 0xab02, 0xb343, 0xa2c1, 0xaac1, 0xaac2, 0xaac2, 0xaac2, 0xaae2, 0xb343, 0xb364, 0xb343, 0xab03, 0xa2a2, 0xa2a2, 0xa2c2, 0x9ac2, 0x9aa2, 0x9ac2, 0xa2e2, 0xaae2, 0xa2c1, 0xa2a2, 0xa2a2, 0xa2e2, 0xa2e2, 0xab23, 0xb363, 0xbb64, 0xbbc6, 0xbba5, 0xab03, 0xa2c2, 0xa2c2, 0xa2a2, 0xa2a2, 0xa2c2, 0xb344, 0xbb85, 0xab23, 0xb323, 0xbbc6, 0xd56f},
		{0xaae3, 0xa2a2, 0xa2a2, 0xa2a2, 0x9a82, 0x9a82, 0x9a82, 0x9aa2, 0xa2a2, 0xa2a2, 0xa2a2, 0xa2c2, 0xb343, 0xcc06, 0xdcca, 0xdc48, 0xbb44, 0xaaa2, 0xa2a2, 0xa2a2, 0xaac2, 0xb303, 0xcc26, 0xe58c, 0xcca8, 0xc427, 0xccea, 0xb344, 0xa2a2, 0xb344, 0xc3e6, 0xb323, 0xb302, 0xb303, 0xaac2, 0xaac2, 0xb344, 0xb323, 0xa2a1, 0xa2c1, 0xaae2, 0xb344, 0xbbe7, 0xe58d, 0xcc46, 0xab02, 0xaac1, 0xa2a1, 0xa2a1, 0xaae2, 0xab02, 0xa2a1, 0xb322, 0xcc25, 0xc426, 0xb322, 0xaae2, 0xb323, 0xb343, 0xa2c2, 0xa2c1, 0xa302, 0xc446, 0xbbe5, 0xab03, 0xb364, 0xc406, 0xd406, 0xd426, 0xcc67, 0xc406, 0xb344, 0xb303, 0xaae2, 0xab02, 0xaae2, 0xa2c2, 0xb3e7, 0xc448, 0xab02, 0xa2a1, 0xa2a2, 0xa2c2, 0xa2c2, 0xa2c2, 0x9a81, 0x9a81, 0xa2a1, 0xa2c1, 0xa2a1, 0xa2a2, 0xa2a2, 0xaac2, 0xaac2, 0xaac2, 0xaac2, 0xaae2, 0xaac2, 0x9aa1, 0xa2a2, 0xa2c2, 0xa2a2, 0x9aa2, 0xa2c2, 0xa2c2, 0xa2c2, 0xa2a1, 0xa2a1, 0xa2e2, 0xa2e2, 0xa2c2, 0xa2c2, 0xab03, 0xb323, 0xb323, 0xb344, 0xab03, 0xa2c2, 0xa2c2, 0xa2a2, 0xa2a2, 0xa2a2, 0xa2e3, 0xab24, 0xab03, 0xab03, 0xb343, 0xbba5},
		{0xaac3, 0xa2a2, 0xa282, 0x9a82, 0x9a82, 0x9a82, 0x9a82, 0x9a82, 0x9a82, 0xa282, 0xa2a2, 0xaaa2, 0xaae2, 0xbbc7, 0xcc49, 0xc385, 0xb303, 0xa2a2, 0xa2a2, 0xaaa2, 0xaac2, 0xaac2, 0xb323, 0xc3c5, 0xb323, 0xaaa2, 0xaac2, 0xa2a1, 0xa2e2, 0xd4a9, 0xdd0a, 0xb344, 0xb2e3, 0xaae2, 0xa2a2, 0xaac2, 0xbb85, 0xb364, 0xa2a1, 0x9aa1, 0xa2a1, 0xa2c1, 0xbbe6, 0xd4a9, 0xb343, 0xaae2, 0xa2c1, 0xa2c1, 0xaae2, 0xaae2, 0xa2a1, 0xa2a1, 0xaac1, 0xbba4, 0xbba4, 0xaae2, 0xaac1, 0xaac1, 0xaac2, 0xa2a1, 0xa2c2, 0xa2e2, 0xb343, 0xb363, 0xaae2, 0xbb85, 0xc3c6, 0xbb64, 0xbb44, 0xbb64, 0xbb64, 0xc407, 0xbb85, 0xb303, 0xab03, 0xaae2, 0xa2c2, 0xb408, 0xbc28, 0xa2c2, 0x9a81, 0x9aa2, 0xa2a2, 0x9aa2, 0xa2a1, 0xa281, 0x9a81, 0x9aa1, 0xa2a1, 0x9aa1, 0x9a81, 0x9aa1, 0xab23, 0xb324, 0xa282, 0xa282, 0xa281, 0xa281, 0x9a81, 0x9aa2, 0xa2a2, 0xa2a2, 0xa2e3, 0xab24, 0xa2c2, 0xa2a2, 0xa2a2, 0xa2a2, 0xa2e2, 0xa2e2, 0xa2c2, 0xa2a2, 0xa2c2, 0xaae3, 0xa2e2, 0xa2e3, 0xa2c2, 0xa2c2, 0xaae2, 0xa2c2, 0xa2a2, 0xa2a2, 0xa2a2, 0xa2c2, 0xa2c3, 0xa2e3, 0xaae3, 0xab03},
		{0xaac2, 0xa2a2, 0x9a82, 0x9a82, 0x9a82, 0x9a82, 0x9a62, 0x9a62, 0xa2a2, 0xa2a2, 0xa282, 0xaaa2, 0xb324, 0xc428, 0xb385, 0xaae3, 0xa2a2, 0xa282, 0xa282, 0xaaa2, 0xaac2, 0xaae3, 0xb324, 0xa2c2, 0xa281, 0xa281, 0xa281, 0xa281, 0xab23, 0xd4a8, 0xc3e6, 0xaae2, 0xa2c2, 0xa2a2, 0xb344, 0xbb84, 0xaae2, 0xa2a1, 0x9aa1, 0x9a81, 0x9a81, 0xa2a1, 0xb343, 0xb343, 0xaae2, 0xaae2, 0xa2a1, 0xa2a1, 0xa2c1, 0xa2c1, 0xa2a1, 0xa2a1, 0xa2a1, 0xaae2, 0xab02, 0xa2c1, 0xaac1, 0xaae1, 0xaac1, 0x9aa1, 0xaae2, 0xaae2, 0xa2c2, 0xb363, 0xab03, 0xbba6, 0xbb85, 0xaac2, 0xb2e2, 0xb303, 0xc3e6, 0xdcaa, 0xbb85, 0xb323, 0xab03, 0xaae3, 0xa2c2, 0xb3c7, 0xb3c7, 0x9aa1, 0x9a81, 0x9a81, 0xa2a2, 0x9aa2, 0x9aa2, 0x9aa1, 0x9aa1, 0x9aa1, 0x9a81, 0x9a81, 0x9a81, 0x9a81, 0xb344, 0xb364, 0xa2a2, 0xa2c2, 0xa282, 0x9a82, 0x9a82, 0x9a81, 0x9aa2, 0xa2a2, 0xa2e3, 0xb344, 0xab24, 0xaae3, 0xaae2, 0xaac2, 0xaae2, 0xa2c2, 0xa2a2, 0xa2a2, 0xa2a2, 0xa2a2, 0xa2a2, 0xa2a2, 0xa2a2, 0xa2c2, 0xab23, 0xab23, 0x9aa1, 0x9aa2, 0x9aa2, 0xa2a2, 0xa2c2, 0xa2c2, 0xa2c2, 0xa2c2},
};


#endif  
	 
	 



